id,idem_vaca,fecha,_4_cuartos
1,0128,2023-09-15 00:00:00,4/4
2,0132,2023-09-15 00:00:00,4/4
3,0138,2023-09-15 00:00:00,4/4
4,0500,2023-09-15 00:00:00,4/4
5,0740,2023-09-15 00:00:00,4/4
6,1015,2023-09-15 00:00:00,4/4
7,1066A,2023-09-15 00:00:00,4/4
8,1091A,2023-09-15 00:00:00,4/4
9,1095A,2023-09-15 00:00:00,4/4
10,1109A,2023-09-15 00:00:00,4/4
11,1112A,2023-09-15 00:00:00,4/4
12,1139A,2023-09-15 00:00:00,4/4
13,2021,2023-09-15 00:00:00,4/4
14,2025A,2023-09-15 00:00:00,4/4
15,2028A,2023-09-15 00:00:00,4/4
16,2047,2023-09-15 00:00:00,-1/4
17,2050,2023-09-15 00:00:00,4/4
18,2062,2023-09-15 00:00:00,4/4
19,2063A,2023-09-15 00:00:00,4/4
20,2072,2023-09-15 00:00:00,-1/4
21,2073,2023-09-15 00:00:00,4/4
22,2079,2023-09-15 00:00:00,4/4
23,2083,2023-09-15 00:00:00,4/4
24,2090A,2023-09-15 00:00:00,4/4
25,2094A,2023-09-15 00:00:00,4/4
26,2096,2023-09-15 00:00:00,-1/4
27,2124A,2023-09-15 00:00:00,4/4
28,2130,2023-09-15 00:00:00,4/4
29,2133A,2023-09-15 00:00:00,4/4
30,2143,2023-09-15 00:00:00,4/4
31,2148A,2023-09-15 00:00:00,4/4
32,2149A,2023-09-15 00:00:00,4/4
33,2150,2023-09-15 00:00:00,4/4
34,2169,2023-09-15 00:00:00,4/4
35,2171,2023-09-15 00:00:00,-1/4
36,2177A,2023-09-15 00:00:00,-1/4
37,2180A,2023-09-15 00:00:00,4/4
38,2196A,2023-09-15 00:00:00,4/4
39,2208A,2023-09-15 00:00:00,4/4
40,2209A,2023-09-15 00:00:00,4/4
41,2219,2023-09-15 00:00:00,4/4
42,2220,2023-09-15 00:00:00,-3/4
43,2226,2023-09-15 00:00:00,-1/4
44,2234,2023-09-15 00:00:00,4/4
45,2337,2023-09-15 00:00:00,4/4
46,3003A,2023-09-15 00:00:00,4/4
47,3021A,2023-09-15 00:00:00,4/4
48,3024A,2023-09-15 00:00:00,4/4
49,3026A,2023-09-15 00:00:00,4/4
50,3043,2023-09-15 00:00:00,4/4
51,3066A,2023-09-15 00:00:00,4/4
52,3066B,2023-09-15 00:00:00,4/4
53,3107,2023-09-15 00:00:00,4/4
54,31102,2023-09-15 00:00:00,4/4
55,3119,2023-09-15 00:00:00,-3/4
56,3132,2023-09-15 00:00:00,4/4
57,3750,2023-09-15 00:00:00,-1/4
58,4007,2023-09-15 00:00:00,-2/4
59,4018,2023-09-15 00:00:00,4/4
60,4035,2023-09-15 00:00:00,4/4
61,4047,2023-09-15 00:00:00,4/4
62,4055,2023-09-15 00:00:00,4/4
63,4065,2023-09-15 00:00:00,-1/4
64,4079,2023-09-15 00:00:00,-1/4
65,4087,2023-09-15 00:00:00,-1/4
66,4095,2023-09-15 00:00:00,4/4
67,4101,2023-09-15 00:00:00,4/4
68,4143,2023-09-15 00:00:00,-1/4
69,4147,2023-09-15 00:00:00,4/4
70,4151,2023-09-15 00:00:00,-1/4
71,4050,2023-09-15 00:00:00,-2/4
72,4A,2023-09-15 00:00:00,4/4
73,5010,2023-09-15 00:00:00,4/4
74,5033,2023-09-15 00:00:00,4/4
75,5052,2023-09-15 00:00:00,4/4
76,5070,2023-09-15 00:00:00,-4/4
77,50741,2023-09-15 00:00:00,4/4
78,5077,2023-09-15 00:00:00,4/4
79,5090,2023-09-15 00:00:00,-1/4
80,5144,2023-09-15 00:00:00,4/4
81,5679,2023-09-15 00:00:00,4/4
82,6011,2023-09-15 00:00:00,4/4
83,6021,2023-09-15 00:00:00,4/4
84,60286,2023-09-15 00:00:00,4/4
85,6035,2023-09-15 00:00:00,4/4
86,6067,2023-09-15 00:00:00,4/4
87,6043,2023-09-15 00:00:00,4/4
88,7012,2023-09-15 00:00:00,4/4
89,7017,2023-09-15 00:00:00,4/4
90,7028,2023-09-15 00:00:00,4/4
91,7059,2023-09-15 00:00:00,4/4
92,7067,2023-09-15 00:00:00,4/4
93,7074,2023-09-15 00:00:00,4/4
94,7077,2023-09-15 00:00:00,4/4
95,7080,2023-09-15 00:00:00,-2/4
96,7083,2023-09-15 00:00:00,4/4
97,7087,2023-09-15 00:00:00,-2/4
98,8014,2023-09-15 00:00:00,-1/4
99,8017,2023-09-15 00:00:00,4/4
100,80272,2023-09-15 00:00:00,4/4
101,8028,2023-09-15 00:00:00,4/4
102,8030,2023-09-15 00:00:00,4/4
103,8036,2023-09-15 00:00:00,-1/4
104,8063,2023-09-15 00:00:00,4/4
105,8079,2023-09-15 00:00:00,4/4
106,80882,2023-09-15 00:00:00,4/4
107,809,2023-09-15 00:00:00,4/4
108,8094,2023-09-15 00:00:00,4/4
109,8096,2023-09-15 00:00:00,4/4
110,9007,2023-09-15 00:00:00,4/4
111,9238,2023-09-15 00:00:00,4/4
112,9389,2023-09-15 00:00:00,4/4
113,9605,2023-09-15 00:00:00,4/4
114,9904,2023-09-15 00:00:00,4/4
115,EMB 4,2023-09-15 00:00:00,-2/4
116,SNA,2023-09-15 00:00:00,4/4
117,S/NB,2023-09-15 00:00:00,4/4
118,1128,2023-09-16 00:00:00,4/4
119,1168,2023-09-16 00:00:00,4/4
120,3028A,2023-09-16 00:00:00,4/4
121,4008,2023-09-16 00:00:00,4/4
122,5076,2023-09-16 00:00:00,4/4
123,5079,2023-09-16 00:00:00,4/4
124,6010,2023-09-16 00:00:00,4/4
125,7,2023-09-16 00:00:00,4/4
126,7007,2023-09-16 00:00:00,4/4
127,7033,2023-09-16 00:00:00,4/4
128,7076,2023-09-16 00:00:00,4/4
129,8019,2023-09-16 00:00:00,4/4
130,8033,2023-09-16 00:00:00,4/4
131,8043,2023-09-16 00:00:00,4/4
132,8045,2023-09-16 00:00:00,4/4
133,8046,2023-09-16 00:00:00,4/4
134,8048,2023-09-16 00:00:00,4/4
135,8050,2023-09-16 00:00:00,4/4
136,8077,2023-09-16 00:00:00,4/4
137,8086,2023-09-16 00:00:00,4/4
138,8087,2023-09-16 00:00:00,4/4
139,9051,2023-09-16 00:00:00,4/4
140,9071,2023-09-16 00:00:00,4/4
141,EMB 5,2023-09-16 00:00:00,4/4
142,2047,2023-09-16 00:00:00,-1/4
143,4018,2023-09-16 00:00:00,-1/4
144,7087,2023-09-16 00:00:00,-1/4
145,80472,2023-09-16 00:00:00,-1/4
146,S/NH,2023-09-29 00:00:00,4/4
147,8024,2023-09-29 00:00:00,4/4
148,8067,2023-09-29 00:00:00,4/4
149,8098,2023-09-29 00:00:00,4/4
150,9040,2023-09-29 00:00:00,4/4
151,2093A,2023-10-21 00:00:00,4/4
152,40072,2023-10-21 00:00:00,4/4
153,3084,2023-10-21 00:00:00,-1/4
154,3044A,2023-10-21 00:00:00,4/4
155,4043,2023-10-21 00:00:00,4/4
156,5146,2023-10-21 00:00:00,4/4
157,9,2023-11-18 00:00:00,4/4
158,9020,2023-11-18 00:00:00,4/4
159,2,2023-11-18 00:00:00,4/4
160,0018,2023-11-18 00:00:00,4/4
161,4057,2023-11-18 00:00:00,4/4
162,4072,2023-11-18 00:00:00,4/4
163,4075,2023-11-18 00:00:00,4/4
164,7066,2023-11-18 00:00:00,4/4
165,9014,2023-12-01 00:00:00,4/4
166,SNA,2023-12-01 00:00:00,4/4
167,20337,2023-12-01 00:00:00,4/4
168,9014,2023-12-05 00:00:00,4/4
169,SNA,2023-12-05 00:00:00,4/4
170,20337,2023-12-05 00:00:00,4/4
171,5013,2023-12-02 00:00:00,4/4
172,1015,2023-12-02 00:00:00,4/4
173,0338,2023-12-16 00:00:00,4/4
174,4025,2023-12-16 00:00:00,4/4
175,1078A,2023-12-16 00:00:00,4/4
176,5072,2023-12-16 00:00:00,4/4
177,0204,2023-12-16 00:00:00,4/4
178,0272,2023-12-16 00:00:00,4/4
179,8076,2023-12-16 00:00:00,4/4
180,91262,2023-12-16 00:00:00,4/4
181,9128B,2023-12-16 00:00:00,4/4
182,7032,2024-01-06 00:00:00,-1/4
183,7038,2024-01-06 00:00:00,4/4
184,9058,2024-01-06 00:00:00,4/4
185,1310,2024-01-06 00:00:00,4/4
186,8062,2024-01-06 00:00:00,4/4
187,9125,2024-01-06 00:00:00,4/4
188,7022,2024-01-06 00:00:00,4/4
189,0229,2024-01-06 00:00:00,4/4
190,8061,2024-01-06 00:00:00,4/4
191,9099,2024-01-06 00:00:00,4/4
192,9113,2024-01-06 00:00:00,4/4
193,91171,2024-01-06 00:00:00,4/4
194,6043,2024-01-22 00:00:00,-1/4
195,9104,2024-01-22 00:00:00,4/4
196,4048,2024-01-22 00:00:00,-1/4
197,0202,2024-01-22 00:00:00,4/4
198,0298,2024-01-22 00:00:00,4/4
199,0332,2024-01-22 00:00:00,4/4
200,5030,2024-01-22 00:00:00,4/4
201,8003,2024-01-22 00:00:00,4/4
202,9116,2024-01-22 00:00:00,4/4
203,91242,2024-01-22 00:00:00,4/4
204,EMB 2,2024-01-22 00:00:00,-1/4
205,5150,2024-02-17 00:00:00,4/4
206,91172,2024-02-17 00:00:00,4/4
207,5007,2024-02-17 00:00:00,4/4
208,32,2024-02-17 00:00:00,4/4
209,9036,2024-03-02 00:00:00,4/4
210,9116b,2024-03-02 00:00:00,4/4
211,0343,2024-03-02 00:00:00,4/4
212,20334,2024-03-02 00:00:00,-1/4
213,0323,2024-03-02 00:00:00,4/4
214,0201,2024-03-02 00:00:00,4/4
215,2037,2024-03-02 00:00:00,4/4
216,0111,2024-03-02 00:00:00,4/4
217,0220,2024-03-02 00:00:00,4/4
218,0226,2024-03-02 00:00:00,4/4
219,0249,2024-03-02 00:00:00,4/4
220,0259,2024-03-02 00:00:00,4/4
221,0278,2024-03-02 00:00:00,4/4
222,0322,2024-03-02 00:00:00,4/4
223,0329,2024-03-02 00:00:00,4/4
224,5060,2024-03-02 00:00:00,4/4
225,8037,2024-03-02 00:00:00,4/4
226,9073,2024-03-02 00:00:00,4/4
227,0206A,2024-03-30 00:00:00,4/4
228,6067,2024-03-30 00:00:00,-1/4
229,19,2024-03-30 00:00:00,4/4
230,34,2024-03-30 00:00:00,4/4
231,0231A,2024-03-30 00:00:00,4/4
232,7061,2024-03-30 00:00:00,4/4
233,0333,2024-03-30 00:00:00,4/4
234,0114,2024-03-30 00:00:00,4/4
235,0206B,2024-03-30 00:00:00,4/4
236,1004,2024-03-30 00:00:00,4/4
237,9076,2024-04-16 00:00:00,4/4
238,9042,2024-04-16 00:00:00,4/4
239,30212,2024-04-16 00:00:00,4/4
240,9006,2024-04-16 00:00:00,4/4
241,9053,2024-04-16 00:00:00,-1/4
242,9091,2024-04-16 00:00:00,4/4
243,0298A,2024-06-03 00:00:00,4/4
244,9103,2024-06-03 00:00:00,4/4
245,2080,2024-06-03 00:00:00,4/4
246,9037,2024-06-03 00:00:00,4/4
247,3027A,2024-06-03 00:00:00,-2/4
248,0233,2024-06-03 00:00:00,4/4
249,0241,2024-06-03 00:00:00,4/4
250,0284,2024-06-03 00:00:00,4/4
251,80121,2024-06-03 00:00:00,4/4
252,0336,2024-06-03 00:00:00,4/4
253,8006,2024-06-03 00:00:00,4/4
254,9015,2024-06-03 00:00:00,4/4
255,8054,2024-06-03 00:00:00,4/4
256,BU062,2024-11-01 00:00:00,-1/4
257,2040,,4/4
258,0353,,4/4
259,6070,,4/4
260,9024,,4/4
261,0270,,4/4
262,0205,,4/4
263,2039,,4/4
264,0330A,,4/4
265,1017A,,4/4
266,0101,,4/4
267,0342,,4/4
268,8072,,4/4
269,1088A,,4/4
270,1079,,4/4
271,0299C,,4/4
272,0267,,4/4
273,1023,,4/4
274,35,,4/4
275,0274,,4/4
276,0344,,4/4
277,1066,,4/4
278,2066,,4/4
279,8005,,-2/4
280,8082,,4/4
281,8089,,4/4
282,9100,,4/4
283,BU004,,-1/4
