id,idem_vaca,arete,fecha
1,0205,0205,2024-02-01 00:00:00
2,0299C,C0299,2024-02-01 00:00:00
3,0348,0348,2024-02-01 00:00:00
4,1066,1066,2024-02-01 00:00:00
5,1075,1075,2024-02-01 00:00:00
6,1088A,A1088,2024-02-01 00:00:00
7,1096,1096,2024-02-01 00:00:00
8,2023,2023,2024-02-01 00:00:00
9,2039,2039,2024-02-01 00:00:00
10,2042,2042,2024-02-01 00:00:00
11,2052,2052,2024-02-01 00:00:00
12,2103,2103,2024-02-01 00:00:00
13,2109,2109,2024-02-01 00:00:00
14,2111,2111,2024-02-01 00:00:00
15,2146,2146,2024-02-01 00:00:00
16,2200,2200,2024-02-01 00:00:00
17,2201,2201,2024-02-01 00:00:00
18,2203,2203,2024-02-01 00:00:00
19,22149,22149,2024-02-01 00:00:00
20,2702,2702,2024-02-01 00:00:00
21,6017,6017,2024-02-01 00:00:00
22,8015,8015,2024-02-01 00:00:00
23,8032,8032,2024-02-01 00:00:00
24,8073,8073,2024-02-01 00:00:00
25,8082,8082,2024-02-01 00:00:00
26,9064,9064,2024-02-01 00:00:00
27,9095,9095,2024-02-01 00:00:00
28,05,05,2024-01-23 00:00:00
29,1128,1128,2024-01-23 00:00:00
30,2025A,A2025,2024-01-23 00:00:00
31,20339,20339,2024-01-23 00:00:00
32,2040,2040,2024-01-23 00:00:00
33,2051,2051,2024-01-23 00:00:00
34,2093A,A2093,2024-01-23 00:00:00
35,21027,21027,2024-01-23 00:00:00
36,2337,2337,2024-01-23 00:00:00
37,3015,3015,2024-01-23 00:00:00
38,3093,3093,2024-01-23 00:00:00
39,3227,3227,2024-01-23 00:00:00
40,4008,4008,2024-01-23 00:00:00
41,4041,4041,2024-01-23 00:00:00
42,406,406,2024-01-23 00:00:00
43,4065,4065,2024-01-23 00:00:00
44,4109,4109,2024-01-23 00:00:00
45,4143,4143,2024-01-23 00:00:00
46,4147,4147,2024-01-23 00:00:00
47,5082,5082,2024-01-23 00:00:00
48,5529,5529,2024-01-23 00:00:00
49,60286,60286,2024-01-23 00:00:00
50,8016,8016,2024-01-23 00:00:00
51,8072,8072,2024-01-23 00:00:00
52,80921,80921,2024-01-23 00:00:00
53,89,89,2024-01-23 00:00:00
54,9018B,B9018,2024-01-23 00:00:00
55,EMB 3,EMB 3,2024-01-23 00:00:00
56,EMB 4,EMB 4,2024-01-23 00:00:00
57,EMB 5,EMB 5,2024-01-23 00:00:00
58,S/NB,mariu,2024-01-23 00:00:00
59,S/NC,lebron,2024-01-23 00:00:00
60,S/NH,brasilera,2024-01-23 00:00:00
61,BU66,BU66,2024-01-24 00:00:00
62,BU67,BU67,2024-01-24 00:00:00
63,BU68,BU68,2024-01-24 00:00:00
64,BU69,BU69,2024-01-24 00:00:00
65,BU70,BU70,2024-01-24 00:00:00
66,BU71,BU71,2024-01-24 00:00:00
67,BU72,BU72,2024-01-24 00:00:00
68,BU75,BU75,2024-01-24 00:00:00
69,BU76,BU76,2024-01-24 00:00:00
70,BU78,BU78,2024-01-24 00:00:00
71,BU79,BU79,2024-01-24 00:00:00
72,BU80,BU80,2024-01-24 00:00:00
73,BU81,BU81,2024-01-24 00:00:00
74,BU82,BU82,2024-01-24 00:00:00
75,BU83,BU83,2024-01-24 00:00:00
76,BU84,BU84,2024-01-24 00:00:00
77,BU85,BU85,2024-01-24 00:00:00
78,BU86,BU86,2024-01-24 00:00:00
79,BU87,BU87,2024-01-24 00:00:00
80,BU88,BU88,2024-01-24 00:00:00
81,BU89,BU89,2024-01-24 00:00:00
82,BU90,BU90,2024-01-24 00:00:00
83,BU92,BU92,2024-01-24 00:00:00
84,BU93,BU93,2024-01-24 00:00:00
85,BU94,BU94,2024-01-24 00:00:00
87,MSN1,MSN1,2024-04-17 00:00:00
88,MSN12,MSN12,2024-04-17 00:00:00
89,MSN16,MSN16,2024-04-17 00:00:00
90,MSN17,MSN17,2024-04-17 00:00:00
91,MSN4,MSN4,2024-04-17 00:00:00
92,MSN8,MSN8,2024-04-17 00:00:00
93,BU48,BU48,2024-04-24 00:00:00
94,BU20,BU20,2024-01-24 00:00:00
95,SN50,SN50,2024-05-14 00:00:00
96,MSN9,MSN9,2024-05-16 00:00:00
97,30,30,2024-05-15 00:00:00
98,5679,5679,2024-05-15 00:00:00
99,7049,7049,2024-05-15 00:00:00
100,8032,8032,2024-05-15 00:00:00
101,8087,8087,2024-05-15 00:00:00
102,EMB 1,EMB 1,2024-05-15 00:00:00
103,SNA,SNA,2024-05-17 00:00:00
104,8338,8338,2024-04-04 00:00:00
105,1007,1007,2024-04-03 00:00:00
106,BU001,001,2024-06-01 00:00:00
107,BU002,002,2024-06-01 00:00:00
108,BU004,004,2024-06-01 00:00:00
109,BU006,006,2024-06-01 00:00:00
110,BU007,007,2024-06-01 00:00:00
111,BU008,008,2024-06-01 00:00:00
112,BU009,009,2024-06-01 00:00:00
113,BU010,010,2024-06-01 00:00:00
114,BU011,011,2024-06-01 00:00:00
115,BU01251,01251,2024-06-01 00:00:00
116,BU014,BU014,2024-06-01 00:00:00
117,BU015,BU015,2024-06-01 00:00:00
118,BU019,BU019,2024-06-01 00:00:00
119,BU035,BU035,2024-06-01 00:00:00
120,BU036,BU036,2024-06-01 00:00:00
121,BU048,BU072,2024-06-01 00:00:00
122,BU052,BU052,2024-06-01 00:00:00
123,BU053,BU053,2024-06-01 00:00:00
124,BU057,BU057,2024-06-01 00:00:00
125,BU062,BU062,2024-06-01 00:00:00
126,BU069,BU069,2024-06-01 00:00:00
127,BU076,BU076,2024-06-01 00:00:00
128,BU078,BU078,2024-06-01 00:00:00
129,BU082,BU082,2024-06-01 00:00:00
130,BU086,BU086,2024-06-01 00:00:00
131,BU088,BU088,2024-06-01 00:00:00
132,BU089,BU089,2024-06-01 00:00:00
133,BU091,BU091,2024-06-01 00:00:00
134,BU092,BU092,2024-06-01 00:00:00
135,BU097,BU097,2024-06-01 00:00:00
136,BU099,BU099,2024-06-01 00:00:00
137,BU106,BU106,2024-06-01 00:00:00
138,BU301,BU301,2024-06-01 00:00:00
139,BU302,BU302,2024-06-01 00:00:00
140,BU303,BU303,2024-06-01 00:00:00
141,BU304,BU304,2024-06-01 00:00:00
142,BU306,BU306,2024-06-01 00:00:00
143,BU307,BU307,2024-06-01 00:00:00
144,BU308,BU308,2024-06-01 00:00:00
145,BU309,BU309,2024-06-01 00:00:00
146,BU310,BU310,2024-06-01 00:00:00
147,BU311,BU311,2024-06-01 00:00:00
148,BU312,BU312,2024-06-01 00:00:00
149,BU316,BU316,2024-06-01 00:00:00
150,BU318,BU318,2024-06-01 00:00:00
151,BU320,BU320,2024-06-01 00:00:00
152,BU324,BU324,2024-06-01 00:00:00
153,BU329,BU329,2024-06-01 00:00:00
154,BU330,BU330,2024-06-01 00:00:00
155,BU331,BU331,2024-06-01 00:00:00
156,BU332,BU332,2024-06-01 00:00:00
157,BU333,BU333,2024-06-01 00:00:00
158,BU334,BU334,2024-06-01 00:00:00
159,BU335,BU335,2024-06-01 00:00:00
160,BU336,BU336,2024-06-01 00:00:00
161,BU337,BU337,2024-06-01 00:00:00
162,BU338,BU338,2024-06-01 00:00:00
163,BU339,BU339,2024-06-01 00:00:00
164,BU340,BU340,2024-06-01 00:00:00
165,BU341,BU341,2024-06-01 00:00:00
166,BU342,BU342,2024-06-01 00:00:00
167,BU343,BU343,2024-06-01 00:00:00
168,BU344,BU344,2024-06-01 00:00:00
169,BU345,BU345,2024-06-01 00:00:00
170,BU346,BU346,2024-06-01 00:00:00
171,BU347,BU347,2024-06-01 00:00:00
172,BU348,BU348,2024-06-01 00:00:00
173,BU349,BU349,2024-06-01 00:00:00
174,BU350,BU350,2024-06-01 00:00:00
175,BU351,BU351,2024-06-01 00:00:00
176,BU66,BU66,2024-06-01 00:00:00
177,BU67,BU67,2024-06-01 00:00:00
178,BU68,BU68,2024-06-01 00:00:00
179,BU69,BU69,2024-06-01 00:00:00
180,BU70,BU70,2024-06-01 00:00:00
181,BU71,BU71,2024-06-01 00:00:00
182,BU72,BU72,2024-06-01 00:00:00
183,BU75,BU75,2024-06-01 00:00:00
184,BU76,BU76,2024-06-01 00:00:00
185,BU78,BU78,2024-06-01 00:00:00
186,BU79,BU79,2024-06-01 00:00:00
187,BU80,BU80,2024-06-01 00:00:00
188,BU81,BU81,2024-06-01 00:00:00
189,BU82,BU82,2024-06-01 00:00:00
190,BU83,BU83,2024-06-01 00:00:00
191,BU84,BU84,2024-06-01 00:00:00
192,BU85,BU85,2024-06-01 00:00:00
193,BU86,BU86,2024-06-01 00:00:00
194,BU87,BU87,2024-06-01 00:00:00
195,BU88,BU88,2024-06-01 00:00:00
196,BU89,BU89,2024-06-01 00:00:00
197,BU92,BU92,2024-06-01 00:00:00
198,BU93,BU93,2024-06-01 00:00:00
199,BU94,BU94,2024-06-01 00:00:00
200,BU314,BU314,2024-06-01 00:00:00
201,BU315,BU315,2024-06-01 00:00:00
202,BU085,BU085,2024-06-01 00:00:00
203,BU087,BU087,2024-06-01 00:00:00
204,BU056,BU056,2024-06-01 00:00:00
205,BU090,BU090,2024-06-01 00:00:00
206,BU317,BU317,2024-06-01 00:00:00
207,BU319,BU319,2024-06-01 00:00:00
208,BU321,BU321,2024-06-01 00:00:00
209,BU071,BU071,2024-06-01 00:00:00
210,BU322,BU322,2024-06-01 00:00:00
211,BU323,BU323,2024-06-01 00:00:00
212,BU325,BU325,2024-06-01 00:00:00
213,BU073,BU073,2024-06-01 00:00:00
214,BU326,BU326,2024-06-01 00:00:00
215,BU095,BU095,2024-06-01 00:00:00
216,BU327,BU327,2024-06-01 00:00:00
217,BU328,BU328,2024-06-01 00:00:00
218,BU313,BU313,2024-06-01 00:00:00
219,BU305,BU305,2024-06-01 00:00:00
220,BU3,BU3,2024-06-01 00:00:00
221,BU084,BU084,2024-06-01 00:00:00
222,9192,9192,2024-05-22 00:00:00
223,8078,8078,2024-07-24 00:00:00
224,02331,02331,2024-07-24 00:00:00
225,2,2,2024-07-31 00:00:00
226,0206A,0206A,2024-09-19 00:00:00
227,0206B,0206B,2024-09-19 00:00:00
228,0208A,0208A,2024-09-19 00:00:00
229,0299A,0299A,2024-09-19 00:00:00
230,1015A,1015A,2024-09-19 00:00:00
231,1052A,1052A,2024-09-19 00:00:00
232,1056A,1056A,2024-09-19 00:00:00
233,1077A,1077A,2024-09-19 00:00:00
234,1090A,1090A,2024-09-19 00:00:00
235,1104A,1104A,2024-09-19 00:00:00
236,1109B,1109B,2024-09-19 00:00:00
237,1139A,1139A,2024-09-19 00:00:00
238,12164,12164,2024-09-19 00:00:00
239,2035A,2035A,2024-09-19 00:00:00
240,3027A,3027A,2024-09-19 00:00:00
241,4A,4A,2024-09-19 00:00:00
242,9116B,9116B,2024-09-19 00:00:00
243,9128B,9128B,2024-09-19 00:00:00
244,EMB 2,EMB 2,2024-09-19 00:00:00
245,0118A,0118A,2024-09-25 00:00:00
246,0216A,0216A,2024-09-25 00:00:00
247,0221A,0221A,2024-09-25 00:00:00
248,0223B,0223B,2024-09-25 00:00:00
249,1046A,1046A,2024-09-25 00:00:00
250,1080A,1080A,2024-09-25 00:00:00
251,1095B,1095B,2024-09-25 00:00:00
252,1096B,1096B,2024-09-25 00:00:00
253,1098A,1098A,2024-09-25 00:00:00
254,1106A,1106A,2024-09-25 00:00:00
255,1161A,1161A,2024-09-25 00:00:00
256,9136A,9136A,2024-09-25 00:00:00
257,0270,0270,2024-09-26 00:00:00
258,1017A,1017A,2024-09-26 00:00:00
259,1109A,1109A,2024-09-26 00:00:00
260,2208A,2208A,2024-09-26 00:00:00
261,3021A,3021A,2024-09-26 00:00:00
262,3028A,3028A,2024-09-26 00:00:00
263,9110A,9110A,2024-09-26 00:00:00
264,20337,20337,2024-04-24 00:00:00
265,1091A,1091A,2024-10-01 00:00:00
266,1095A,1095A,2024-10-01 00:00:00
267,2090A,2090A,2024-10-01 00:00:00
268,2094A,2094A,2024-10-01 00:00:00
269,2148A,2148A,2024-10-01 00:00:00
270,2149A,2149A,2024-10-01 00:00:00
271,2196A,2196A,2024-10-01 00:00:00
272,3003A,3003A,2024-10-01 00:00:00
273,3026A,3026A,2024-10-01 00:00:00
274,3066B,3066B,2024-10-01 00:00:00
275,9126A,9126A,2024-10-01 00:00:00
276,1066,1066,2024-10-02 00:00:00
277,2058,2058,2024-11-11 00:00:00
278,1077,1077,2024-11-11 00:00:00
279,0270,0270,2024-11-14 00:00:00
280,0299A,0299A,2024-11-14 00:00:00
281,0350,0350,2024-11-14 00:00:00
282,0740,0740,2024-11-14 00:00:00
283,2103,2103,2024-11-14 00:00:00
284,40072,40072,2024-11-14 00:00:00
285,0258,0258,2024-11-20 00:00:00
286,3178,3178,2024-11-20 00:00:00
287,9016,9016,2024-11-20 00:00:00
288,2143A,2143,2024-05-22 00:00:00
289,23067,23067,2024-11-28 00:00:00
290,9109B,9109B,2024-11-28 00:00:00
291,0274,0274,2024-09-19 00:00:00
293,BU036,BU30,2024-12-19 00:00:00
294,BU308,ralla,2024-12-19 00:00:00
295,BU313,triangulo,2024-12-19 00:00:00
296,BU353,BU353,2024-12-19 00:00:00
297,BU354,BU354,2024-12-19 00:00:00
298,BU355,BU355,2024-12-19 00:00:00
299,BU356,BU356,2024-12-19 00:00:00
300,BU357,BU357,2024-12-19 00:00:00
301,BU358,BU358,2024-12-19 00:00:00
302,BU359,BU359,2024-12-19 00:00:00
303,BU360,BU360,2024-12-19 00:00:00
304,BU361,BU361,2024-12-19 00:00:00
305,BU362,BU362,2024-12-19 00:00:00
306,BU363,BU363,2024-12-19 00:00:00
307,BU365,BU365,2024-12-19 00:00:00
308,BU366,BU366,2024-12-19 00:00:00
309,BU367,BU367,2024-12-19 00:00:00
310,BU368,BU368,2024-12-19 00:00:00
311,BU369,BU369,2024-12-19 00:00:00
312,BU370,BU370,2024-12-19 00:00:00
313,BU371,BU371,2024-12-19 00:00:00
314,BU372,BU372,2024-12-19 00:00:00
315,BU373,BU373,2024-12-19 00:00:00
316,BU374,BU374,2024-12-19 00:00:00
317,BU375,BU375,2024-12-19 00:00:00
318,BU376,BU376,2024-12-19 00:00:00
319,BU377,BU377,2024-12-19 00:00:00
320,BU378,BU378,2024-12-19 00:00:00
321,BU379,BU379,2024-12-19 00:00:00
323,1018,1018,2025-01-21 00:00:00
324,BU20,BU020,2025-04-02 00:00:00
325,BU308,BU308,2025-04-05 00:00:00
326,BU313,BU313,2025-04-05 00:00:00
327,BU66,BU66,2025-04-03 00:00:00
328,BU72,BU72,2025-04-03 00:00:00
329,BU75,BU75,2025-04-03 00:00:00
330,BU82,BU82,2025-04-03 00:00:00
331,BU83,BU83,2025-04-03 00:00:00
332,BU84,BU84,2025-04-03 00:00:00
333,BU67,BU67,2025-06-03 00:00:00
334,BU69,BU69,2025-06-03 00:00:00
335,BU76,BU76,2025-06-03 00:00:00
336,BU79,BU79,2025-06-03 00:00:00
337,BU84,BU84,2025-06-03 00:00:00
338,BU92,BU92,2025-06-03 00:00:00
339,22192,en blanco,2025-08-01 00:00:00
340,22205,en blanco,2025-08-01 00:00:00
341,23019,en blanco,2025-08-01 00:00:00
342,23028,en blanco,2025-08-01 00:00:00
343,23058,en blanco,2025-08-01 00:00:00
344,23063,en blanco,2025-08-01 00:00:00
345,23078,en blanco,2025-08-01 00:00:00
346,23084,en blanco,2025-08-01 00:00:00
347,23085,en blanco,2025-08-01 00:00:00
348,23088,en blanco,2025-08-01 00:00:00
349,23090,en blanco,2025-08-01 00:00:00
350,23095,en blanco,2025-08-01 00:00:00
351,23096,en blanco,2025-08-01 00:00:00
352,23100,en blanco,2025-08-01 00:00:00
353,23102,en blanco,2025-08-01 00:00:00
354,23085,blanco,2025-12-04 00:00:00
355,23116,blanco,2025-12-04 00:00:00
356,BU006,BU006,2025-12-05 00:00:00
357,BU035,BU035,2025-12-05 00:00:00
358,BU2502,BU2502,2025-12-05 00:00:00
359,BU2504,BU2504,2025-12-05 00:00:00
360,BU2505,BU2505,2025-12-05 00:00:00
361,BU2506,BU2506,2025-12-05 00:00:00
362,BU2507,BU2507,2025-12-05 00:00:00
363,BU2509,BU2509,2025-12-05 00:00:00
364,BU2510,BU2510,2025-12-05 00:00:00
365,BU2511,BU2511,2025-12-05 00:00:00
366,BU2512,BU2512,2025-12-05 00:00:00
367,BU2513,BU2513,2025-12-05 00:00:00
368,BU2514,BU2514,2025-12-05 00:00:00
369,BU2515,BU2515,2025-12-05 00:00:00
370,BU2517,BU2517,2025-12-05 00:00:00
371,BU2518,BU2518,2025-12-05 00:00:00
372,BU2519,BU2519,2025-12-05 00:00:00
373,BU2520,BU2520,2025-12-05 00:00:00
374,BU2522,BU2522,2025-12-05 00:00:00
375,BU2523,BU2523,2025-12-05 00:00:00
376,BU2524,BU2524,2025-12-05 00:00:00
377,BU2525,BU2525,2025-12-05 00:00:00
378,BU2526,BU2526,2025-12-05 00:00:00
379,BU2528,BU2528,2025-12-05 00:00:00
380,BU2529,BU2529,2025-12-05 00:00:00
381,BU2530,BU2530,2025-12-05 00:00:00
382,BU2531,BU2531,2025-12-05 00:00:00
383,BU2532,BU2532,2025-12-05 00:00:00
384,BU349,BU349,2025-12-05 00:00:00
385,BU2508,BU2508,2025-12-05 00:00:00
386,BU2516,BU2516,2025-12-05 00:00:00
387,23063,BLANCO,2026-08-13 00:00:00
388,23120,BLANCO,2026-08-13 00:00:00
389,24029,BLANCO,2026-08-13 00:00:00
