nro_animal,fecha,clasificación
2196A,2024-10-23 00:00:00,Leche
6043,2024-10-23 00:00:00,Leche
2171,2024-10-23 00:00:00,Leche
3021A,2024-10-23 00:00:00,Leche
2021,2024-10-23 00:00:00,Leche
60286,2024-10-23 00:00:00,Leche
3003A,2024-10-23 00:00:00,Leche
2226,2024-10-23 00:00:00,Leche
7028,2024-10-23 00:00:00,Leche
2133A,2024-10-23 00:00:00,Leche
2124A,2024-10-23 00:00:00,Leche
31102,2024-10-23 00:00:00,Leche
SNA,2024-10-23 00:00:00,Leche
2208A,2024-10-23 00:00:00,Leche
9389,2024-10-23 00:00:00,Leche
6035,2024-10-23 00:00:00,Leche
2148A,2024-10-23 00:00:00,Leche
3107,2024-10-23 00:00:00,Leche
0740,2024-10-23 00:00:00,Leche
2083,2024-10-23 00:00:00,Leche
3026A,2024-10-23 00:00:00,Leche
2234,2024-10-23 00:00:00,Leche
4007,2024-10-23 00:00:00,leche y carne
2050,2024-10-23 00:00:00,Leche
4079,2024-10-23 00:00:00,leche y carne
4101,2024-10-23 00:00:00,Leche
3750,2024-10-23 00:00:00,Leche
2047,2024-10-23 00:00:00,Leche
5033,2024-10-23 00:00:00,Leche
6011,2024-10-23 00:00:00,Leche
4087,2024-10-23 00:00:00,Leche
4151,2024-10-23 00:00:00,Leche
2094A,2024-10-23 00:00:00,Leche
3024A,2024-10-23 00:00:00,Leche
2219,2024-10-23 00:00:00,leche y carne
4055,2024-10-23 00:00:00,Leche
2063A,2024-10-23 00:00:00,Leche
1015,2024-10-23 00:00:00,Leche
2149A,2024-10-23 00:00:00,Leche
5010,2024-10-23 00:00:00,Descarte
5679,2024-10-23 00:00:00,Leche
7083,2024-10-23 00:00:00,Leche
0128,2024-10-23 00:00:00,leche y carne
9605,2024-10-23 00:00:00,leche y carne
4018,2024-10-23 00:00:00,Leche
50741,2024-10-23 00:00:00,Carne
5144,2024-10-23 00:00:00,leche y carne
S/NB,2024-10-23 00:00:00,Descarte
3066A,2024-10-23 00:00:00,Carne
3066B,2024-10-23 00:00:00,Leche
6021,2024-10-23 00:00:00,leche y carne
4025,2024-10-23 00:00:00,Leche
EMB 2,2024-10-23 00:00:00,leche y carne
0500,2024-10-23 00:00:00,Leche
22126,2024-10-23 00:00:00,Preñar
2019,2024-10-23 00:00:00,Preñar
2048,2024-10-23 00:00:00,Preñar
2174,2024-10-23 00:00:00,Preñar
2153,2024-10-23 00:00:00,Preñar
2146,2024-10-23 00:00:00,Pñ amanzar
2042,2024-10-23 00:00:00,Pñ amanzar
S/NC,2024-10-23 00:00:00,Descarte
2093A,2024-10-23 00:00:00,Descarte
2130,2024-10-23 00:00:00,Leche
0132,2024-10-23 00:00:00,Leche
4075,2024-10-23 00:00:00,leche y carne
2073,2024-10-23 00:00:00,Leche
2143,2024-10-23 00:00:00,Leche
3043,2024-10-23 00:00:00,Leche
2209A,2024-10-23 00:00:00,Leche
4073,2024-10-23 00:00:00,Carne
3119,2024-10-23 00:00:00,Leche
9904,2024-10-23 00:00:00,leche y carne
8036,2024-10-23 00:00:00,Leche
2025A,2024-10-23 00:00:00,Descarte
2096,2024-10-23 00:00:00,Leche
4047,2024-10-23 00:00:00,Carne
2,2024-10-23 00:00:00,Descarte
1033A,2024-10-23 00:00:00,Carne
10391,2024-10-23 00:00:00,Carne
1056A,2024-10-23 00:00:00,Carne
1077A,2024-10-23 00:00:00,Carne
1089,2024-10-23 00:00:00,Carne
1090A,2024-10-23 00:00:00,Carne
1091A,2024-10-23 00:00:00,Leche
1112A,2024-10-23 00:00:00,Leche
1117,2024-10-23 00:00:00,Carne
1128,2024-10-23 00:00:00,Descarte
2051,2024-10-23 00:00:00,Descarte
2072,2024-10-23 00:00:00,Leche
2079,2024-10-23 00:00:00,Descarte
214E,2024-10-23 00:00:00,Carne
2177A,2024-10-23 00:00:00,leche y carne
2217,2024-10-23 00:00:00,Carne
2224,2024-10-23 00:00:00,Descarte
2340,2024-10-23 00:00:00,Carne
3015,2024-10-23 00:00:00,Descarte
3028A,2024-10-23 00:00:00,Leche
3038A,2024-10-23 00:00:00,Descarte
3093,2024-10-23 00:00:00,Descarte
3178,2024-10-23 00:00:00,Carne
40072,2024-10-23 00:00:00,Descarte
4008,2024-10-23 00:00:00,Descarte
4023,2024-10-23 00:00:00,Carne
4033,2024-10-23 00:00:00,Carne
4053,2024-10-23 00:00:00,Carne
4066,2024-10-23 00:00:00,Carne
4076,2024-10-23 00:00:00,Carne
4078,2024-10-23 00:00:00,Carne
4099,2024-10-23 00:00:00,Carne
4100,2024-10-23 00:00:00,Carne
4109,2024-10-23 00:00:00,Carne
4141,2024-10-23 00:00:00,Carne
4172,2024-10-23 00:00:00,Carne
5007,2024-10-23 00:00:00,Carne
5016,2024-10-23 00:00:00,Carne
5035,2024-10-23 00:00:00,Descarte
5041,2024-10-23 00:00:00,Descarte
50501,2024-10-23 00:00:00,Carne
5052,2024-10-23 00:00:00,Leche
5060,2024-10-23 00:00:00,leche y carne
5076,2024-10-23 00:00:00,leche y carne
5077,2024-10-23 00:00:00,Leche
5082,2024-10-23 00:00:00,Carne
5090,2024-10-23 00:00:00,Leche
5092,2024-10-23 00:00:00,Carne
5150,2024-10-23 00:00:00,Leche
6008,2024-10-23 00:00:00,Carne
6031,2024-10-23 00:00:00,Carne
6070,2024-10-23 00:00:00,Carne
7012,2024-10-23 00:00:00,Leche
7059,2024-10-23 00:00:00,Leche
7067,2024-10-23 00:00:00,Leche
7074,2024-10-23 00:00:00,Leche
7076,2024-10-23 00:00:00,leche y carne
7077,2024-10-23 00:00:00,Leche
7080,2024-10-23 00:00:00,Carne
7087,2024-10-23 00:00:00,Leche
7092,2024-10-23 00:00:00,Carne
8046,2024-10-23 00:00:00,Leche
8051,2024-10-23 00:00:00,Carne
8067,2024-10-23 00:00:00,Carne
8338,2024-10-23 00:00:00,Descarte
8089,2024-10-23 00:00:00,Carne
8094,2024-10-23 00:00:00,leche y carne
9045,2024-10-23 00:00:00,Carne
9046,2024-10-23 00:00:00,Carne
9047,2024-10-23 00:00:00,Carne
9238,2024-10-23 00:00:00,Descarte
21027,2024-10-23 00:00:00,leche y carne
0018,2024-10-23 00:00:00,Leche
0143,2024-10-23 00:00:00,Carne
EMB 3,2024-10-23 00:00:00,Carne
5013,2024-10-23 00:00:00,Descarte
9100,2024-10-23 00:00:00,Carne
S/NH,2024-10-23 00:00:00,Descarte
8014,2024-10-23 00:00:00,Carne
9007,2024-10-23 00:00:00,Leche
4A,2024-10-23 00:00:00,Descarte
14,2024-10-23 00:00:00,Carne
1078A,2024-10-23 00:00:00,Carne
2090A,2024-10-23 00:00:00,Leche
3027A,2024-10-23 00:00:00,leche y carne
3132,2024-10-23 00:00:00,Leche
4034,2024-10-23 00:00:00,Carne
6020,2024-10-23 00:00:00,Carne
8096,2024-10-23 00:00:00,Leche
9219,2024-10-23 00:00:00,Carne
12164,2024-10-23 00:00:00,Carne
20334,2024-10-23 00:00:00,Leche
4122,2024-10-23 00:00:00,Carne
6067,2024-10-23 00:00:00,Leche
4065,2024-10-23 00:00:00,Descarte
2337,2024-10-23 00:00:00,leche y carne
4035,2024-10-23 00:00:00,Leche
1095A,2024-10-23 00:00:00,Leche
3044A,2024-10-23 00:00:00,Descarte
8072,2024-10-23 00:00:00,Amanzar
7021,2024-10-23 00:00:00,Descarte
30212,2024-10-23 00:00:00,Leche
5027,2024-10-23 00:00:00,Descarte
5030,2024-10-23 00:00:00,Leche
5043,2024-10-23 00:00:00,Descarte
5098,2024-10-23 00:00:00,Carne
5111,2024-10-23 00:00:00,Descarte
5146,2024-10-23 00:00:00,Leche
6017,2024-10-23 00:00:00,Descarte
6028,2024-10-23 00:00:00,Carne
6037,2024-10-23 00:00:00,Carne
6050,2024-10-23 00:00:00,Descarte
7004,2024-10-23 00:00:00,Descarte
7022,2024-10-23 00:00:00,Leche
7032,2024-10-23 00:00:00,leche y carne
7033,2024-10-23 00:00:00,Leche
7049,2024-10-23 00:00:00,Descarte
7050,2024-10-23 00:00:00,Descarte
7052,2024-10-23 00:00:00,Descarte
7061,2024-10-23 00:00:00,Leche
7072,2024-10-23 00:00:00,Carne
8003,2024-10-23 00:00:00,Descarte
8004,2024-10-23 00:00:00,Carne
8005,2024-10-23 00:00:00,leche y carne
8007,2024-10-23 00:00:00,Descarte
8010,2024-10-23 00:00:00,Carne
80121,2024-10-23 00:00:00,Leche
8013,2024-10-23 00:00:00,Descarte
8016,2024-10-23 00:00:00,Descarte
8020,2024-10-23 00:00:00,Descarte
8026,2024-10-23 00:00:00,Descarte
80272,2024-10-23 00:00:00,Leche
8028,2024-10-23 00:00:00,Leche
8030,2024-10-23 00:00:00,Leche
8033,2024-10-23 00:00:00,Leche
8037,2024-10-23 00:00:00,Leche
8032,2024-10-23 00:00:00,Descarte
8040,2024-10-23 00:00:00,Descarte
8041,2024-10-23 00:00:00,Carne
8043,2024-10-23 00:00:00,Leche
8045,2024-10-23 00:00:00,Leche
8048,2024-10-23 00:00:00,Leche
8050,2024-10-23 00:00:00,Leche
8054,2024-10-23 00:00:00,Leche
8060,2024-10-23 00:00:00,Descarte
8062,2024-10-23 00:00:00,Leche
8066,2024-10-23 00:00:00,Descarte
8073,2024-10-23 00:00:00,Descarte
8076,2024-10-23 00:00:00,Leche
8077,2024-10-23 00:00:00,Leche
8078,2024-10-23 00:00:00,Descarte
8079,2024-10-23 00:00:00,Leche
8082,2024-10-23 00:00:00,Pñ amanzar
80841,2024-10-23 00:00:00,Descarte
8084B,2024-10-23 00:00:00,pend
8086,2024-10-23 00:00:00,Leche
8087,2024-10-23 00:00:00,Leche
809,2024-10-23 00:00:00,Leche
80921,2024-10-23 00:00:00,Descarte
8093,2024-10-23 00:00:00,Leche
9032,2024-10-23 00:00:00,Carne
9035,2024-10-23 00:00:00,Descarte
9040,2024-10-23 00:00:00,Leche
9051,2024-10-23 00:00:00,Leche
9058,2024-10-23 00:00:00,Leche
9071,2024-10-23 00:00:00,leche y carne
9082,2024-10-23 00:00:00,Carne
9099,2024-10-23 00:00:00,Leche
9104,2024-10-23 00:00:00,Carne
91091,2024-10-23 00:00:00,Carne
91171,2024-10-23 00:00:00,Leche
91242,2024-10-23 00:00:00,Leche
9125,2024-10-23 00:00:00,Leche
9136,2024-10-23 00:00:00,Preñar
0225,2024-10-23 00:00:00,Preñar
0343,2024-10-23 00:00:00,Descarte
33,2024-10-23 00:00:00,Carne
19,2024-10-23 00:00:00,leche y carne
3120,2024-10-23 00:00:00,leche y carne
1310,2024-10-23 00:00:00,Carne
1123,2024-10-23 00:00:00,Carne
8011,2024-10-23 00:00:00,Amanzar
8061,2024-10-23 00:00:00,Leche
8085,2024-10-23 00:00:00,Carne
9006,2024-10-23 00:00:00,Leche
9011,2024-10-23 00:00:00,Carne
9014,2024-10-23 00:00:00,Carne
9015,2024-10-23 00:00:00,Leche
9016,2024-10-23 00:00:00,Descarte
9024,2024-10-23 00:00:00,Leche
9036,2024-10-23 00:00:00,Descarte
9037,2024-10-23 00:00:00,Leche
9042,2024-10-23 00:00:00,Descarte
9053,2024-10-23 00:00:00,Leche
9064,2024-10-23 00:00:00,Descarte
9073,2024-10-23 00:00:00,Leche
9076,2024-10-23 00:00:00,Leche
9091,2024-10-23 00:00:00,Leche
9103,2024-10-23 00:00:00,Leche
9110A,2024-10-23 00:00:00,Descarte
9192,2024-10-23 00:00:00,Descarte
9113,2024-10-23 00:00:00,Leche
9116B,2024-10-23 00:00:00,Descarte
91172,2024-10-23 00:00:00,Leche
9121,2024-10-23 00:00:00,Carne
9122,2024-10-23 00:00:00,Carne
91262,2024-10-23 00:00:00,Leche
9126A,2024-10-23 00:00:00,Carne
9128A,2024-10-23 00:00:00,Descarte
9128B,2024-10-23 00:00:00,Amanzar
0101,2024-10-23 00:00:00,Pñ amanzar
0102,2024-10-23 00:00:00,Descarte
0107,2024-10-23 00:00:00,Amanzar
0108,2024-10-23 00:00:00,Descarte
0111,2024-10-23 00:00:00,Leche
0114,2024-10-23 00:00:00,Carne
0125,2024-10-23 00:00:00,Preñar
0201,2024-10-23 00:00:00,Leche
0202,2024-10-23 00:00:00,Leche
0204,2024-10-23 00:00:00,Carne
0205,2024-10-23 00:00:00,Pñ amanzar
0206A,2024-10-23 00:00:00,leche y carne
0206B,2024-10-23 00:00:00,Amanzar
0208A,2024-10-23 00:00:00,Pñ amanzar
0211,2024-10-23 00:00:00,Carne
0215A,2024-10-23 00:00:00,Descarte
0220,2024-10-23 00:00:00,Carne
0224,2024-10-23 00:00:00,Carne
0226,2024-10-23 00:00:00,Leche
0229,2024-10-23 00:00:00,Leche
0231A,2024-10-23 00:00:00,Leche
02331,2024-10-23 00:00:00,Carne
0233,2024-10-23 00:00:00,Leche
0240,2024-10-23 00:00:00,Descarte
0241,2024-10-23 00:00:00,Leche
0246,2024-10-23 00:00:00,Carne
0249,2024-10-23 00:00:00,Leche
0252,2024-10-23 00:00:00,Preñar
0258,2024-10-23 00:00:00,Carne
0259,2024-10-23 00:00:00,Leche
0267,2024-10-23 00:00:00,Leche
0269,2024-10-23 00:00:00,Carne
0270,2024-10-23 00:00:00,Pñ amanzar
0272,2024-10-23 00:00:00,Leche
0278,2024-10-23 00:00:00,Leche
0284,2024-10-23 00:00:00,Leche
0291,2024-10-23 00:00:00,Carne
0294,2024-10-23 00:00:00,Amanzar
0297,2024-10-23 00:00:00,Preñar
0298A,2024-10-23 00:00:00,Leche
0299A,2024-10-23 00:00:00,Descarte
0299C,2024-10-23 00:00:00,Pñ amanzar
0321,2024-10-23 00:00:00,Carne
0322,2024-10-23 00:00:00,Leche
0323,2024-10-23 00:00:00,Leche
0326,2024-10-23 00:00:00,Carne
0327,2024-10-23 00:00:00,Descarte
0329,2024-10-23 00:00:00,Leche
0330A,2024-10-23 00:00:00,Pñ amanzar
0333,2024-10-23 00:00:00,Leche
0336,2024-10-23 00:00:00,Leche
0338,2024-10-23 00:00:00,Leche
0342,2024-10-23 00:00:00,Pñ amanzar
0344,2024-10-23 00:00:00,Pñ amanzar
0348,2024-10-23 00:00:00,Preñar
0349,2024-10-23 00:00:00,Carne
0352,2024-10-23 00:00:00,Carne
0353,2024-10-23 00:00:00,Leche
0354,2024-10-23 00:00:00,Pñ amanzar
0355,2024-10-23 00:00:00,Amanzar
20,2024-10-23 00:00:00,Pñ amanzar
1039B,2024-10-23 00:00:00,Preñar
1188,2024-10-23 00:00:00,Pñ amanzar
2018,2024-10-23 00:00:00,Preñar
2040,2024-10-23 00:00:00,Leche
1109B,2024-10-23 00:00:00,Preñar
2035A,2024-10-23 00:00:00,Pñ amanzar
2063B,2024-10-23 00:00:00,Preñar
1132,2024-10-23 00:00:00,Pñ amanzar
0271,2024-10-23 00:00:00,Amanzar
1017A,2024-10-23 00:00:00,Pñ amanzar
9020,2024-10-23 00:00:00,Leche
S7,2024-10-23 00:00:00,Preñar
10431,2024-10-23 00:00:00,Pñ amanzar
0274,2024-10-23 00:00:00,Pñ amanzar
2007,2024-10-23 00:00:00,Preñar
1063,2024-10-23 00:00:00,Preñar
1004,2024-10-23 00:00:00,Leche
1075,2024-10-23 00:00:00,Preñar
1096,2024-10-23 00:00:00,Pñ amanzar
9023,2024-10-23 00:00:00,Carne
1005,2024-10-23 00:00:00,Amanzar
9118,2024-10-23 00:00:00,Descarte
0332,2024-10-23 00:00:00,Leche
80472,2024-10-23 00:00:00,Leche
1079,2024-10-23 00:00:00,Pñ amanzar
2037,2024-10-23 00:00:00,Carne
0298,2024-10-23 00:00:00,Pñ amanzar
2052,2024-10-23 00:00:00,Pñ amanzar
2039,2024-10-23 00:00:00,Pñ amanzar
1023,2024-10-23 00:00:00,Pñ amanzar
2087,2024-10-23 00:00:00,Preñar
2702,2024-10-23 00:00:00,Preñar
2024,2024-10-23 00:00:00,Preñar
1104A,2024-10-23 00:00:00,Pñ amanzar
1103,2024-10-23 00:00:00,Preñar
2034,2024-10-23 00:00:00,Pñ amanzar
2062,2024-10-23 00:00:00,Leche
7066,2024-10-23 00:00:00,Amanzar
7007,2024-10-23 00:00:00,Leche
4048,2024-10-23 00:00:00,leche y carne
4095,2024-10-23 00:00:00,Leche
2080,2024-10-23 00:00:00,Leche
8063,2024-10-23 00:00:00,Descarte
5079,2024-10-23 00:00:00,Leche
1109A,2024-10-23 00:00:00,leche y carne
2097,2024-10-23 00:00:00,Carne
4072,2024-10-23 00:00:00,Leche
05,2024-10-23 00:00:00,Descarte
3108,2024-10-23 00:00:00,Carne
3084,2024-10-23 00:00:00,Leche
1139A,2024-10-23 00:00:00,leche y carne
1066A,2024-10-23 00:00:00,Leche
4143,2024-10-23 00:00:00,Descarte
2180A,2024-10-23 00:00:00,Leche
1168,2024-10-23 00:00:00,Leche
2150,2024-10-23 00:00:00,Descarte
0139,2024-10-23 00:00:00,Carne
80882,2024-10-23 00:00:00,Leche
9067,2024-10-23 00:00:00,Carne
2220,2024-10-23 00:00:00,Leche
8017,2024-10-23 00:00:00,Leche
9018B,2024-10-23 00:00:00,Descarte
89,2024-10-23 00:00:00,Descarte
7017,2024-10-23 00:00:00,Leche
2201,2024-10-23 00:00:00,Preñar
1066,2024-10-23 00:00:00,Preñar
2109,2024-10-23 00:00:00,Preñar
2111,2024-10-23 00:00:00,Preñar
2103,2024-10-23 00:00:00,Preñar
2108,2024-10-23 00:00:00,Preñar
1088A,2024-10-23 00:00:00,Pñ amanzar
2023,2024-10-23 00:00:00,amanzar
2200,2024-10-23 00:00:00,Preñar
1091,2024-10-23 00:00:00,Pñ amanzar
2030,2024-10-23 00:00:00,Preñar
2036,2024-10-23 00:00:00,Preñar
0305,2024-10-23 00:00:00,carne
0313,2024-10-23 00:00:00,carne
0306,2024-10-23 00:00:00,carne
9115,2024-10-23 00:00:00,carne
1501,2024-10-23 00:00:00,carne
0307,2024-10-23 00:00:00,carne
0308,2024-10-23 00:00:00,carne
0311,2024-10-23 00:00:00,carne
0317A,2024-10-23 00:00:00,carne
0309,2024-10-23 00:00:00,carne
0312,2024-10-23 00:00:00,carne
9500,2024-10-23 00:00:00,carne
9501,2024-10-23 00:00:00,carne
2500,2024-10-23 00:00:00,carne
9503,2024-10-23 00:00:00,carne
0303,2024-10-23 00:00:00,carne
0304,2024-10-23 00:00:00,carne
9502,2024-10-23 00:00:00,carne
0310,2024-10-23 00:00:00,carne
0314,2024-10-23 00:00:00,Descarte
0302,2024-10-23 00:00:00,carne
8039,2024-10-23 00:00:00,Descarte
0340A,2024-10-23 00:00:00,Descarte
2066,2024-10-23 00:00:00,Pñ amanzar
0320,2024-10-23 00:00:00,amanzar
0350,2024-10-23 00:00:00,Pñ amanzar
30,2024-10-23 00:00:00,Preñar
34,2024-10-23 00:00:00,Leche
8057,2024-10-23 00:00:00,Descarte
8006,2024-10-23 00:00:00,leche y carne
7038,2024-10-23 00:00:00,Leche
S14,2024-10-23 00:00:00,Preñar
S15,2024-10-23 00:00:00,Preñar
8015,2024-10-23 00:00:00,Descarte
31,2024-10-23 00:00:00,Carne
32,2024-10-23 00:00:00,Descarte
1015A,2024-10-23 00:00:00,Pñ amanzar
2013,2024-10-23 00:00:00,Descarte
3227,2024-10-23 00:00:00,Descarte
406,2024-10-23 00:00:00,Descarte
8019,2024-10-23 00:00:00,Leche
EMB 5,2024-10-23 00:00:00,Carne
1098,2024-10-23 00:00:00,Preñar
9,2024-10-23 00:00:00,Descarte
35,2024-10-23 00:00:00,Pñ amanzar
22172,2024-10-23 00:00:00,Preñar
4043,2024-10-23 00:00:00,Descarte
24007,2025-03-05 00:00:00,Leche
24051,2025-03-05 00:00:00,Leche
0284,2026-06-30 00:00:00,leche
0329,2026-06-30 00:00:00,leche
0338,2026-06-30 00:00:00,leche
2201,2026-06-30 00:00:00,leche
2063A,2026-06-30 00:00:00,leche
