id,nro_animal,fecha,clasificación
1,2196A,2023-05-10 00:00:00,E
2,6043,2023-05-10 00:00:00,B
3,2171,2023-05-10 00:00:00,B
4,3021A,2023-05-10 00:00:00,E
5,2021,2023-05-10 00:00:00,E
6,60286,2023-05-10 00:00:00,E
7,3003A,2023-05-10 00:00:00,B
8,2226,2023-05-10 00:00:00,E
9,7028,2023-05-10 00:00:00,R
10,2133A,2023-05-10 00:00:00,E
11,2124A,2023-05-10 00:00:00,B
12,31102,2023-05-10 00:00:00,E
13,SNA,2023-05-10 00:00:00,E
14,2208A,2023-05-10 00:00:00,E
15,9389,2023-05-10 00:00:00,B
16,6035,2023-05-10 00:00:00,B
17,2148A,2023-05-10 00:00:00,PB
18,3107,2023-05-10 00:00:00,B
19,0740,2023-05-10 00:00:00,E
20,2083,2023-05-10 00:00:00,B
21,3026A,2023-05-10 00:00:00,B
22,2234,2023-05-10 00:00:00,B
23,4007,2023-05-10 00:00:00,PB
24,2050,2023-05-10 00:00:00,R
25,4079,2023-05-10 00:00:00,B
26,4101,2023-05-10 00:00:00,R
27,3750,2023-05-10 00:00:00,E
28,2047,2023-05-10 00:00:00,R
29,5033,2023-05-10 00:00:00,R
30,4147,2023-05-10 00:00:00,B
31,6011,2023-05-10 00:00:00,B
32,4087,2023-05-10 00:00:00,B
33,4151,2023-05-10 00:00:00,B
34,2094A,2023-05-10 00:00:00,E
35,3024A,2023-05-10 00:00:00,SPB
36,2219,2023-05-10 00:00:00,B
37,4055,2023-05-10 00:00:00,R
38,2063A,2023-05-10 00:00:00,E
39,1015 ,2023-05-10 00:00:00,B
40,2149A,2023-05-10 00:00:00,B
41,5010,2023-05-10 00:00:00,R
42,5679,2023-05-10 00:00:00,R
43,7083,2023-05-10 00:00:00,B
44,0128,2023-05-10 00:00:00,B
45,4018,2023-05-10 00:00:00,B
46,50741,2023-05-10 00:00:00,R
47,5144,2023-05-10 00:00:00,R
48,S/NB,2023-05-10 00:00:00,R
49,3066B,2023-05-10 00:00:00,B
50,6021,2023-05-10 00:00:00,R
51,4685,2023-05-10 00:00:00,B
52,EMB 1,2023-05-10 00:00:00,R.H.
53,EMB 2,2023-05-10 00:00:00,R.H.
54,0500,2023-05-10 00:00:00,B
55,S/NC,2023-05-10 00:00:00,F.I.
56,2093A,2023-05-10 00:00:00,F.I.
57,2130,2023-05-10 00:00:00,E
58,0132,2023-05-10 00:00:00,E
59,4075,2023-05-10 00:00:00,F.I.
60,2073,2023-05-10 00:00:00,E
61,2143,2023-05-10 00:00:00,F.I.
62,3043,2023-05-10 00:00:00,E
63,S/Ni,2023-05-10 00:00:00,F.I.
64,2209A,2023-05-10 00:00:00,E
65,4073,2023-05-10 00:00:00,F.I.
66,3119,2023-05-10 00:00:00,B
67,9904,2023-05-10 00:00:00,B
68,8036,2023-05-10 00:00:00,B
69,2025A,2023-05-10 00:00:00,B
70,2096,2023-05-10 00:00:00,E
71,2,2023-05-10 00:00:00,F.I.
72,1033A,2023-05-10 00:00:00,F.I.
73,10391,2023-05-10 00:00:00,F.I.
74,1056A,2023-05-10 00:00:00,R
75,1077A,2023-05-10 00:00:00,PB
76,1090A,2023-05-10 00:00:00,F.I.
77,1091A,2023-05-10 00:00:00,B
78,1112A,2023-05-10 00:00:00,B
79,1117,2023-05-10 00:00:00,PB
80,1128,2023-05-10 00:00:00,F.I.
81,2051,2023-05-10 00:00:00,F.I.
82,2072,2023-05-10 00:00:00,E
83,2079,2023-05-10 00:00:00,E
84,2177A,2023-05-10 00:00:00,PB
85,2217,2023-05-10 00:00:00,F.I.
86,2224,2023-05-10 00:00:00,F.I.
87,2340,2023-05-10 00:00:00,F.I.
88,3015,2023-05-10 00:00:00,F.I.
89,3028A,2023-05-10 00:00:00,F.I.
90,3038A,2023-05-10 00:00:00,PB
91,3093,2023-05-10 00:00:00,PB
92,3178,2023-05-10 00:00:00,PB
93,40072,2023-05-10 00:00:00,F.I.
94,4008,2023-05-10 00:00:00,F.I.
95,4023,2023-05-10 00:00:00,F.I.
96,4033,2023-05-10 00:00:00,F.I.
97,4053,2023-05-10 00:00:00,PB
98,4066,2023-05-10 00:00:00,F.I.
99,4076,2023-05-10 00:00:00,F.I.
100,4078,2023-05-10 00:00:00,F.I.
101,4099,2023-05-10 00:00:00,PB
102,4100,2023-05-10 00:00:00,PB
103,4109,2023-05-10 00:00:00,F.I.
104,4141,2023-05-10 00:00:00,F.I.
105,4172,2023-05-10 00:00:00,F.I.
106,5007,2023-05-10 00:00:00,F.I.
107,5035,2023-05-10 00:00:00,PB
108,5041,2023-05-10 00:00:00,F.I.
109,5050,2023-05-10 00:00:00,F.I.
110,50501,2023-05-10 00:00:00,F.I.
111,5052,2023-05-10 00:00:00,F.I.
112,5060,2023-05-10 00:00:00,F.I.
113,5072,2023-05-10 00:00:00,PB
114,5076,2023-05-10 00:00:00,F.I.
115,5077,2023-05-10 00:00:00,R
116,5082,2023-05-10 00:00:00,F.I.
117,5090,2023-05-10 00:00:00,B
118,5092,2023-05-10 00:00:00,F.I.
119,5150,2023-05-10 00:00:00,Mbc
120,6003,2023-05-10 00:00:00,F.I.
121,6008,2023-05-10 00:00:00,F.I.
122,6025,2023-05-10 00:00:00,F.I.
123,6031,2023-05-10 00:00:00,F.I.
124,6070,2023-05-10 00:00:00,SPB
125,7012,2023-05-10 00:00:00,E
126,7059,2023-05-10 00:00:00,R
127,7067,2023-05-10 00:00:00,F.I.
128,7074,2023-05-10 00:00:00,F.I.
129,7076,2023-05-10 00:00:00,F.I.
130,7077,2023-05-10 00:00:00,E
131,7080,2023-05-10 00:00:00,PB
132,7087,2023-05-10 00:00:00,R
133,7092,2023-05-10 00:00:00,F.I.
134,8027A,2023-05-10 00:00:00,F.I.
135,8046,2023-05-10 00:00:00,F.I.
136,8051,2023-05-10 00:00:00,PB
137,8067,2023-05-10 00:00:00,F.I.
138,8068,2023-05-10 00:00:00,F.I.
139,8089,2023-05-10 00:00:00,F.I.
140,8094,2023-05-10 00:00:00,E
141,9045,2023-05-10 00:00:00,F.I.
142,9046,2023-05-10 00:00:00,F.I.
143,9047,2023-05-10 00:00:00,PB
144,9238,2023-05-10 00:00:00,B
145,21027,2023-05-10 00:00:00,PB
146,0018,2023-05-10 00:00:00,F.I.
147,0143,2023-05-10 00:00:00,F.I.
148,S/ND,2023-05-10 00:00:00,F.I.
149,S/NE,2023-05-10 00:00:00,F.I.
150,S/NF,2023-05-10 00:00:00,F.I.
151,EMB 3,2023-05-10 00:00:00,F.I.
152,S/NG,2023-05-10 00:00:00,F.I.
153,5013,2023-05-10 00:00:00,F.I.
154,9100,2023-05-10 00:00:00,F.I.
155,S/NH,2023-05-10 00:00:00,F.I.
156,8014,2023-05-10 00:00:00,PB
157,9007,2023-05-10 00:00:00,F.I.
158,4A,2023-05-10 00:00:00,B
159,1078A,2023-05-10 00:00:00,PB
160,2090A,2023-05-10 00:00:00,E
161,3027A,2023-05-10 00:00:00,PB
162,3132,2023-05-10 00:00:00,B
163,4034,2023-05-10 00:00:00,PB
164,6020,2023-05-10 00:00:00,PB
165,6053,2023-05-10 00:00:00,PB
166,8096,2023-05-10 00:00:00,E
167,9219,2023-05-10 00:00:00,PB
168,12164,2023-05-10 00:00:00,PB
169,20334,2023-05-10 00:00:00,Mbc
170,4122,2023-05-10 00:00:00,F.I.
171,6067,2023-05-10 00:00:00,E
172,4065,2023-05-10 00:00:00,R
173,2337,2023-05-10 00:00:00,R
174,4035,2023-05-10 00:00:00,E
175,1095A,2023-05-10 00:00:00,E
176,20337,2023-05-10 00:00:00,PB
177,3044A,2023-05-10 00:00:00,F.I.
178,8072,2023-05-10 00:00:00,SPB
179,5098,2023-05-10 00:00:00,F.I.
180,5146,2023-05-10 00:00:00,F.I.
181,6010,2023-05-10 00:00:00,F.I.
182,6028,2023-05-10 00:00:00,F.I.
183,6037,2023-05-10 00:00:00,F.I.
184,7033,2023-05-10 00:00:00,F.I.
185,7049,2023-05-10 00:00:00,F.I.
186,8004,2023-05-10 00:00:00,F.I.
187,8005,2023-05-10 00:00:00,F.I.
188,8007,2023-05-10 00:00:00,F.I.
189,8010,2023-05-10 00:00:00,F.I.
190,80121,2023-05-10 00:00:00,F.I.
191,8024,2023-05-10 00:00:00,F.I.
192,8026,2023-05-10 00:00:00,PB
193,80272,2023-05-10 00:00:00,B
194,8028,2023-05-10 00:00:00,F.I.
195,8030,2023-05-10 00:00:00,B
196,8033,2023-05-10 00:00:00,F.I.
197,8043,2023-05-10 00:00:00,F.I.
198,8045,2023-05-10 00:00:00,F.I.
199,8048,2023-05-10 00:00:00,F.I.
200,8050,2023-05-10 00:00:00,F.I.
201,8054,2023-05-10 00:00:00,PB
202,8060,2023-05-10 00:00:00,SPB
203,8077,2023-05-10 00:00:00,F.I.
204,8079,2023-05-10 00:00:00,B
205,8084B,2023-05-10 00:00:00,Mbc
206,8086,2023-05-10 00:00:00,F.I.
207,809,2023-05-10 00:00:00,F.I.
208,80921,2023-05-10 00:00:00,F.I.
209,8093,2023-05-10 00:00:00,F.I.
210,9040,2023-05-10 00:00:00,F.I.
211,9051,2023-05-10 00:00:00,F.I.
212,9071,2023-05-10 00:00:00,F.I.
213,1310,2023-05-10 00:00:00,PB
214,9020,2023-05-10 00:00:00,F.I.
215,9023,2023-05-10 00:00:00,F.I.
216,80472,2023-05-10 00:00:00,F.I.
217,2062,2023-05-10 00:00:00,E
218,4113,2023-05-10 00:00:00,F.I.
219,7066,2023-05-10 00:00:00,F.I.
220,3104,2023-05-10 00:00:00,F.I.
221,7007,2023-05-10 00:00:00,F.I.
222,4057,2023-05-10 00:00:00,F.I.
223,4048,2023-05-10 00:00:00,SPB
224,4095,2023-05-10 00:00:00,E
225,2080,2023-05-10 00:00:00,E
226,8063,2023-05-10 00:00:00,B
227,5079,2023-05-10 00:00:00,F.I.
228,1109A,2023-05-10 00:00:00,E
229,2097,2023-05-10 00:00:00,F.I.
230,4072,2023-05-10 00:00:00,F.I.
231,05,2023-05-10 00:00:00,F.I.
232,3108,2023-05-10 00:00:00,F.I.
233,EMB 4,2023-05-10 00:00:00,F.I.
234,3084,2023-05-10 00:00:00,F.I.
235,1139A,2023-05-10 00:00:00,B
236,1066A,2023-05-10 00:00:00,E
237,4143,2023-05-10 00:00:00,F.I.
238,2180A,2023-05-10 00:00:00,E
239,1168,2023-05-10 00:00:00,E
240,2150,2023-05-10 00:00:00,R
241,0139,2023-05-10 00:00:00,PB
242,80882,2023-05-10 00:00:00,E
243,9067,2023-05-10 00:00:00,F.I.
244,2028A,2023-05-10 00:00:00,E
245,2220,2023-05-10 00:00:00,E
246,8017,2023-05-10 00:00:00,E
247,4041,2023-05-10 00:00:00,F.I.
248,9018B,2023-05-10 00:00:00,F.I.
249,89,2023-05-10 00:00:00,PB
250,7017,2023-05-10 00:00:00,F.I.
251,8098,2023-05-10 00:00:00,F.I.
252,213,2023-05-10 00:00:00,F.I.
253,1161,2023-05-10 00:00:00,F.I.
254,7,2023-05-10 00:00:00,F.I.
255,3227,2023-05-10 00:00:00,F.I.
256,406,2023-05-10 00:00:00,F.I.
257,8019,2023-05-10 00:00:00,F.I.
258,EMB 5,2023-05-10 00:00:00,F.I.
259,3100,2023-05-10 00:00:00,F.I.
260,9,2023-05-10 00:00:00,F.I.
