id_animal,fecha,id_cowpro,nro_chip,persona_que_coloca_arete,persona_que_coloca_chip
1180,2025-04-09 00:00:00,0411,801098,Marcel Añez,Sarahys Duran
1190,2025-04-09 00:00:00,0386,801096,Marcel Añez,Sarahys Duran
1207,2025-04-09 00:00:00,0358,801036,Marcel Añez,Sarahys Duran
2060,2025-04-15 00:00:00,0000,801018,se le cayo arete,
0271,2025-04-15 00:00:00,0000,802487,se le cayo arete,
24002,2025-04-16 00:00:00,0000,801067,dispositivo dañado,
0216A,2025-05-02 00:00:00,0000,801099,retirado,
2065,2025-04-29 00:00:00,0000,801085,retirado,
23223,2025-05-04 00:00:00,0000,801009,retirado,
7074,2025-05-16 00:00:00,0000,809811,retirado,
80121,2025-05-16 00:00:00,0000,801051,retirado,
6042,2025-05-16 00:00:00,0000,802403,retirado tenia miasis,
2054,2025-05-20 00:00:00,0000,801030,se le cayo en potrero,
0206A,2025-05-23 00:00:00,0000,802438,encontrado en potrero,
2037,2025-05-23 00:00:00,0000,801060,retirado,
0111,2025-05-23 00:00:00,0000,801309,encontrado en potrero,
2048,2025-05-23 00:00:00,0000,801069,encontrado en potrero,
0198,2025-05-23 00:00:00,0000,801084,encontrado en potrero,
2027,2025-05-23 00:00:00,0000,801032,encontrado en potrero,
1166,2025-05-26 00:00:00,0000,801039,se benefició,
1148,2025-05-26 00:00:00,0000,801040,retirado en beneficio,
1154,2025-06-02 00:00:00,0000,801082,lo trajo abraham,
4072,2025-05-28 00:00:00,0000,801015,,
9024,2025-05-28 00:00:00,0000,801083,,
2063A,2025-05-28 00:00:00,0000,801089,,
8045,2025-05-28 00:00:00,0000,151302,,
2196A,2025-05-28 00:00:00,0000,802481,,
2226,2025-05-28 00:00:00,0000,751316,,
91171,2025-05-29 00:00:00,0000,801087,,
7087,2025-05-29 00:00:00,0000,751312,,
2171,2025-05-29 00:00:00,0000,751306,,
8036,2025-05-29 00:00:00,0000,751301,,
0258,2025-05-30 00:00:00,0000,801038,,
2023,2025-05-30 00:00:00,0000,801062,,
8062,2025-05-30 00:00:00,0000,801031,,
9006,2025-05-30 00:00:00,0000,801010,,
9076,2025-05-30 00:00:00,0000,801035,,
22195,2025-05-30 00:00:00,0000,801090,,
23094,2025-05-30 00:00:00,0000,801019,,
23125,2025-05-30 00:00:00,0000,801026,,
23148,2025-05-30 00:00:00,0000,801091,,
23246,2025-05-30 00:00:00,0000,801075,,
24006,2025-05-30 00:00:00,0000,801063,,
24007,2025-05-30 00:00:00,0000,801076,,
1190,2025-06-10 00:00:00,0000,801096,beneficiado,
1165,2025-06-10 00:00:00,0000,801064,beneficiado,
1207,2025-06-10 00:00:00,0000,801036,beneficiado,
0204B,2025-06-11 00:00:00,0000,801006,retirado miasis,
0293,2025-06-11 00:00:00,0000,801028,retirado miasis,
1027,2025-06-11 00:00:00,0000,801001,perdido en potrero,
1096A,2025-06-11 00:00:00,0000,801052,retirado miasis,
1101,2025-06-11 00:00:00,0000,801057,retirado miasis,
1180,2025-06-11 00:00:00,0000,801098,perdido en potrero,
0355,2025-05-15 00:00:00,0000,802494,retiro,
4018,2025-05-28 00:00:00,0000,801044,retiro,
2090A,2025-05-29 00:00:00,0000,751307,retiro,
0127,2025-06-11 00:00:00,0000,801078,retiro,
2203,2025-05-29 00:00:00,0000,801053,retiro,
5033,2025-05-28 00:00:00,0000,751318,retiro,
23238,2025-05-17 00:00:00,0000,801004,retiro,
2080,2025-05-30 00:00:00,0000,801024,retiro,
8017,2025-05-17 00:00:00,0000,801043,retiro,
SN50,2025-06-11 00:00:00,0000,801093,retiro,
2096,2025-05-29 00:00:00,0000,751303,retiro,
7028,2025-05-19 00:00:00,0000,751310,retiro,
2180A,2025-05-30 00:00:00,0000,801050,retiro,
2196A,2025-03-07 00:00:00,0157,802481,Marcel Añez,Duran Sarahys
2171,2025-03-07 00:00:00,0393,751306,Marcel Añez,Duran Sarahys
2226,2025-03-07 00:00:00,0452,751316,Marcel Añez,Duran Sarahys
7028,2025-03-07 00:00:00,0461,751310,Marcel Añez,Duran Sarahys
5033,2025-03-07 00:00:00,0255,751318,Marcel Añez,Duran Sarahys
8036,2025-03-07 00:00:00,0341,751301,Marcel Añez,Duran Sarahys
2096,2025-03-07 00:00:00,0422,751303,Marcel Añez,Duran Sarahys
7087,2025-03-07 00:00:00,0477,751312,Marcel Añez,Duran Sarahys
2090A,2025-03-07 00:00:00,0236,751307,Marcel Añez,Duran Sarahys
8045,2025-03-07 00:00:00,0434,151302,Marcel Añez,Duran Sarahys
0111,2025-03-18 00:00:00,0463,801309,Marcel Añez,Duran Sarahys
0206A,2025-03-18 00:00:00,0303,802438,Marcel Añez,Duran Sarahys
0258,2025-03-18 00:00:00,0429,801038,Marcel Añez,Duran Sarahys
0271,2025-03-18 00:00:00,0340,802487,Marcel Añez,Duran Sarahys
0323,2025-03-18 00:00:00,0496,801070,Marcel Añez,Duran Sarahys
0355,2025-03-18 00:00:00,0198,802494,Marcel Añez,Duran Sarahys
2023,2025-03-18 00:00:00,0426,801062,Marcel Añez,Duran Sarahys
2047,2025-03-18 00:00:00,0269,801034,Marcel Añez,Duran Sarahys
2048,2025-03-18 00:00:00,0384,801069,Marcel Añez,Duran Sarahys
2052,2025-03-18 00:00:00,0182,802453,Marcel Añez,Duran Sarahys
2080,2025-03-18 00:00:00,0319,801024,Marcel Añez,Duran Sarahys
2180A,2025-03-18 00:00:00,0468,801050,Marcel Añez,Duran Sarahys
4141,2025-03-18 00:00:00,0282,802468,Marcel Añez,Duran Sarahys
80121,2025-03-18 00:00:00,0354,801051,Marcel Añez,Duran Sarahys
8062,2025-03-18 00:00:00,0420,801031,Marcel Añez,Duran Sarahys
9006,2025-03-18 00:00:00,0190,801010,Marcel Añez,Duran Sarahys
9011,2025-03-18 00:00:00,0168,801022,Marcel Añez,Duran Sarahys
9076,2025-03-18 00:00:00,0276,801035,Marcel Añez,Duran Sarahys
6042,2025-03-18 00:00:00,0170,802403,Marcel Añez,Duran Sarahys
2203,2025-03-18 00:00:00,0252,801053,Marcel Añez,Duran Sarahys
1023,2025-03-20 00:00:00,0478,801080,Abraham,Alberto
2037,2025-03-20 00:00:00,0251,801060,Abraham,Alberto
2060,2025-03-20 00:00:00,0456,801018,Abraham,Alberto
2065,2025-03-20 00:00:00,0199,801085,Abraham,Alberto
50501,2025-03-20 00:00:00,0266,801087,Abraham,Alberto
6037,2025-03-20 00:00:00,0338,801095,Abraham,Alberto
8067,2025-03-20 00:00:00,0211,801066,Abraham,Alberto
9126A,2025-03-20 00:00:00,0525,801021,Abraham,Alberto
9192,2025-03-20 00:00:00,0301,801097,Abraham,Alberto
EMB 5,2025-03-20 00:00:00,0492,801007,Abraham,Alberto
2040,2025-03-27 00:00:00,0421,801037,Marcel Añez,Alberto Linares
2063A,2025-03-27 00:00:00,0516,801089,Marcel Añez,Alberto Linares
4018,2025-03-27 00:00:00,0202,801044,Marcel Añez,Alberto Linares
4072,2025-03-27 00:00:00,0436,801015,Marcel Añez,Alberto Linares
7074,2025-03-27 00:00:00,0224,809811,Marcel Añez,Alberto Linares
8017,2025-03-27 00:00:00,0322,801043,Marcel Añez,Alberto Linares
8046,2025-03-27 00:00:00,0345,801079,Marcel Añez,Alberto Linares
809,2025-03-27 00:00:00,0383,801094,Marcel Añez,Alberto Linares
9024,2025-03-27 00:00:00,0331,801083,Marcel Añez,Alberto Linares
91171,2025-03-27 00:00:00,0410,801087,Marcel Añez,Alberto Linares
2027,2025-03-27 00:00:00,0423,801032,Marcel Añez,Alberto Linares
1023,2025-06-05 00:00:00,0000,801080,retiro,
2056,2025-06-11 00:00:00,0000,801065,retiro,
0323,2025-05-30 00:00:00,0000,801070,retiro,
EMB 5,2025-06-25 00:00:00,0000,801007,encontrado en potrero,
8046,2025-07-11 00:00:00,0000,801079,recibido de trabajador Beni encontrado en mod3,
2021,2025-07-28 00:00:00,0331,,Carlos,
2226,2025-07-28 00:00:00,0516,751316,Carlos,
2124A,2025-07-28 00:00:00,0431,,Carlos,
2143,2025-07-28 00:00:00,0329,,Carlos,
7067,2025-07-28 00:00:00,0410,,Carlos,
6043,2025-07-28 00:00:00,0319,,Carlos,
3021A,2025-07-28 00:00:00,0393,,Carlos,
2050,2025-07-28 00:00:00,0219,,Carlos,
8036,2025-07-28 00:00:00,0270,751301,Carlos,
5150,2025-07-28 00:00:00,0190,,Carlos,
2047,2025-07-28 00:00:00,0000,801034,Carlos,
1091A,2025-07-29 00:00:00,0463,,ABRAHAM,
2072,2025-07-29 00:00:00,0364,,ABRAHAM,
7074,2025-07-29 00:00:00,0202,809811,ABRAHAM,
0259,2025-07-29 00:00:00,0276,,ABRAHAM,
7017,2025-07-29 00:00:00,0401,,ABRAHAM,
9192,2025-08-10 00:00:00,0000,801097,perdio arete en potrero,
22192,2025-09-03 00:00:00,0253,,Abraham,
22205,2025-09-03 00:00:00,0478,,Abraham,
23019,2025-09-03 00:00:00,0417,,Abraham,
23028,2025-09-03 00:00:00,0210,,Abraham,
23058,2025-09-03 00:00:00,0349,,Abraham,
23063,2025-09-03 00:00:00,0208,,Abraham,
23078,2025-09-03 00:00:00,0437,,Abraham,
23084,2025-09-03 00:00:00,0258,,Abraham,
23085,2025-09-03 00:00:00,0264,,Abraham,
23088,2025-09-03 00:00:00,0229,,Abraham,
23090,2025-09-03 00:00:00,0482,,Abraham,
23095,2025-09-03 00:00:00,0355,,Abraham,
23096,2025-09-03 00:00:00,0200,,Abraham,
23100,2025-09-03 00:00:00,0248,,Abraham,
23102,2025-09-03 00:00:00,0217,,Abraham,
23085,2025-08-15 00:00:00,0000,,,
2124A,2025-08-15 00:00:00,000,,,
2072,2025-08-15 00:00:00,0000,,,
2204,2025-08-06 00:00:00,0000,801086,,
BU006,2025-12-05 00:00:00,,546776,,Sarahys Duran
BU019,2025-12-05 00:00:00,,546830,,Sarahys Duran
BU035,2025-12-05 00:00:00,,546828,,Sarahys Duran
BU036,2025-12-05 00:00:00,,546787,,Sarahys Duran
BU053,2025-12-05 00:00:00,,546836,,Sarahys Duran
BU057,2025-12-05 00:00:00,,546782,,Sarahys Duran
BU062,2025-12-05 00:00:00,,546806,,Sarahys Duran
BU073,2025-12-05 00:00:00,,801072,,Sarahys Duran
BU082,2025-12-05 00:00:00,,801061,,Sarahys Duran
BU085,2025-12-05 00:00:00,,801071,,Sarahys Duran
BU106,2025-12-05 00:00:00,,546800,,Sarahys Duran
BU2502,2025-12-05 00:00:00,,546760,,Sarahys Duran
BU2504,2025-12-05 00:00:00,,546790,,Sarahys Duran
BU2505,2025-12-05 00:00:00,,546769,,Sarahys Duran
BU2506,2025-12-05 00:00:00,,546781,,Sarahys Duran
BU2507,2025-12-05 00:00:00,,546792,,Sarahys Duran
BU2509,2025-12-05 00:00:00,,546829,,Sarahys Duran
BU2510,2025-12-05 00:00:00,,546777,,Sarahys Duran
BU2511,2025-12-05 00:00:00,,546799,,Sarahys Duran
BU2512,2025-12-05 00:00:00,,546813,,Sarahys Duran
BU2513,2025-12-05 00:00:00,,546849,,Sarahys Duran
BU2514,2025-12-05 00:00:00,,546808,,Sarahys Duran
BU2515,2025-12-05 00:00:00,,546802,,Sarahys Duran
BU2517,2025-12-05 00:00:00,,546805,,Sarahys Duran
BU2518,2025-12-05 00:00:00,,546796,,Sarahys Duran
BU2519,2025-12-05 00:00:00,,546786,,Sarahys Duran
BU2520,2025-12-05 00:00:00,,546770,,Sarahys Duran
BU2522,2025-12-05 00:00:00,,546803,,Sarahys Duran
BU2523,2025-12-05 00:00:00,,546793,,Sarahys Duran
BU2524,2025-12-05 00:00:00,,546795,,Sarahys Duran
BU2525,2025-12-05 00:00:00,,546839,,Sarahys Duran
BU2526,2025-12-05 00:00:00,,546785,,Sarahys Duran
BU2528,2025-12-05 00:00:00,,546825,,Sarahys Duran
BU2529,2025-12-05 00:00:00,,546807,,Sarahys Duran
BU2530,2025-12-05 00:00:00,,546801,,Sarahys Duran
BU2531,2025-12-05 00:00:00,,546822,,Sarahys Duran
BU2532,2025-12-05 00:00:00,,546797,,Sarahys Duran
BU316,2025-12-05 00:00:00,,546763,,Sarahys Duran
BU320,2025-12-05 00:00:00,,546761,,Sarahys Duran
BU329,2025-12-05 00:00:00,,546759,,Sarahys Duran
BU332,2025-12-05 00:00:00,,546817,,Sarahys Duran
BU333,2025-12-05 00:00:00,,801020,,Sarahys Duran
BU334,2025-12-05 00:00:00,,546764,,Sarahys Duran
BU335,2025-12-05 00:00:00,,546798,,Sarahys Duran
BU338,2025-12-05 00:00:00,,546838,,Sarahys Duran
BU339,2025-12-05 00:00:00,,546837,,Sarahys Duran
BU340,2025-12-05 00:00:00,,546753,,Sarahys Duran
BU341,2025-12-05 00:00:00,,801099,,Sarahys Duran
BU342,2025-12-05 00:00:00,,546772,,Sarahys Duran
BU343,2025-12-05 00:00:00,,801054,,Sarahys Duran
BU344,2025-12-05 00:00:00,,546848,,Sarahys Duran
BU345,2025-12-05 00:00:00,,546850,,Sarahys Duran
BU346,2025-12-05 00:00:00,,546845,,Sarahys Duran
BU347,2025-12-05 00:00:00,,546834,,Sarahys Duran
BU348,2025-12-05 00:00:00,,546819,,Sarahys Duran
BU349,2025-12-05 00:00:00,,546791,,Sarahys Duran
BU351,2025-12-05 00:00:00,,546755,,Sarahys Duran
BU355,2025-12-05 00:00:00,,801013,,Sarahys Duran
BU359,2025-12-05 00:00:00,,801017,,Sarahys Duran
BU362,2025-12-05 00:00:00,,546765,,Sarahys Duran
BU373,2025-12-05 00:00:00,,546821,,Sarahys Duran
BU378,2025-12-05 00:00:00,,546768,,Sarahys Duran
BU379,2025-12-05 00:00:00,,801029,,Sarahys Duran
BU2508,2025-12-05 00:00:00,,546778,,Sarahys Duran
BU2516,2025-12-05 00:00:00,,546784,,Sarahys Duran
22192,2025-12-04 00:00:00,7216,,Abraham,
22205,2025-12-04 00:00:00,6821,,Abraham,
23028,2025-12-04 00:00:00,7754,,Abraham,
23058,2025-12-04 00:00:00,7565,,Abraham,
23063,2025-12-04 00:00:00,6941,,Abraham,
23078,2025-12-04 00:00:00,6831,,Abraham,
23084,2025-12-04 00:00:00,7810,,Abraham,
23088,2025-12-04 00:00:00,6777,,Abraham,
23090,2025-12-04 00:00:00,7369,,Abraham,
23095,2025-12-04 00:00:00,7925,,Abraham,
23096,2025-12-04 00:00:00,7791,,Abraham,
23100,2025-12-04 00:00:00,6722,,Abraham,
23102,2025-12-04 00:00:00,7339,,Abraham,
23028,2026-01-21 00:00:00,0000,,extraviado,
23063,2026-01-21 00:00:00,0000,,Extraviado,
23084,2026-01-21 00:00:00,0000,,retiro,
23088,2026-01-21 00:00:00,0000,,retiro,
23090,2026-01-21 00:00:00,0000,,Extraviado,
23100,2026-01-21 00:00:00,0000,,Extraviado,
23102,2026-01-21 00:00:00,0000,,retiro,
23078,2026-01-21 00:00:00,0000,,retiro,
2180A,2025-12-03 00:00:00,7345,801050,Carlos,
2180A,2026-01-23 00:00:00,0000,801050,muerte,
0333,2025-12-03 00:00:00,6724,,Carlos,
3026A,2025-12-03 00:00:00,7994,,Carlos,
2047,2025-12-03 00:00:00,7743,801034,Carlos,
0336,2025-12-03 00:00:00,7738,,Carlos,
BU78,2026-02-06 00:00:00,,546758,,Sarahys Duran
BU79,2026-02-06 00:00:00,,546831,,Sarahys Duran
BU356,2026-02-06 00:00:00,,46757,,Sarahys Duran
BU360,2026-02-06 00:00:00,,546833,,Sarahys Duran
BU363,2026-02-06 00:00:00,,546767,,Sarahys Duran
BU365,2026-02-06 00:00:00,,546815,,Sarahys Duran
BU370,2026-02-06 00:00:00,,46779,,Sarahys Duran
BU371,2026-02-06 00:00:00,,46752,,Sarahys Duran
BU375,2026-02-06 00:00:00,,46775,,Sarahys Duran
23019,2025-11-27 00:00:00,0000,,,
7074,2026-01-23 00:00:00,0000,809811,,
22195,2025-04-02 00:00:00,0351,801090,Marcel Añez,Alberto Linarez
23094,2025-04-02 00:00:00,0223,801019,Marcel Añez,Alberto Linarez
23125,2025-04-02 00:00:00,0275,801026,Marcel Añez,Alberto Linarez
23148,2025-04-02 00:00:00,0329,801091,Marcel Añez,Alberto Linarez
23223,2025-04-02 00:00:00,0431,801009,Marcel Añez,Alberto Linarez
23238,2025-04-02 00:00:00,0285,801004,Marcel Añez,Alberto Linarez
23246,2025-04-02 00:00:00,0241,801075,Marcel Añez,Alberto Linarez
24002,2025-04-02 00:00:00,0504,801067,Marcel Añez,Alberto Linarez
24006,2025-04-02 00:00:00,0405,801063,Marcel Añez,Alberto Linarez
24007,2025-04-02 00:00:00,0296,801076,Marcel Añez,Alberto Linarez
BU048,2025-04-03 00:00:00,,801005,,Sarahys Duran
BU076,2025-04-03 00:00:00,,801049,,Sarahys Duran
BU078,2025-04-03 00:00:00,,801061,,Sarahys Duran
BU312,2025-04-03 00:00:00,,801033,,Sarahys Duran
BU318,2025-04-03 00:00:00,,801023,,Sarahys Duran
BU324,2025-04-03 00:00:00,,801074,,Sarahys Duran
BU353,2025-04-03 00:00:00,,801048,,Sarahys Duran
BU354,2025-04-03 00:00:00,,801081,,Sarahys Duran
BU357,2025-04-03 00:00:00,,801058,,Sarahys Duran
BU358,2025-04-03 00:00:00,,801003,,Sarahys Duran
BU363,2025-04-03 00:00:00,,801088,,Sarahys Duran
BU366,2025-04-03 00:00:00,,801068,,Sarahys Duran
BU368,2025-04-03 00:00:00,,801073,,Sarahys Duran
BU369,2025-04-03 00:00:00,,801012,,Sarahys Duran
BU372,2025-04-03 00:00:00,,801047,,Sarahys Duran
BU376,2025-04-03 00:00:00,,801042,,Sarahys Duran
BU377,2025-04-03 00:00:00,,801046,,Sarahys Duran
BU68,2025-04-03 00:00:00,,801100,,Sarahys Duran
BU70,2025-04-03 00:00:00,,801008,,Sarahys Duran
BU71,2025-04-03 00:00:00,,801025,,Sarahys Duran
BU72,2025-04-03 00:00:00,,801016,,Sarahys Duran
BU76,2025-04-03 00:00:00,,801092,,Sarahys Duran
BU85,2025-04-03 00:00:00,,801041,,Sarahys Duran
BU88,2025-04-03 00:00:00,,801002,,Sarahys Duran
BU89,2025-04-03 00:00:00,,801014,,Sarahys Duran
BU92,2025-04-03 00:00:00,,801056,,Sarahys Duran
BU93,2025-04-03 00:00:00,,801055,,Sarahys Duran
BU82,2025-04-03 00:00:00,,801059,,Sarahys Duran
0127,2025-04-08 00:00:00,0248,801078,Marcel Añez,Sarahys Duran
0204B,2025-04-08 00:00:00,0258,801006,Marcel Añez,Sarahys Duran
1055A,2025-04-08 00:00:00,0205,801027,Marcel Añez,Sarahys Duran
1096A,2025-04-08 00:00:00,0193,801052,Marcel Añez,Sarahys Duran
2054,2025-04-08 00:00:00,0219,801030,Marcel Añez,Sarahys Duran
2056,2025-04-08 00:00:00,0482,801065,Marcel Añez,Sarahys Duran
SN50,2025-04-08 00:00:00,0389,801093,Marcel Añez,Sarahys Duran
0293,2025-04-08 00:00:00,0162,801028,Marcel Añez,Sarahys Duran
1166,2025-04-08 00:00:00,0270,801039,Marcel Añez,Sarahys Duran
2204,2025-04-08 00:00:00,0254,801086,Marcel Añez,Sarahys Duran
0198,2025-04-09 00:00:00,0320,801084,Marcel Añez,Sarahys Duran
0216A,2025-04-09 00:00:00,0364,801099,Marcel Añez,Sarahys Duran
1027,2025-04-09 00:00:00,0228,801001,Marcel Añez,Sarahys Duran
1101,2025-04-09 00:00:00,0349,801057,Marcel Añez,Sarahys Duran
1148,2025-04-09 00:00:00,0302,801040,Marcel Añez,Sarahys Duran
1154,2025-04-09 00:00:00,0401,801082,Marcel Añez,Sarahys Duran
1165,2025-04-09 00:00:00,0508,801064,Marcel Añez,Sarahys Duran
2050,2026-04-01 00:00:00,0000,,el arete se partio de la base y se extravio,
23095,2026-04-05 00:00:00,0000,,,
23096,2026-04-10 00:00:00,0000,,se evidencio la predida del arete al momento de traslado,
22205,2026-02-15 00:00:00,0000,,,
22192,2026-02-15 00:00:00,0000,,exttraviado,
23096,2026-02-15 00:00:00,0000,,extraviado,
23058,2026-05-04 00:00:00,0000,,retiro,
BU75,2026-06-26 00:00:00,,546774,,
BU83,2026-05-26 00:00:00,,546835,,
23139,2026-06-11 00:00:00,0000,,,
23053,2026-06-12 00:00:00,0000,,,
2047,2026-05-15 00:00:00,0000,801034,encontrado en potrero rompio arnes,
23085,2026-03-15 00:00:00,0000,,,
0259,2026-05-15 00:00:00,0000,,MARCEL,
1091A,2026-05-15 00:00:00,0000,,MARCEL,
2226,2026-05-15 00:00:00,0000,751316,Marcel Añez,
7067,2026-05-15 00:00:00,0000,,MARCEL,
5150,2026-05-15 00:00:00,0000,,MARCEL,
2021,2026-05-15 00:00:00,0000,,MARCEL,
8036,2026-05-15 00:00:00,0000,751301,Marcel Añez,
3021A,2026-05-15 00:00:00,0000,,MARCEL,
0336,2026-05-15 00:00:00,0000,,MARCEL,
6043,2026-05-15 00:00:00,0000,,MARCEL,
2040,2026-05-15 00:00:00,0000,801037,Marcel Añez,
23020,2026-08-13 00:00:00,6929,,ABRAHAM,
23053,2026-08-13 00:00:00,6968,,ABRAHAM,
23116,2026-08-13 00:00:00,80019570,,ABRAHAM,
23120,2026-08-13 00:00:00,6940,,ABRAHAM,
23212,2026-08-13 00:00:00,6980,,ABRAHAM,
23116,2026-08-13 00:00:00,6881,,Abraham,
6037,2026-05-15 00:00:00,0000,801095,,
BU94,2026-09-02 00:00:00,,546846,,
BU315,2026-08-27 00:00:00,,546842,,
2143,2026-05-15 00:00:00,0000,,RETIRADO EN BRETE,
23053,2026-05-19 00:00:00,0000,,,
BU325,2026-05-21 00:00:00,,546811,,
BU009,2026-05-21 00:00:00,,546771,SARAHYS,
BU84,2026-05-20 00:00:00,,546810,,SARAHYS
BU69,2026-05-20 00:00:00,,546820,,SARAHYS
BU374,2026-05-20 00:00:00,,546814,,SARAHYS
BU091,2026-05-26 00:00:00,,546841,,SARAHYS
BU092,2026-05-26 00:00:00,,546754,,SARAHYS
BU095,2026-05-26 00:00:00,,546818,,SARAHYS
BU099,2026-05-26 00:00:00,,546812,,SARAHYS
BU20,2026-05-26 00:00:00,,546756,,SARAHYS
BU301,2026-05-26 00:00:00,,546783,,SARAHYS
BU303,2026-05-26 00:00:00,,546773,,SARAHYS
BU304,2026-05-26 00:00:00,,546789,,SARAHYS
BU306,2026-05-26 00:00:00,,546826,,SARAHYS
BU313,2026-05-26 00:00:00,,546804,,SARAHYS
BU322,2026-05-26 00:00:00,,546766,,SARAHYS
BU323,2026-05-26 00:00:00,,546840,,SARAHYS
BU328,2026-05-26 00:00:00,,546816,,SARAHYS
BU67,2026-05-26 00:00:00,,546788,,SARAHYS
23020,2026-05-07 00:00:00,7224,,Abraham,
23053,2026-05-07 00:00:00,7225,,Abraham,
23063,2026-05-07 00:00:00,6670,,Abraham,
23118,2026-05-07 00:00:00,7176,,Abraham,
23120,2026-05-07 00:00:00,7624,,Abraham,
23156,2026-05-07 00:00:00,6731,,Abraham,
23165,2026-05-07 00:00:00,7077,,Abraham,
23212,2026-05-07 00:00:00,6726,,Abraham,
24029,2026-05-07 00:00:00,7355,,Abraham,
23116,2026-05-07 00:00:00,6928,,Abraham,
23125,2026-05-26 00:00:00,6628,,Jose Mejias,
23237,2026-05-26 00:00:00,6640,,Jose Mejias,
24021,2026-05-26 00:00:00,6741,,Jose Mejias,
23232,2026-05-26 00:00:00,7809,,Jose Mejias,
23139,2026-05-26 00:00:00,7825,,Jose Mejias,
23246,2026-05-26 00:00:00,7838,,Jose Mejias,
23053,2026-06-03 00:00:00,7225,,Abraham,
