id,nro_animal,fecha_descorne,responsable
1,1056,2022-11-28 00:00:00,
2,1109B,2023-01-23 00:00:00,
3,2011A,2022-11-28 00:00:00,
4,2019,2022-11-28 00:00:00,
5,2114,2022-11-30 00:00:00,
6,2115,2022-12-01 00:00:00,
7,2116,2022-11-30 00:00:00,
8,2119,2022-11-28 00:00:00,
9,2120,2022-11-30 00:00:00,
10,2121,2022-11-28 00:00:00,
11,2122,2022-11-28 00:00:00,
12,2125,2022-11-28 00:00:00,
13,2126,2022-11-30 00:00:00,
14,2132,2022-11-28 00:00:00,
15,2135,2022-12-01 00:00:00,
16,2136,2022-12-01 00:00:00,
17,2137,2022-11-28 00:00:00,
18,21391,2022-11-28 00:00:00,
19,2140,2022-11-28 00:00:00,
20,2141,2022-11-28 00:00:00,
21,2143A,2022-11-28 00:00:00,
22,2145,2022-11-28 00:00:00,
23,2146,2022-11-28 00:00:00,
24,2147,2022-11-30 00:00:00,
25,2148,2022-11-28 00:00:00,
26,2149B,2022-11-30 00:00:00,
27,2150A,2022-12-01 00:00:00,
28,2153,2022-12-01 00:00:00,
29,2154,2022-11-30 00:00:00,
30,2155,2022-11-30 00:00:00,
31,2157,2022-12-01 00:00:00,
32,2159,2022-11-30 00:00:00,
33,2160,2022-11-30 00:00:00,
34,2164,2022-12-01 00:00:00,
35,2165,2022-12-01 00:00:00,
36,2166,2022-12-01 00:00:00,
37,2173,2022-11-30 00:00:00,
38,2175,2022-12-14 00:00:00,
39,2176,2022-12-14 00:00:00,
40,2177,2022-12-14 00:00:00,
41,2178,2022-12-14 00:00:00,
42,2180,2022-12-14 00:00:00,
43,2181,2022-12-14 00:00:00,
44,2182,2022-12-14 00:00:00,
45,2183,2023-01-09 00:00:00,
46,2184,2023-01-09 00:00:00,
47,2185,2023-01-09 00:00:00,
48,2186,2023-01-09 00:00:00,
49,2187,2023-01-09 00:00:00,
50,2188,2023-01-09 00:00:00,
51,2189,2023-01-09 00:00:00,
52,2190,2023-01-09 00:00:00,
53,2191,2023-01-09 00:00:00,
54,2192,2023-01-09 00:00:00,
55,2193,2023-01-09 00:00:00,
56,2194,2023-01-09 00:00:00,
57,2195,2023-01-09 00:00:00,
58,2196,2023-01-09 00:00:00,
59,2197,2023-01-09 00:00:00,
60,2198,2023-01-09 00:00:00,
61,2199,2023-01-09 00:00:00,
62,2205,2023-01-09 00:00:00,
63,2206,2023-01-09 00:00:00,
64,2207,2023-01-09 00:00:00,
65,2209,2023-01-09 00:00:00,
66,22112,2022-11-28 00:00:00,
67,22117,2022-11-28 00:00:00,
68,22118,2022-11-28 00:00:00,
69,22131,2022-12-01 00:00:00,
70,22142,2022-11-28 00:00:00,
71,22144,2022-11-28 00:00:00,
72,22151,2022-11-30 00:00:00,
73,22158,2022-11-30 00:00:00,
74,22161,2022-11-30 00:00:00,
75,23110,2023-07-06 00:00:00,
76,23111,2023-07-06 00:00:00,
77,23113,2023-07-26 00:00:00,
78,23114,2023-07-29 00:00:00,
79,23115,2023-07-29 00:00:00,
80,23116,2023-07-26 00:00:00,
81,23118,2023-07-29 00:00:00,
82,23119,2023-07-29 00:00:00,
83,23120,2023-07-29 00:00:00,
84,23121,2023-07-29 00:00:00,
85,23122,2023-07-26 00:00:00,
86,23123,2023-07-26 00:00:00,
87,23124,2023-07-26 00:00:00,
88,23125,2023-07-29 00:00:00,
89,23126,2023-08-02 00:00:00,
90,23127,2023-08-02 00:00:00,
91,23128,2023-08-02 00:00:00,
92,23129,2023-08-02 00:00:00,
93,23130,2023-08-09 00:00:00,
94,23132,2023-08-09 00:00:00,
95,23133,2023-08-09 00:00:00,
96,23134,2023-08-19 00:00:00,
97,23136,2023-08-19 00:00:00,
98,23137,2023-08-19 00:00:00,
99,23138,2023-08-19 00:00:00,
100,23139,2023-08-19 00:00:00,
101,23140,2023-08-19 00:00:00,
102,23141,2023-08-19 00:00:00,
103,23148,2023-08-19 00:00:00,
104,3001,2023-01-09 00:00:00,
105,3002,2023-01-09 00:00:00,
106,3003,2023-01-09 00:00:00,
107,3004,2023-01-09 00:00:00,
108,3005,2023-01-23 00:00:00,
109,3006,2023-01-23 00:00:00,
110,3007,2023-01-23 00:00:00,
111,3008,2023-01-23 00:00:00,
112,3009,2023-01-23 00:00:00,
113,3010,2023-01-23 00:00:00,
114,3011,2023-01-23 00:00:00,
115,3012,2023-03-09 00:00:00,
116,3013,2023-03-15 00:00:00,
117,3014,2023-03-15 00:00:00,
118,3015A,2023-03-15 00:00:00,
119,3018,2023-02-27 00:00:00,
120,3019,2023-03-27 00:00:00,
121,3020,2023-03-24 00:00:00,
122,3021,2023-03-27 00:00:00,
123,3022,2023-03-27 00:00:00,
124,3023,2023-03-27 00:00:00,
125,3024,2023-03-27 00:00:00,
126,3026,2023-03-24 00:00:00,
127,3027,2023-03-27 00:00:00,
128,3028,2023-03-24 00:00:00,
129,23029,2023-03-24 00:00:00,
130,3030,2023-03-27 00:00:00,
131,3033,2023-03-27 00:00:00,
132,3034,2023-03-24 00:00:00,
133,3035,2023-04-14 00:00:00,
134,3038,2023-04-14 00:00:00,
135,3039,2023-04-19 00:00:00,
136,3040,2023-04-14 00:00:00,
137,3041,2023-04-14 00:00:00,
138,3042,2023-04-14 00:00:00,
139,3043A,2023-04-14 00:00:00,
140,3044,2023-04-14 00:00:00,
141,3045,2023-04-14 00:00:00,
142,3046,2023-04-14 00:00:00,
143,3047,2023-04-14 00:00:00,
144,3048,2023-04-14 00:00:00,
145,3049,2023-04-14 00:00:00,
146,3050,2023-04-19 00:00:00,
147,3051,2023-04-19 00:00:00,
148,3052,2023-04-19 00:00:00,
149,3053,2023-04-19 00:00:00,
150,3054,2023-04-26 00:00:00,
151,3055,2023-04-26 00:00:00,
152,3056,2023-04-26 00:00:00,
153,3057,2023-04-26 00:00:00,
154,3058,2023-04-26 00:00:00,
155,3059,2023-05-05 00:00:00,
156,3060,2023-05-05 00:00:00,
157,3061,2023-05-05 00:00:00,
158,3062,2023-05-05 00:00:00,
159,3063,2023-05-05 00:00:00,
160,3064,2023-05-05 00:00:00,
161,3065,2023-05-05 00:00:00,
162,23066,2023-05-08 00:00:00,
163,3067,2023-05-08 00:00:00,
164,3068,2023-05-08 00:00:00,
165,3069,2023-05-08 00:00:00,
166,23070,2023-05-13 00:00:00,
167,3071,2023-05-13 00:00:00,
168,3072,2023-05-13 00:00:00,
169,3073,2023-05-13 00:00:00,
170,3074,2023-05-13 00:00:00,
171,23075,2023-05-13 00:00:00,
172,3076,2023-05-13 00:00:00,
173,3077,2023-05-13 00:00:00,
174,3078,2023-05-23 00:00:00,
175,3079,2023-05-23 00:00:00,
176,3080,2023-05-23 00:00:00,
177,3081,2023-05-23 00:00:00,
178,3082,2023-06-14 00:00:00,
179,3083,2023-06-14 00:00:00,
180,3084A,2023-06-14 00:00:00,
181,3085,2023-06-14 00:00:00,
182,23086,2023-06-14 00:00:00,
183,3087,2023-06-14 00:00:00,
184,3088,2023-06-14 00:00:00,
185,23089,2023-06-14 00:00:00,
186,3090,2023-06-14 00:00:00,
187,3091,2023-06-14 00:00:00,
188,3092,2023-06-14 00:00:00,
189,3093A,2023-06-14 00:00:00,
190,23094,2023-06-14 00:00:00,
191,3095,2023-06-14 00:00:00,
192,3096,2023-06-14 00:00:00,
193,23097,2023-06-14 00:00:00,
194,3098,2023-06-14 00:00:00,
195,3099,2023-06-14 00:00:00,
196,23100,2023-07-06 00:00:00,
197,3101,2023-07-06 00:00:00,
198,3102,2023-07-06 00:00:00,
199,3103,2023-07-06 00:00:00,
200,3104A,2023-07-06 00:00:00,
201,3105,2023-07-06 00:00:00,
202,3106,2023-07-06 00:00:00,
203,3107A,2023-07-06 00:00:00,
204,3108A,2023-07-06 00:00:00,
205,23109,2023-07-06 00:00:00,
206,3502,2023-03-27 00:00:00,
207,5062,2023-01-09 00:00:00,
208,8036,2022-12-01 00:00:00,
209,23142,2023-09-05 00:00:00,
210,23144,2023-09-05 00:00:00,
211,23145,2023-09-05 00:00:00,
212,23146,2023-09-05 00:00:00,
213,23147,2023-09-05 00:00:00,
214,23149,2023-09-05 00:00:00,
215,23150,2023-09-05 00:00:00,
216,23151,2023-09-05 00:00:00,
217,23152,2023-09-05 00:00:00,
218,23153,2023-09-05 00:00:00,
219,23156,2023-09-14 00:00:00,
220,23157,2023-09-14 00:00:00,
221,23158,2023-09-14 00:00:00,
222,23159,2023-09-14 00:00:00,
223,23160,2023-09-14 00:00:00,
224,23162,2023-09-14 00:00:00,
225,23164,2023-09-14 00:00:00,
226,23165,2023-09-14 00:00:00,
227,23163,2023-09-28 00:00:00,
228,23166,2023-09-28 00:00:00,
229,23168,2023-09-28 00:00:00,
230,23169,2023-09-28 00:00:00,
231,23170,2023-09-28 00:00:00,
232,23171,2023-09-28 00:00:00,
233,23172,2023-09-28 00:00:00,
234,23173,2023-09-28 00:00:00,
235,23174,2023-10-12 00:00:00,
236,23175,2023-10-12 00:00:00,
237,23176,2023-10-12 00:00:00,
238,23177,2023-10-12 00:00:00,
239,23178,2023-10-12 00:00:00,
240,23180,2023-10-12 00:00:00,
241,23182,2023-10-12 00:00:00,
242,23183,2023-10-12 00:00:00,
243,23184,2023-10-12 00:00:00,
244,23185,2023-10-12 00:00:00,
245,23186,2023-10-12 00:00:00,
246,23187,2023-10-12 00:00:00,
247,23188,2023-10-12 00:00:00,
248,23193,2023-10-30 00:00:00,
249,23196,2023-10-30 00:00:00,
250,23197,2023-10-30 00:00:00,
251,23198,2023-10-30 00:00:00,
252,23200,2023-10-30 00:00:00,
253,23202,2023-11-16 00:00:00,
254,23203,2023-11-16 00:00:00,
255,23204,2023-11-16 00:00:00,
256,23210,2023-11-16 00:00:00,
257,23211,2023-11-27 00:00:00,
258,23207,2023-11-14 00:00:00,
259,23189,2023-10-30 00:00:00,
260,23201,2023-11-09 00:00:00,
261,24002,2024-01-17 00:00:00,
262,24001,2024-01-17 00:00:00,
263,24003,2024-02-28 00:00:00,
264,24004,2024-02-28 00:00:00,
266,24008,2024-02-28 00:00:00,
267,24009,2024-02-28 00:00:00,
268,24014,2024-02-28 00:00:00,
269,24019,2024-02-28 00:00:00,
270,24020,2024-02-28 00:00:00,
272,24024,2024-02-28 00:00:00,
273,24033,2024-02-28 00:00:00,
274,24034,2024-02-28 00:00:00,
275,24045,2024-02-28 00:00:00,
276,23212,2023-12-19 00:00:00,
277,23215,2023-12-19 00:00:00,
278,23216,2023-12-19 00:00:00,
279,23218,2023-12-19 00:00:00,
280,23220,2023-12-19 00:00:00,
281,23222,2024-01-17 00:00:00,
282,23223,2024-01-17 00:00:00,
283,23224,2024-01-17 00:00:00,
284,23225,2024-01-17 00:00:00,
285,23227,2024-01-17 00:00:00,
286,23231,2024-01-17 00:00:00,
287,23230,2024-01-17 00:00:00,
288,23233,2024-01-17 00:00:00,
289,23232,2024-01-17 00:00:00,
290,23235,2024-01-17 00:00:00,
291,23237,2024-01-17 00:00:00,
292,23236,2024-01-17 00:00:00,
293,23238,2024-01-17 00:00:00,
294,23239,2024-01-17 00:00:00,
295,23240,2024-01-17 00:00:00,
296,23241,2024-01-17 00:00:00,
297,23242,2024-01-17 00:00:00,
298,23243,2024-01-17 00:00:00,
299,23244,2024-01-17 00:00:00,
300,23246,2024-01-17 00:00:00,
301,23248,2024-01-17 00:00:00,
302,23249,2024-01-17 00:00:00,
303,23251,2024-01-17 00:00:00,
410,24164,2024-08-06 00:00:00,
411,24170,2024-08-06 00:00:00,
412,24181,2024-08-06 00:00:00,
413,24190,2024-08-06 00:00:00,
414,24178,2024-08-06 00:00:00,
415,24180,2024-08-06 00:00:00,
416,24182,2024-08-06 00:00:00,
417,24188,2024-08-06 00:00:00,
418,24195,2024-08-06 00:00:00,
419,24169,2024-07-20 00:00:00,
420,24168,2024-07-20 00:00:00,
421,24165,2024-07-20 00:00:00,
422,24163,2024-07-20 00:00:00,
423,24162,2024-07-20 00:00:00,
424,24159,2024-07-20 00:00:00,
425,24158,2024-07-20 00:00:00,
426,24156,2024-07-20 00:00:00,
427,24155,2024-07-20 00:00:00,
428,24151,2024-07-20 00:00:00,
429,24150,2024-07-20 00:00:00,
430,24147,2024-07-20 00:00:00,
431,24146,2024-07-20 00:00:00,
432,24143,2024-07-20 00:00:00,
433,21144,2024-07-20 00:00:00,
434,24152,2024-07-20 00:00:00,
435,24142,2024-07-20 00:00:00,
436,24137,2024-07-20 00:00:00,
437,24140,2024-07-20 00:00:00,
438,24135,2024-07-20 00:00:00,
439,24127,2024-07-20 00:00:00,
440,24132,2024-05-22 00:00:00,
441,24130,2024-05-22 00:00:00,
442,24128,2024-05-22 00:00:00,
443,24126,2024-05-22 00:00:00,
444,24124,2024-05-22 00:00:00,
445,24125,2024-05-22 00:00:00,
446,24123,2024-05-22 00:00:00,
447,24120,2024-05-22 00:00:00,
448,24119,2024-05-22 00:00:00,
449,24131,2024-05-22 00:00:00,
450,24134,2024-05-22 00:00:00,
451,24118,2024-05-04 00:00:00,
452,24113,2024-05-04 00:00:00,
453,24109,2024-05-04 00:00:00,
454,24108,2024-05-04 00:00:00,
455,24106,2024-05-04 00:00:00,
456,24102,2024-05-04 00:00:00,
457,24096,2024-05-04 00:00:00,
458,24072,2024-05-04 00:00:00,
459,24062,2024-05-04 00:00:00,
460,24060,2024-05-04 00:00:00,
461,24056,2024-05-04 00:00:00,
462,24050,2024-05-04 00:00:00,
463,24116,2024-04-30 00:00:00,
464,24111,2024-04-30 00:00:00,
465,24105,2024-04-30 00:00:00,
466,24087,2024-04-30 00:00:00,
467,24065,2024-04-30 00:00:00,
468,24068,2024-04-30 00:00:00,
469,24044,2024-04-30 00:00:00,
470,24031,2024-04-30 00:00:00,
471,24099,2024-04-13 00:00:00,
472,24097,2024-04-13 00:00:00,
473,24095,2024-04-13 00:00:00,
474,24091,2024-04-13 00:00:00,
475,24088,2024-04-13 00:00:00,
476,24090,2024-04-13 00:00:00,
477,24080,2024-04-13 00:00:00,
478,24070,2024-04-13 00:00:00,
479,24069,2024-04-13 00:00:00,
480,24059,2024-04-13 00:00:00,
481,24055,2024-04-13 00:00:00,
482,24058,2024-04-13 00:00:00,
483,24052,2024-04-13 00:00:00,
484,24053,2024-04-13 00:00:00,
485,24075,2024-04-02 00:00:00,
486,24074,2024-04-02 00:00:00,
487,24076,2024-04-02 00:00:00,
488,30212,2024-04-02 00:00:00,
489,24086,2024-04-02 00:00:00,
490,24073,2024-04-02 00:00:00,
491,24081,2024-04-02 00:00:00,
492,24071,2024-04-02 00:00:00,
493,24101,2024-03-15 00:00:00,
494,24084,2024-03-15 00:00:00,
495,24061,2024-03-15 00:00:00,
496,24054,2024-03-15 00:00:00,
497,24051,2024-03-15 00:00:00,
498,24040,2024-03-15 00:00:00,
499,24036,2024-03-15 00:00:00,
500,24032,2024-03-15 00:00:00,
501,24043,2024-02-28 00:00:00,
502,24023,2024-02-28 00:00:00,
504,24017,2024-02-28 00:00:00,
507,24007,2024-02-28 00:00:00,
508,24021,2024-02-28 00:00:00,
509,24018,2024-02-28 00:00:00,
510,24025,2024-02-28 00:00:00,
511,24028,2024-02-28 00:00:00,
512,24042,2024-02-28 00:00:00,
513,23250,2024-01-17 00:00:00,
514,23252,2024-01-17 00:00:00,
515,24197,2024-08-10 00:00:00,
516,24198,2024-08-10 00:00:00,
517,24199,2024-08-10 00:00:00,
518,24200,2024-08-10 00:00:00,
519,24201,2024-08-10 00:00:00,
520,24202,2024-08-10 00:00:00,
521,24203,2024-08-10 00:00:00,
522,24191,2024-08-12 00:00:00,
523,24193,2024-08-12 00:00:00,
524,24194,2024-08-12 00:00:00,
525,24189,2024-08-12 00:00:00,
526,24211,2024-08-24 00:00:00,
527,24212,2024-08-24 00:00:00,
528,24210,2024-08-24 00:00:00,
529,24209,2024-08-24 00:00:00,
530,24208,2024-08-24 00:00:00,
531,24207,2024-08-17 00:00:00,
532,24206,2024-08-17 00:00:00,
533,24205,2024-08-17 00:00:00,
534,24204,2024-08-24 00:00:00,
535,24177,2024-07-22 00:00:00,
536,24213,2024-08-31 00:00:00,
537,24214,2024-08-31 00:00:00,
538,24031,2024-09-03 00:00:00,
539,24027,2024-09-03 00:00:00,
540,24011,2024-09-03 00:00:00,
541,23201,2024-09-05 00:00:00,
542,24040,2024-09-05 00:00:00,
543,24055,2024-09-05 00:00:00,
544,23202,2024-09-05 00:00:00,
545,24215,2024-09-07 00:00:00,
546,24216,2024-09-07 00:00:00,
547,24217,2024-09-07 00:00:00,
548,24218,2024-09-07 00:00:00,
549,24219,2024-09-14 00:00:00,
550,24220,2024-09-14 00:00:00,
551,24221,2024-09-14 00:00:00,
552,24222,2024-09-14 00:00:00,
553,24223,2024-09-21 00:00:00,
554,24224,2024-09-21 00:00:00,
555,24225,2024-09-21 00:00:00,
556,24228,2024-09-21 00:00:00,
557,24229,2024-09-21 00:00:00,
558,24230,2024-09-21 00:00:00,
559,24231,2024-10-10 00:00:00,
560,24232,2024-10-10 00:00:00,
561,24233,2024-10-10 00:00:00,
562,24234,2024-10-10 00:00:00,
563,24235,2024-10-10 00:00:00,
564,24236,2024-10-10 00:00:00,
565,24237,2024-10-12 00:00:00,
566,24238,2024-10-12 00:00:00,
567,24239,2024-10-12 00:00:00,
568,24240,2024-10-12 00:00:00,
569,24244,2024-10-19 00:00:00,
570,24243,2024-10-19 00:00:00,
571,24242,2024-10-19 00:00:00,
572,24245,2024-11-19 00:00:00,
573,24246,2024-11-19 00:00:00,
574,24247,2024-11-19 00:00:00,
575,24248,2024-11-19 00:00:00,
576,24249,2024-11-19 00:00:00,
577,24250,2024-11-19 00:00:00,
578,24251,2024-11-19 00:00:00,
579,24252,2024-11-19 00:00:00,
580,24119,2024-11-21 00:00:00,
581,24047,2024-11-21 00:00:00,
582,24095,2024-11-21 00:00:00,
583,24066,2024-11-21 00:00:00,
584,24044,2024-11-21 00:00:00,
585,24077,2024-11-21 00:00:00,
586,24125,2024-11-21 00:00:00,
587,24092,2024-11-21 00:00:00,
588,24255,2024-11-30 00:00:00,
589,24256,2024-11-30 00:00:00,
590,24258,2024-11-30 00:00:00,
591,24259,2024-11-30 00:00:00,
592,24260,2024-11-30 00:00:00,
593,24261,2024-11-30 00:00:00,
594,24262,2024-11-30 00:00:00,
595,24263,2024-11-30 00:00:00,
604,24254,2024-12-07 00:00:00,
605,24264,2024-12-07 00:00:00,
606,24265,2024-12-07 00:00:00,
607,24268,2024-12-07 00:00:00,
608,24269,2024-12-07 00:00:00,
609,24270,2024-12-07 00:00:00,
610,24271,2024-12-07 00:00:00,
611,24272,2024-12-07 00:00:00,
612,24273,2024-12-11 00:00:00,
613,24274,2024-12-11 00:00:00,
614,24275,2024-12-11 00:00:00,
615,24276,2024-12-11 00:00:00,
616,24277,2024-12-11 00:00:00,
617,24278,2024-12-11 00:00:00,
618,24279,2024-12-11 00:00:00,
619,24280,2024-12-11 00:00:00,
620,24282,2024-12-11 00:00:00,
621,24283,2024-12-11 00:00:00,
622,24284,2024-12-11 00:00:00,
623,24285,2024-12-18 00:00:00,
624,24286,2024-12-18 00:00:00,
625,24287,2024-12-18 00:00:00,
626,24288,2024-12-18 00:00:00,
627,24289,2025-01-14 00:00:00,
628,24290,2025-01-14 00:00:00,
629,24291,2025-01-14 00:00:00,
630,24292,2025-01-14 00:00:00,
631,24296,2025-01-14 00:00:00,
632,24297,2025-01-14 00:00:00,
633,24298,2025-01-14 00:00:00,
634,24304,2025-01-14 00:00:00,
635,25001,2025-01-14 00:00:00,
636,25002,2025-01-14 00:00:00,
637,25003,2025-01-14 00:00:00,
638,25004,2025-01-14 00:00:00,
639,25005,2025-01-14 00:00:00,
640,25014,2025-01-29 00:00:00,
641,25012,2025-01-29 00:00:00,
642,25011,2025-01-29 00:00:00,
643,J25001,2025-01-29 00:00:00,
644,25010,2025-01-29 00:00:00,
645,25009,2025-01-29 00:00:00,
646,25008,2025-01-29 00:00:00,
647,25007,2025-01-29 00:00:00,
648,24300,2025-01-29 00:00:00,
649,24299,2025-01-29 00:00:00,
650,25020,2025-02-08 00:00:00,
651,25021,2025-02-08 00:00:00,
652,25022,2025-02-08 00:00:00,
653,25023,2025-02-08 00:00:00,
654,25017,2025-02-08 00:00:00,
655,25018,2025-02-08 00:00:00,
656,25024,2025-02-22 00:00:00,
657,25025,2025-02-22 00:00:00,
658,25026,2025-02-22 00:00:00,
659,25027,2025-02-22 00:00:00,
660,25028,2025-02-22 00:00:00,
661,25030,2025-02-22 00:00:00,
662,J25031,2025-02-22 00:00:00,
663,25034,2025-02-22 00:00:00,
664,25035,2025-02-22 00:00:00,
665,25036,2025-02-22 00:00:00,
666,24039,2025-03-05 00:00:00,
667,25037,2025-03-08 00:00:00,
668,25046,2025-03-08 00:00:00,
669,25047,2025-03-08 00:00:00,
670,25048,2025-03-08 00:00:00,
671,25039,2025-03-22 00:00:00,
672,j25049,2025-03-22 00:00:00,
673,25050,2025-03-22 00:00:00,
674,25051,2025-03-22 00:00:00,
675,25052,2025-03-22 00:00:00,
676,25039,2025-03-22 00:00:00,
677,j25049,2025-03-22 00:00:00,
678,25050,2025-03-22 00:00:00,
679,25051,2025-03-22 00:00:00,
680,25052,2025-03-22 00:00:00,
681,25040,2025-03-29 00:00:00,
682,25053,2025-03-29 00:00:00,
683,25054,2025-03-29 00:00:00,
684,25055,2025-03-29 00:00:00,
685,25056,2025-03-29 00:00:00,
686,25058,2025-03-29 00:00:00,
687,25059,2025-03-29 00:00:00,
688,25060,2025-03-29 00:00:00,
689,25061,2025-03-29 00:00:00,
690,25062,2025-04-12 00:00:00,
691,25063,2025-04-12 00:00:00,
692,25064,2025-04-12 00:00:00,
693,25065,2025-04-12 00:00:00,
694,25066,2025-04-12 00:00:00,
695,25067,2025-04-12 00:00:00,
696,25068,2025-04-12 00:00:00,
697,25069,2025-04-12 00:00:00,
698,25070,2025-04-12 00:00:00,
699,24302,2025-04-14 00:00:00,
700,24303,2025-04-14 00:00:00,
701,25006,2025-04-14 00:00:00,
702,25013,2025-04-14 00:00:00,
703,25015,2025-04-14 00:00:00,
704,25029,2025-04-14 00:00:00,
705,25032,2025-04-14 00:00:00,
706,25033,2025-04-14 00:00:00,
707,25038,2025-04-14 00:00:00,
708,25044,2025-04-14 00:00:00,
709,25045,2025-04-14 00:00:00,
710,25071,2025-04-14 00:00:00,
711,25074,2025-04-14 00:00:00,
712,25073,2025-04-26 00:00:00,
713,25075,2025-04-26 00:00:00,
714,25076,2025-04-26 00:00:00,
715,25077,2025-04-26 00:00:00,
716,25078,2025-04-26 00:00:00,
717,25080,2025-04-26 00:00:00,
718,25081,2025-04-26 00:00:00,
719,25082,2025-04-26 00:00:00,
720,25083,2025-04-26 00:00:00,
721,25084,2025-04-26 00:00:00,
722,25085,2025-04-26 00:00:00,
723,25086,2025-04-26 00:00:00,
724,25087,2025-05-03 00:00:00,
725,25088,2025-05-03 00:00:00,
726,25089,2025-05-03 00:00:00,
727,25090,2025-05-03 00:00:00,
728,25091,2025-05-03 00:00:00,
729,25093,2025-05-03 00:00:00,
730,25095,2025-05-03 00:00:00,
731,25096,2025-05-03 00:00:00,
732,25097,2025-05-03 00:00:00,
733,25098,2025-05-03 00:00:00,
734,25099,2025-05-10 00:00:00,
735,25100,2025-05-10 00:00:00,
736,25101,2025-05-10 00:00:00,
737,25102,2025-05-10 00:00:00,
738,25104,2025-05-10 00:00:00,
739,25103,2025-05-17 00:00:00,
740,25105,2025-05-17 00:00:00,
741,25106,2025-05-17 00:00:00,
742,25107,2025-05-17 00:00:00,
743,25108,2025-05-17 00:00:00,
744,25109,2025-05-17 00:00:00,
745,25110,2025-05-17 00:00:00,
746,25111,2025-05-23 00:00:00,
747,25112,2025-05-23 00:00:00,
748,25113,2025-05-23 00:00:00,
749,25114,2025-05-23 00:00:00,
750,25115,2025-05-23 00:00:00,
751,25116,2025-05-23 00:00:00,
752,25117,2025-05-23 00:00:00,
753,25119,2025-05-23 00:00:00,
754,25120,2025-05-23 00:00:00,
755,25121,2025-05-23 00:00:00,
756,25118,2025-06-13 00:00:00,
760,25122,2025-06-13 00:00:00,
761,25123,2025-06-13 00:00:00,
762,25124,2025-06-13 00:00:00,
763,25125,2025-06-13 00:00:00,
764,25126,2025-06-13 00:00:00,
765,25127,2025-06-13 00:00:00,
766,25128,2025-06-13 00:00:00,
767,25129,2025-06-13 00:00:00,
768,25130,2025-06-13 00:00:00,
769,25131,2025-06-13 00:00:00,
770,25132,2025-06-13 00:00:00,
771,25133,2025-06-13 00:00:00,
772,25135,2025-06-13 00:00:00,
773,25136,2025-06-13 00:00:00,
774,25134,2025-06-23 00:00:00,
775,25138,2025-06-23 00:00:00,
776,25139,2025-06-23 00:00:00,
777,25140,2025-06-23 00:00:00,
778,25141,2025-06-23 00:00:00,
779,25142,2025-06-23 00:00:00,
780,25143,2025-06-23 00:00:00,
781,25144,2025-06-23 00:00:00,
782,25145,2025-06-23 00:00:00,
783,25146,2025-06-23 00:00:00,
784,25147,2025-06-23 00:00:00,
785,25137,2025-06-27 00:00:00,
786,25043,2025-07-02 00:00:00,
787,25151,2025-07-02 00:00:00,
788,25152,2025-07-02 00:00:00,
789,25148,2025-07-07 00:00:00,
790,25149,2025-07-07 00:00:00,
791,25150,2025-07-07 00:00:00,
792,25154,2025-07-07 00:00:00,
793,25155,2025-07-07 00:00:00,
794,25156,2025-07-07 00:00:00,
795,25157,2025-07-07 00:00:00,
796,25158,2025-08-04 00:00:00,
797,25159,2025-08-04 00:00:00,
798,25161,2025-08-04 00:00:00,
799,25162,2025-08-04 00:00:00,
800,25163,2025-08-04 00:00:00,
801,25164,2025-08-04 00:00:00,
802,25165,2025-08-04 00:00:00,
803,25166,2025-08-04 00:00:00,
804,25167,2025-08-04 00:00:00,
805,25168,2025-08-04 00:00:00,
806,25169,2025-08-04 00:00:00,
807,25170,2025-08-04 00:00:00,
808,25171,2025-08-04 00:00:00,
809,25173,2025-08-22 00:00:00,
810,25174,2025-08-22 00:00:00,
811,25175,2025-08-22 00:00:00,
812,25176,2025-08-22 00:00:00,
813,25177,2025-08-22 00:00:00,
814,25178,2025-08-22 00:00:00,
815,25179,2025-08-22 00:00:00,
816,25181,2025-08-22 00:00:00,
817,25182,2025-08-22 00:00:00,
818,25183,2025-08-22 00:00:00,
819,25173,2025-08-22 00:00:00,
820,25174,2025-08-22 00:00:00,
821,25175,2025-08-22 00:00:00,
822,25176,2025-08-22 00:00:00,
823,25177,2025-08-22 00:00:00,
824,25178,2025-08-22 00:00:00,
825,25179,2025-08-22 00:00:00,
826,25181,2025-08-22 00:00:00,
827,25182,2025-08-22 00:00:00,
828,25183,2025-08-22 00:00:00,
830,25185,2025-09-02 00:00:00,
831,25186,2025-09-02 00:00:00,
832,25187,2025-09-02 00:00:00,
833,25188,2025-09-02 00:00:00,
834,25189,2025-09-02 00:00:00,
835,25190,2025-09-02 00:00:00,
836,25191,2025-09-02 00:00:00,
837,25192,2025-09-02 00:00:00,
838,25193,2025-09-02 00:00:00,
839,25194,2025-09-02 00:00:00,
840,25195,2025-09-17 00:00:00,
841,25196,2025-09-17 00:00:00,
842,25197,2025-09-17 00:00:00,
843,25199,2025-09-17 00:00:00,
844,25200,2025-09-17 00:00:00,
845,25201,2025-09-17 00:00:00,
846,25202,2025-09-17 00:00:00,
847,25203,2025-09-17 00:00:00,
848,25204,2025-09-17 00:00:00,
849,25205,2025-09-17 00:00:00,
850,25206,2025-09-17 00:00:00,
851,25207,2025-09-17 00:00:00,
852,25208,2025-09-17 00:00:00,
853,25244,2025-10-21 00:00:00,
854,25246,2025-10-21 00:00:00,
855,25242,2025-10-21 00:00:00,
856,25243,2025-10-21 00:00:00,
857,25240,2025-10-21 00:00:00,
858,25241,2025-10-21 00:00:00,
859,25238,2025-10-21 00:00:00,
860,25239,2025-10-21 00:00:00,
861,25237,2025-10-21 00:00:00,
862,25234,2025-10-21 00:00:00,
863,25235,2025-10-21 00:00:00,
864,25233,2025-10-21 00:00:00,
865,25232,2025-10-21 00:00:00,
866,25231,2025-10-21 00:00:00,
867,25236,2025-10-21 00:00:00,
868,25229,2025-10-21 00:00:00,
869,25230,2025-10-21 00:00:00,
870,25226,2025-10-21 00:00:00,
871,25224,2025-10-21 00:00:00,
872,25221,2025-10-21 00:00:00,
873,25220,2025-10-21 00:00:00,
874,25215,2025-10-21 00:00:00,
875,25216,2025-10-21 00:00:00,
876,25217,2025-10-21 00:00:00,
877,25219,2025-10-21 00:00:00,
878,25212,2025-10-21 00:00:00,
879,25209,2025-10-21 00:00:00,
880,25211,2025-10-21 00:00:00,
881,25214,2025-10-21 00:00:00,
882,25250,2025-10-25 00:00:00,
883,25249,2025-10-25 00:00:00,
884,25247,2025-10-25 00:00:00,
885,25248,2025-10-25 00:00:00,
886,25213,2025-10-25 00:00:00,
887,25184,2025-10-25 00:00:00,
888,25253,2025-11-04 00:00:00,
889,25254,2025-11-04 00:00:00,
890,25255,2025-11-04 00:00:00,
891,25256,2025-11-04 00:00:00,
892,25257,2025-11-04 00:00:00,
893,25258,2025-11-04 00:00:00,
894,25259,2025-11-04 00:00:00,
895,25260,2025-11-04 00:00:00,
896,25261,2025-11-04 00:00:00,
897,25262,2025-11-04 00:00:00,
898,25264,2025-11-04 00:00:00,
899,25265,2025-11-14 00:00:00,
900,25266,2025-11-14 00:00:00,
901,25267,2025-11-14 00:00:00,
902,25268,2025-11-14 00:00:00,
903,25269,2025-11-14 00:00:00,
904,25270,2025-11-14 00:00:00,
905,25273,2025-11-14 00:00:00,
906,25272,2025-11-24 00:00:00,
907,25274,2025-11-24 00:00:00,
908,25275,2025-11-24 00:00:00,
909,25276,2025-11-24 00:00:00,
910,25277,2025-11-24 00:00:00,
911,25278,2025-11-24 00:00:00,
912,25279,2025-11-24 00:00:00,
913,25280,2025-11-24 00:00:00,
914,25281,2025-11-24 00:00:00,
915,25283,2025-11-24 00:00:00,
916,25284,2025-11-24 00:00:00,
917,25285,2025-11-24 00:00:00,
918,25287,2025-11-24 00:00:00,
919,25263,2025-11-25 00:00:00,
920,25271,2025-12-09 00:00:00,
921,25282,2025-12-09 00:00:00,
922,25286,2025-12-09 00:00:00,
923,25288,2025-12-03 00:00:00,
924,25289,2025-12-03 00:00:00,
925,25290,2025-12-03 00:00:00,
926,25291,2025-12-03 00:00:00,
927,25292,2025-12-03 00:00:00,
928,25293,2025-12-03 00:00:00,
929,25296,2025-12-11 00:00:00,
930,25299,2025-12-11 00:00:00,
931,25300,2025-12-11 00:00:00,
932,25313,2026-01-08 00:00:00,
933,25315,2026-01-08 00:00:00,
934,25317,2026-01-08 00:00:00,
935,26001,2026-01-08 00:00:00,
936,26003,2026-01-08 00:00:00,
937,26005,2026-01-08 00:00:00,
938,26007,2026-01-08 00:00:00,
939,26008,2026-01-08 00:00:00,
940,26010,2026-01-08 00:00:00,
941,26011,2026-01-08 00:00:00,
942,26012,2026-01-08 00:00:00,
943,26013,2026-01-08 00:00:00,
944,26014,2026-01-08 00:00:00,
945,25318,2026-01-08 00:00:00,
946,25314,2026-01-08 00:00:00,
947,25316,2026-01-08 00:00:00,
948,26015,2026-01-08 00:00:00,
949,25319,2026-01-08 00:00:00,
950,26016,2026-01-22 00:00:00,
951,26017,2026-01-22 00:00:00,
952,26018,2026-01-22 00:00:00,
953,26019,2026-01-22 00:00:00,
954,26020,2026-01-22 00:00:00,
955,26021,2026-01-22 00:00:00,
956,26022,2026-01-22 00:00:00,
957,26023,2026-01-22 00:00:00,
958,26024,2026-01-22 00:00:00,
959,26025,2026-01-22 00:00:00,
960,26026,2026-01-22 00:00:00,
961,26027,2026-01-22 00:00:00,
962,26028,2026-01-22 00:00:00,
963,26029,2026-01-22 00:00:00,
964,26030,2026-01-22 00:00:00,
965,25302,2026-01-15 00:00:00,
966,25307,2025-12-16 00:00:00,
967,25308,2025-12-16 00:00:00,
968,25310,2025-12-16 00:00:00,
969,25306,2025-12-16 00:00:00,
971,25294,2026-02-11 00:00:00,
972,26031,2026-02-07 00:00:00,
973,26032,2026-02-07 00:00:00,
974,26033,2026-02-07 00:00:00,
975,26034,2026-02-07 00:00:00,
976,26035,2026-02-07 00:00:00,
977,26036,2026-02-07 00:00:00,
978,26037,2026-02-07 00:00:00,
979,26038,2026-02-07 00:00:00,
980,26040,2026-02-07 00:00:00,
981,26041,2026-02-07 00:00:00,
982,26042,2026-02-21 00:00:00,
983,26044,2026-02-21 00:00:00,
984,26045,2026-02-21 00:00:00,
985,26051,2026-02-21 00:00:00,
986,26052,2026-02-21 00:00:00,
987,26054,2026-02-21 00:00:00,
988,26057,2026-02-21 00:00:00,
989,26058,2026-02-21 00:00:00,
990,26059,2026-02-21 00:00:00,
991,26060,2026-02-21 00:00:00,
992,26062,2026-02-21 00:00:00,
993,26064,2026-02-21 00:00:00,
994,26047,2026-02-25 00:00:00,
995,26049,2026-02-25 00:00:00,
996,26050,2026-02-25 00:00:00,
997,26053,2026-02-25 00:00:00,
998,26055,2026-02-25 00:00:00,
999,26063,2026-02-25 00:00:00,
1000,26065,2026-02-25 00:00:00,
1001,26066,2026-02-25 00:00:00,
1002,26067,2026-02-25 00:00:00,
1003,26068,2026-02-25 00:00:00,
1004,26069,2026-02-25 00:00:00,
1006,26072,2026-02-25 00:00:00,
1007,26043,2026-02-07 00:00:00,
1008,26061,2026-02-21 00:00:00,
1009,26073,2026-03-04 00:00:00,
1010,26074,2026-03-04 00:00:00,
1011,26075,2026-03-04 00:00:00,
1012,26076,2026-03-04 00:00:00,
1013,26077,2026-03-04 00:00:00,
1014,26079,2026-03-11 00:00:00,
1015,26071,2026-03-19 00:00:00,Sarahys/ Pozuelo
1016,26080,2026-03-19 00:00:00,Sarahys/ Pozuelo
1017,26081,2026-03-19 00:00:00,Sarahys/ Pozuelo
1018,26082,2026-03-19 00:00:00,Sarahys/ Pozuelo
1019,26084,2026-03-19 00:00:00,Sarahys/ Pozuelo
1020,26085,2026-03-19 00:00:00,Sarahys/ Pozuelo
1021,26086,2026-03-19 00:00:00,Sarahys/ Pozuelo
1022,26083,2026-03-27 00:00:00,Jose 
1023,26087,2026-03-27 00:00:00,Jose 
1024,26088,2026-03-27 00:00:00,Jose 
1025,26090,2026-03-27 00:00:00,Jose 
1026,26091,2026-03-27 00:00:00,Jose 
1027,26093,2026-03-27 00:00:00,Jose 
1028,26094,2026-03-27 00:00:00,Jose 
1029,26095,2026-03-27 00:00:00,Jose 
1030,26096,2026-03-27 00:00:00,Jose 
1031,26098,2026-03-27 00:00:00,Jose 
1032,26101,2026-04-06 00:00:00,Jose
1033,26102,2026-04-11 00:00:00,Pozuelo/ nixon / Sarahys
1034,26103,2026-04-11 00:00:00,Pozuelo/ nixon / Sarahys
1035,26104,2026-04-11 00:00:00,Pozuelo/ nixon / Sarahys
1036,26105,2026-04-11 00:00:00,Pozuelo/ nixon / Sarahys
1037,26106,2026-04-11 00:00:00,Pozuelo/ nixon / Sarahys
1038,26108,2026-04-11 00:00:00,Pozuelo/ nixon / Sarahys
1039,26111,2026-04-11 00:00:00,Pozuelo/ nixon / Sarahys
1040,26092,2026-04-14 00:00:00,Juan/ Sarahys
1041,26100,2026-04-14 00:00:00,Juan/ Sarahys
1042,26107,2026-04-14 00:00:00,Juan/ Sarahys
1043,26097,2026-04-24 00:00:00,Carlos / Pozuelo
1044,26110,2026-04-24 00:00:00,Carlos / Pozuelo
1045,26112,2026-04-24 00:00:00,Carlos / Pozuelo
1046,26113,2026-04-24 00:00:00,Carlos / Pozuelo
1047,26115,2026-04-24 00:00:00,Carlos / Pozuelo
1048,26116,2026-04-24 00:00:00,Carlos / Pozuelo
1049,26118,2026-04-24 00:00:00,Carlos / Pozuelo
1050,26119,2026-04-24 00:00:00,Carlos / Pozuelo
1051,26120,2026-04-24 00:00:00,Carlos / Pozuelo
1052,26121,2026-04-24 00:00:00,Carlos / Pozuelo
1053,26122,2026-04-24 00:00:00,Carlos / Pozuelo
1054,26123,2026-04-24 00:00:00,Carlos / Pozuelo
1055,26124,2026-04-24 00:00:00,Carlos / Pozuelo
1057,26109,2026-05-02 00:00:00,pozuelo
1058,26125,2026-05-02 00:00:00,pozuelo
1059,26127,2026-05-02 00:00:00,pozuelo
1060,26128,2026-05-02 00:00:00,pozuelo
1061,26129,2026-05-02 00:00:00,pozuelo
1062,26119,2026-05-02 00:00:00,pozuelo
1063,26114,2026-05-02 00:00:00,Carlos
1064,26126,2026-05-08 00:00:00,Carlos - Ismael
1065,26130,2026-05-08 00:00:00,Carlos - Ismael
1066,26131,2026-05-08 00:00:00,Carlos - Ismael
1067,26132,2026-05-08 00:00:00,Carlos - Ismael
1068,26133,2026-05-08 00:00:00,Carlos - Ismael
1069,26134,2026-05-08 00:00:00,Carlos - Ismael
1070,26135,2026-05-08 00:00:00,Carlos - Ismael
1071,26136,2026-05-08 00:00:00,Carlos - Ismael
1072,26137,2026-05-08 00:00:00,Carlos - Ismael
1073,26138,2026-05-08 00:00:00,Carlos - Ismael
1074,26058,2026-05-08 00:00:00,Sarahys
1075,26092,2026-05-08 00:00:00,Sarahys
1076,26139,2026-05-13 00:00:00,Carlos -Ismael
1077,26142,2026-05-13 00:00:00,Carlos -Ismael
1078,26143,2026-05-13 00:00:00,Carlos -Ismael
1079,26144,2026-05-13 00:00:00,Carlos -Ismael
1080,26141,2026-06-02 00:00:00,pozuelo/alberto
1081,26145,2026-05-30 00:00:00,Jose
1082,26146,2026-05-30 00:00:00,Jose
1083,26147,2026-06-02 00:00:00,pozuelo/alberto
1084,26148,2026-05-30 00:00:00,Jose
1085,26149,2026-06-02 00:00:00,pozuelo/alberto
1086,26150,2026-05-30 00:00:00,Jose
1087,26151,2026-05-30 00:00:00,Jose
1088,26152,2026-05-30 00:00:00,Jose
1089,26153,2026-05-30 00:00:00,Jose
1090,26154,2026-05-30 00:00:00,Jose
1091,26155,2026-05-30 00:00:00,Jose
1092,26158,2026-05-30 00:00:00,Jose
1093,26157,2026-06-02 00:00:00,pozuelo/alberto
1094,26161,2026-06-02 00:00:00,pozuelo/alberto
1095,26162,2026-06-02 00:00:00,pozuelo/alberto
1096,26140,2026-06-04 00:00:00,Anderson / juan
1097,26159,2026-06-02 00:00:00,Anderson / juan
1098,26160,2026-06-04 00:00:00,Anderson / juan
1099,26163,2026-06-04 00:00:00,Anderson / juan
1100,26164,2026-06-04 00:00:00,Anderson / juan
1101,26165,2026-06-04 00:00:00,Anderson / juan
1102,26166,2026-06-04 00:00:00,Anderson / juan
1103,26167,2026-06-04 00:00:00,Anderson / juan
1104,26168,2026-06-04 00:00:00,Anderson / juan
1105,26174,2026-06-20 00:00:00,jonier/juan
1106,26169,2026-06-16 00:00:00,Sarahys/Sarahys
1107,26171,2026-06-20 00:00:00,jonier/juan
1108,26172,2026-06-20 00:00:00,jonier/juan
1109,26173,2026-06-20 00:00:00,jonier/juan
1110,26170,2026-06-20 00:00:00,jonier/juan
1111,26176,2026-07-01 00:00:00,Sarahys
1112,26177,2026-07-01 00:00:00,Sarahys
1113,26141,2026-07-09 00:00:00,ABRAHAM
1114,26182,2026-08-11 00:00:00,ALBERTO
1115,26183,2026-08-11 00:00:00,ALBERTO
1116,26184,2026-08-11 00:00:00,ALBERTO
1117,26185,2026-08-11 00:00:00,ALBERTO
1118,26186,2026-08-11 00:00:00,ALBERTO
1119,26190,2026-08-11 00:00:00,ALBERTO
1120,26187,2026-08-11 00:00:00,ALBERTO
1121,26188,2026-08-11 00:00:00,ALBERTO
1122,26189,2026-08-11 00:00:00,ALBERTO
1123,26181,2026-08-12 00:00:00,Sarahys
1124,26191,2026-08-21 00:00:00,Pozuelo
1125,26192,2026-08-21 00:00:00,Pozuelo
1126,26195,2026-09-09 00:00:00,Anderson/ Camilo
1127,26196,2026-09-09 00:00:00,Anderson/ Camilo
1128,26197,2026-09-09 00:00:00,Anderson/ Camilo
1129,26199,2026-09-09 00:00:00,Anderson/ Camilo
1130,25235,2026-09-18 00:00:00,alberto
1131,26200,2026-09-22 00:00:00,Jose M
1132,26204,2026-09-22 00:00:00,Jose M
1133,26205,2026-09-22 00:00:00,Jose M
1134,26206,2026-09-30 00:00:00,Sarahys D
1135,26207,2026-09-22 00:00:00,Jose M
1136,26210,2026-09-22 00:00:00,Jose M
1137,26211,2026-09-22 00:00:00,Jose M
1138,26212,2026-09-22 00:00:00,Jose M
