id_animal,fecha,días_de_gracia,obs
0202,2026-09-29 00:00:00,0.0,
2037,2026-09-29 00:00:00,0.0,
2095,2026-09-29 00:00:00,0.0,
22216,2026-09-29 00:00:00,0.0,
23051,2026-09-29 00:00:00,0.0,
80272,2026-09-29 00:00:00,0.0,
8085,2026-09-29 00:00:00,0.0,
9006,2026-09-29 00:00:00,0.0,
9071,2026-09-29 00:00:00,0.0,
9076,2026-09-29 00:00:00,0.0,
2016,2026-09-29 00:00:00,0.0,
9007,2026-09-29 00:00:00,150.0,estaba con bec al pie
1092A,2026-09-29 00:00:00,0.0,
4053,2026-09-29 00:00:00,0.0,
21027,2026-06-25 00:00:00,30.0,
0018,2026-06-25 00:00:00,60.0,
4A,2026-06-25 00:00:00,30.0,
2090A,2026-06-25 00:00:00,0.0,
6020,2026-06-25 00:00:00,45.0,
5098,2026-06-25 00:00:00,15.0,
6028,2026-06-25 00:00:00,30.0,
8060,2026-06-25 00:00:00,180.0,
2080,2026-06-25 00:00:00,75.0,
2097,2026-06-25 00:00:00,120.0,
1139A,2026-06-25 00:00:00,45.0,
31,2026-06-25 00:00:00,60.0,
2021,2026-06-20 00:00:00,,
60286,2026-06-20 00:00:00,,
2063A,2026-06-20 00:00:00,,
3119,2026-06-20 00:00:00,,
2096,2026-06-20 00:00:00,,
5007,2026-06-20 00:00:00,,
5082,2026-06-20 00:00:00,,
7067,2026-06-20 00:00:00,,
8051,2026-06-20 00:00:00,,
0343,2026-06-20 00:00:00,,
1123,2026-06-20 00:00:00,,
9016,2026-06-20 00:00:00,,
9110A,2026-06-20 00:00:00,,
0240,2026-06-20 00:00:00,,
0263,2026-06-20 00:00:00,,
0294,2026-06-20 00:00:00,,
0299A,2026-06-20 00:00:00,,
0299C,2026-06-20 00:00:00,,
0327,2026-06-20 00:00:00,,
2063B,2026-06-20 00:00:00,,
1043A,2026-06-20 00:00:00,,
7066,2026-06-20 00:00:00,,
8063,2026-06-20 00:00:00,,
3108,2026-06-20 00:00:00,,
0139,2026-06-20 00:00:00,,
1091,2026-06-20 00:00:00,,
0302,2026-06-20 00:00:00,,
0320,2026-06-20 00:00:00,,
0125,2026-10-01 00:00:00,0.0,
0317A,2026-10-01 00:00:00,0.0,
2036,2026-10-01 00:00:00,0.0,
2110,2026-10-01 00:00:00,0.0,
2140,2026-10-01 00:00:00,0.0,
4034,2026-10-01 00:00:00,0.0,
6037,2026-10-01 00:00:00,0.0,
9023,2026-10-01 00:00:00,0.0,
