id,idem,fecha__destete,peso_destete,ordeño__p_madre
1684,34,2023-04-04 00:00:00,293.0,
1685,35,2023-04-04 00:00:00,273.0,
1686,0274,2023-04-03 00:00:00,214.0,
1687,0343,2023-02-09 00:00:00,,
1688,1051,2023-05-04 00:00:00,126.0,
1689,1066,2023-02-07 00:00:00,135.0,
1690,1073,2023-05-04 00:00:00,173.0,
1691,1091,2023-02-07 00:00:00,175.0,
1692,1098,2023-02-24 00:00:00,174.0,
1693,2019,2023-02-22 00:00:00,88.0,
1694,2022,2023-05-05 00:00:00,136.0,
1695,2026,2023-02-07 00:00:00,125.0,
1696,2030,2023-02-07 00:00:00,138.0,
1697,2036,2023-02-07 00:00:00,152.0,
1698,2042,2023-01-13 00:00:00,,
1699,2045,2024-08-02 00:00:00,,p_Madre
1700,2048,2023-03-04 00:00:00,109.0,
1701,2053,2023-05-01 00:00:00,151.0,
1702,2059,2023-02-07 00:00:00,137.0,
1703,2092,2023-03-10 00:00:00,128.0,
1704,2093,2023-02-07 00:00:00,106.0,
1705,2095,2023-05-04 00:00:00,139.0,
1706,2098,2023-06-23 00:00:00,121.0,
1707,2101,2023-05-05 00:00:00,111.0,
1708,2102,2023-05-05 00:00:00,143.0,
1709,2106,2023-02-07 00:00:00,149.0,
1710,2107,2023-05-05 00:00:00,151.0,
1711,2109,2023-02-07 00:00:00,134.0,
1712,2110,2023-03-04 00:00:00,,
1713,2137,2023-05-05 00:00:00,110.0,
1714,2138,2023-05-01 00:00:00,,
1715,2140,2023-05-05 00:00:00,100.0,
1716,2141,2023-03-04 00:00:00,145.0,
1717,2145,2023-05-01 00:00:00,140.0,
1718,2146,2023-05-05 00:00:00,166.0,
1719,2148,2023-02-22 00:00:00,,
1720,2154,2023-04-17 00:00:00,120.0,
1721,2155,2023-05-05 00:00:00,124.0,
1722,2159,2023-05-05 00:00:00,115.0,
1723,2162,2023-05-05 00:00:00,103.0,
1724,2167,2023-05-05 00:00:00,104.0,
1725,2170,2023-05-05 00:00:00,110.0,
1726,2173,2023-02-22 00:00:00,,
1727,2174,2023-05-05 00:00:00,160.0,
1728,2200,2023-05-05 00:00:00,,
1729,2201,2023-02-07 00:00:00,143.0,
1730,2215,2023-05-05 00:00:00,152.0,
1731,2218,2023-05-05 00:00:00,89.0,
1732,3104,2024-03-25 00:00:00,,ordeño
1733,3501,2024-07-09 00:00:00,,Ordeño
1734,8073,2023-02-09 00:00:00,252.0,
1735,9032,2023-02-09 00:00:00,312.0,
1736,10431,2023-02-07 00:00:00,163.0,
1737,20971,2023-05-05 00:00:00,117.0,
1738,21391,2023-01-30 00:00:00,,
1739,22085,2023-06-03 00:00:00,120.0,
1740,22105,2023-06-23 00:00:00,116.0,
1741,22112,2023-06-29 00:00:00,157.0,
1742,22114,2023-10-25 00:00:00,,
1743,22115,2023-08-02 00:00:00,150.0,
1744,22116,2023-08-10 00:00:00,128.0,
1745,22117,2023-05-24 00:00:00,95.0,
1746,22118,2023-06-23 00:00:00,128.0,
1747,22119,2023-06-03 00:00:00,106.0,
1748,22120,2023-08-29 00:00:00,144.0,
1749,22121,2023-09-12 00:00:00,99.0,
1750,22122,2023-09-12 00:00:00,125.0,
1751,22125,2023-08-02 00:00:00,114.0,
1752,22126,2023-07-10 00:00:00,132.0,
1753,22131,2023-06-29 00:00:00,145.0,
1754,22132,2023-09-12 00:00:00,102.0,
1755,22135,2023-08-29 00:00:00,144.0,
1756,22139,2023-09-12 00:00:00,138.0,
1757,22142,2023-05-24 00:00:00,90.0,
1758,22144,2023-05-31 00:00:00,102.0,
1759,22149,2023-06-23 00:00:00,156.0,
1760,22150,2023-11-09 00:00:00,93.0,
1761,22157,2023-09-12 00:00:00,122.0,
1762,22158,2023-05-04 00:00:00,124.0,
1763,22160,2023-05-31 00:00:00,,
1764,22161,2023-06-29 00:00:00,124.0,
1765,22164,2023-11-09 00:00:00,135.0,
1766,22166,2023-08-29 00:00:00,129.0,
1767,22168,2023-05-31 00:00:00,140.0,
1768,22172,2023-08-01 00:00:00,188.0,
1769,22175,2023-09-12 00:00:00,131.0,
1770,22176,2023-11-09 00:00:00,91.0,SUTE
1771,22177,2023-06-26 00:00:00,109.0,
1772,22178,2023-09-12 00:00:00,159.0,
1773,22180,2023-09-12 00:00:00,171.0,
1774,22181,2023-09-12 00:00:00,160.0,
1775,22182,2023-11-09 00:00:00,88.0,SUTE
1776,22183,2023-11-09 00:00:00,94.0,SUTE
1777,22184,2023-09-12 00:00:00,135.0,
1778,22185,2023-11-09 00:00:00,162.0,
1779,22186,2023-11-18 00:00:00,122.0,
1780,22187,2023-09-29 00:00:00,119.0,
1781,22188,2023-09-12 00:00:00,143.0,
1782,22189,2023-11-09 00:00:00,132.0,
1783,22190,2023-08-29 00:00:00,91.0,
1784,22191,2023-09-12 00:00:00,124.0,
1785,22192,2023-11-18 00:00:00,135.0,
1786,22193,2023-09-29 00:00:00,118.0,
1787,22194,2023-09-12 00:00:00,183.0,
1788,22195,2023-11-18 00:00:00,143.0,
1789,22196,2023-09-12 00:00:00,112.0,
1790,22197,2023-11-18 00:00:00,101.0,
1791,22198,2023-09-12 00:00:00,102.0,
1792,22199,2023-09-12 00:00:00,136.0,
1793,22205,2023-09-12 00:00:00,158.0,
1794,22206,2023-09-12 00:00:00,77.0,
1795,22207,2023-09-12 00:00:00,126.0,
1796,22209,2023-11-09 00:00:00,117.0,
1797,22216,2023-09-12 00:00:00,129.0,
1798,23001,2023-09-12 00:00:00,155.0,
1799,23002,2023-11-09 00:00:00,92.0,
1800,23003,2023-09-29 00:00:00,102.0,
1801,23004,2023-09-12 00:00:00,208.0,
1802,23005,2023-11-18 00:00:00,110.0,
1803,23006,2023-11-09 00:00:00,116.0,
1804,23007,2023-12-14 00:00:00,122.0,
1805,23008,2023-11-18 00:00:00,136.0,
1806,23010,2023-11-18 00:00:00,136.0,
1807,23011,2023-08-29 00:00:00,102.0,
1808,23013,2023-11-09 00:00:00,111.0,
1809,23014,2023-11-09 00:00:00,114.0,
1810,23015,2023-12-16 00:00:00,163.0,
1811,23016,2023-09-12 00:00:00,126.0,
1812,23017,2023-12-14 00:00:00,149.0,
1813,23018,2023-12-14 00:00:00,141.0,
1814,23019,2023-09-12 00:00:00,165.0,
1815,23020,2024-01-29 00:00:00,130.0,
1816,23021,2023-11-18 00:00:00,135.0,
1817,23022,2023-11-18 00:00:00,,
1818,23024,2023-09-12 00:00:00,128.0,
1819,23026,2023-11-18 00:00:00,132.0,
1820,23027,2024-01-29 00:00:00,101.0,
1821,23028,2024-01-29 00:00:00,151.0,
1822,23029,2024-02-07 00:00:00,100.0,
1823,23030,2023-12-14 00:00:00,119.0,
1824,23031,2024-04-24 00:00:00,111.0,ORDEÑO
1825,23033,2023-12-14 00:00:00,107.0,
1826,23034,2023-11-18 00:00:00,122.0,
1827,23035,2023-11-18 00:00:00,127.0,
1828,23036,2023-09-12 00:00:00,123.0,
1829,23037,2023-11-18 00:00:00,135.0,
1830,23038,2023-11-18 00:00:00,105.0,
1831,23039,2023-11-18 00:00:00,,
1832,23040,2023-11-18 00:00:00,149.0,
1833,23041,2023-12-16 00:00:00,102.0,
1834,23043,2023-11-24 00:00:00,110.0,
1835,23044,2024-01-12 00:00:00,103.0,
1836,23045,2023-09-12 00:00:00,116.0,
1837,23046,2024-03-21 00:00:00,137.0,p_Madre
1838,23047,2023-09-12 00:00:00,125.0,
1839,23048,2023-11-18 00:00:00,125.0,
1840,23049,2023-11-18 00:00:00,141.0,
1841,23050,2023-11-18 00:00:00,131.0,
1842,23051,2023-11-24 00:00:00,108.0,
1843,23052,2023-11-24 00:00:00,105.0,
1844,23053,2023-11-18 00:00:00,160.0,
1845,23054,2023-12-14 00:00:00,121.0,
1846,23055,2024-03-21 00:00:00,150.0,p_Madre
1847,23056,2024-03-21 00:00:00,143.0,ordeño
1848,23057,2023-12-14 00:00:00,136.0,
1849,23058,2023-09-12 00:00:00,123.0,
1850,23059,2023-12-14 00:00:00,127.0,
1851,23060,2023-12-14 00:00:00,105.0,
1852,23061,2024-03-21 00:00:00,134.0,ordeño
1853,23062,2023-12-14 00:00:00,129.0,
1854,23063,2023-11-18 00:00:00,149.0,
1855,23064,2024-03-21 00:00:00,103.0,ordeño
1856,23065,2023-12-14 00:00:00,125.0,
1857,23066,2024-02-07 00:00:00,90.0,ordeño
1858,23067,2023-12-20 00:00:00,89.0,
1859,23069,2023-12-16 00:00:00,107.0,
1860,23070,2024-01-29 00:00:00,90.0,
1861,23071,2023-12-14 00:00:00,103.0,
1862,23072,2023-11-18 00:00:00,158.0,
1863,23073,2024-01-29 00:00:00,119.0,
1864,23074,2024-01-29 00:00:00,109.0,
1865,23075,2024-04-24 00:00:00,91.0,ORDEÑO
1866,23077,2024-03-21 00:00:00,107.0,ordeño
1867,23078,2023-11-18 00:00:00,162.0,
1868,23079,2024-03-21 00:00:00,116.0,ordeño
1869,23080,2023-11-09 00:00:00,102.0,
1870,23081,2024-03-21 00:00:00,145.0,p_Madre
1871,23082,2024-03-21 00:00:00,105.0,ordeño
1872,23084,2024-03-21 00:00:00,155.0,p_Madre
1873,23085,2024-03-21 00:00:00,114.0,ordeño
1874,23086,2023-12-16 00:00:00,84.0,
1875,23087,2024-03-21 00:00:00,93.0,p_Madre
1876,23088,2024-01-12 00:00:00,110.0,
1877,23089,2024-03-25 00:00:00,103.0,ordeño
1878,23090,2024-03-21 00:00:00,122.0,ordeño
1879,23091,2024-03-21 00:00:00,98.0,ordeño
1880,23092,2024-03-21 00:00:00,149.0,p_Madre
1881,23093,2024-01-12 00:00:00,121.0,
1882,23094,2024-01-23 00:00:00,110.0,
1883,23095,2024-01-12 00:00:00,128.0,
1884,23096,2024-03-21 00:00:00,156.0,ordeño
1885,23097,2024-04-16 00:00:00,100.0,ordeño
1886,23098,2024-03-21 00:00:00,141.0,ordeño
1887,23099,2024-01-23 00:00:00,115.0,
1888,23100,2024-04-29 00:00:00,115.0,ordeño
1889,23101,2024-03-21 00:00:00,120.0,p_Madre
1890,23102,2024-01-12 00:00:00,124.0,
1891,23104,2024-03-21 00:00:00,118.0,ordeño
1892,23105,2024-03-21 00:00:00,109.0,ordeño
1893,23106,2024-01-12 00:00:00,115.0,
1894,23107,2024-03-21 00:00:00,162.0,p_Madre
1895,23108,2024-03-21 00:00:00,125.0,p_Madre
1896,23109,2024-03-25 00:00:00,109.0,ordeño
1897,23110,2024-03-21 00:00:00,131.0,p_Madre
1898,23111,2024-01-12 00:00:00,120.0,
1899,23114,2024-01-12 00:00:00,134.0,
1900,23115,2024-01-12 00:00:00,148.0,
1901,23116,2024-01-12 00:00:00,147.0,
1902,23118,2024-03-21 00:00:00,146.0,p_Madre
1903,23119,2024-03-21 00:00:00,135.0,p_Madre
1904,23120,2024-03-21 00:00:00,96.0,ordeño
1905,23121,2024-01-12 00:00:00,146.0,
1906,23122,2024-03-21 00:00:00,97.0,ordeño
1907,23123,2024-03-21 00:00:00,149.0,p_Madre
1908,23124,2024-01-12 00:00:00,153.0,
1909,23125,2024-04-24 00:00:00,115.0,Ordeño
1910,23126,2024-03-25 00:00:00,100.0,ordeño
1911,23127,2024-03-21 00:00:00,92.0,ordeño
1912,23128,2024-06-18 00:00:00,161.0,Ordeño
1913,23129,2024-01-12 00:00:00,126.0,
1914,23130,2024-06-17 00:00:00,,p_Madre
1915,23131,2024-03-21 00:00:00,119.0,p_Madre
1916,23132,2024-03-25 00:00:00,91.0,ordeño
1917,23133,2024-04-24 00:00:00,70.0,ORDEÑO
1918,23134,2024-03-21 00:00:00,148.0,p_Madre
1919,23135,2024-03-21 00:00:00,119.0,p_Madre
1920,23136,2024-03-25 00:00:00,,ordeño
1921,23137,2024-04-29 00:00:00,117.0,ordeño
1922,23138,2024-03-21 00:00:00,102.0,p_Madre
1923,23139,2024-04-05 00:00:00,95.0,ordeño
1924,23140,2024-04-06 00:00:00,99.0,p_Madre
1925,23141,2024-03-21 00:00:00,140.0,p_Madre
1926,23142,2024-03-21 00:00:00,135.0,p_Madre
1927,23144,2024-06-27 00:00:00,122.0,ordeño
1928,23145,2024-04-24 00:00:00,105.0,ORDEÑO
1929,23146,2024-03-21 00:00:00,137.0,p_Madre
1930,23147,2024-04-24 00:00:00,102.0,ORDEÑO
1931,23148,2024-07-18 00:00:00,154.0,p_Madre
1932,23150,2024-03-21 00:00:00,138.0,p_Madre
1933,23151,2024-03-21 00:00:00,125.0,p_Madre
1934,23152,2024-03-21 00:00:00,99.0,ordeño
1935,23153,2024-03-21 00:00:00,177.0,p_Madre
1936,23154,2024-04-06 00:00:00,97.0,ordeño
1937,23156,2024-07-18 00:00:00,128.0,Ordeño
1938,23157,2024-04-23 00:00:00,,Ordeño
1939,23158,2024-08-23 00:00:00,,Sute
1940,23159,2024-03-21 00:00:00,126.0,p_Madre
1941,23160,2024-06-11 00:00:00,,Ordeño
1942,23162,2024-07-11 00:00:00,130.0,Ordeño
1943,23163,2024-05-20 00:00:00,,ordeño
1944,23164,2024-05-02 00:00:00,85.0,ordeño
1945,23165,2024-05-02 00:00:00,97.0,ordeño
1946,23166,2024-06-27 00:00:00,88.0,ordeño
1947,23168,2024-04-24 00:00:00,63.0,ORDEÑO
1948,23169,2024-07-11 00:00:00,97.0,Ordeño
1949,23170,2024-04-29 00:00:00,97.0,ordeño
1950,23171,2024-07-18 00:00:00,152.0,p_Madre
1951,23172,2024-07-11 00:00:00,112.0,Ordeño
1952,23173,2024-07-18 00:00:00,100.0,p_Madre
1953,23174,2024-05-31 00:00:00,,Ordeño
1954,23176,2024-07-11 00:00:00,89.0,Ordeño
1955,23177,2024-06-27 00:00:00,121.0,ordeño
1956,23178,2024-07-24 00:00:00,,p_Madre
1957,23179,2024-06-17 00:00:00,,p_Madre
1958,23180,2024-07-19 00:00:00,103.0,Ordeño
1959,23181,2024-07-24 00:00:00,,p_Madre
1960,23182,2024-07-18 00:00:00,126.0,Sute
1961,23183,2024-07-19 00:00:00,107.0,Ordeño
1962,23184,2024-04-18 00:00:00,84.0,ordeño
1963,23185,2024-06-27 00:00:00,110.0,ordeño
1964,23186,2024-07-24 00:00:00,,p_Madre
1965,23187,2024-04-05 00:00:00,,p_Madre
1966,23188,2024-06-27 00:00:00,99.0,ordeño
1967,23189,2024-07-18 00:00:00,120.0,Sute
1968,23190,2024-07-19 00:00:00,96.0,Ordeño
1969,23193,2024-06-27 00:00:00,94.0,ordeño
1970,23195,2024-09-19 00:00:00,122.0,Ordeño
1971,23196,2024-07-24 00:00:00,,p_Madre
1972,23197,2024-03-29 00:00:00,,p_Madre
1973,23198,2024-06-13 00:00:00,,p_Madre
1974,23201,2024-08-29 00:00:00,80.0,Ordeño
1975,23202,2024-09-19 00:00:00,111.0,Ordeño
1976,23203,2024-08-19 00:00:00,78.0,Ordeño
1977,23204,2024-08-19 00:00:00,75.0,Ordeño
1978,23206,2024-07-24 00:00:00,,p_Madre
1979,23207,2024-07-24 00:00:00,,p_Madre
1980,23208,2024-07-24 00:00:00,,p_Madre
1981,23209,2024-07-18 00:00:00,107.0,p_Madre
1982,23210,2024-07-18 00:00:00,101.0,p_Madre
1983,23211,2024-07-18 00:00:00,108.0,p_Madre
1984,23212,2024-09-19 00:00:00,122.0,Ordeño
1985,23214,2024-07-24 00:00:00,,p_Madre
1986,23216,2024-07-18 00:00:00,146.0,p_Madre
1987,23217,2024-07-24 00:00:00,,p_Madre
1988,23218,2024-07-18 00:00:00,145.0,p_Madre
1989,23220,2024-10-15 00:00:00,95.0,Ordeño
1990,23222,2024-10-15 00:00:00,,Ordeño
1991,23224,2024-10-15 00:00:00,155.0,Ordeño
1992,23225,2024-10-15 00:00:00,,Ordeño
1993,23227,2024-09-19 00:00:00,107.0,p_Madre
1994,23228,2024-09-19 00:00:00,160.0,p_Madre
1995,23229,2024-09-19 00:00:00,106.0,Ordeño
1996,23230,2024-09-19 00:00:00,,p_Madre
1997,23231,2024-07-18 00:00:00,90.0,Sute
1998,23232,2024-09-18 00:00:00,103.0,Ordeño
1999,23233,2024-11-06 00:00:00,,Ordeño
2000,23235,2024-07-24 00:00:00,,p_Madre
2001,23236,2024-07-18 00:00:00,140.0,p_Madre
2002,23237,2024-12-06 00:00:00,,Ordeño
2003,23238,2024-09-19 00:00:00,174.0,p_Madre
2004,23239,2024-11-06 00:00:00,,Ordeño
2005,23240,2024-12-06 00:00:00,,Ordeño
2006,23241,2024-09-19 00:00:00,179.0,p_Madre
2007,23242,2024-11-06 00:00:00,,Ordeño
2008,23243,2024-10-22 00:00:00,,Ordeño
2009,23244,2024-12-06 00:00:00,,Ordeño
2010,23246,2024-10-16 00:00:00,125.0,Ordeño
2011,23247,2024-09-19 00:00:00,175.0,p_Madre
2012,23248,2024-10-22 00:00:00,,Ordeño
2013,23249,2024-09-19 00:00:00,157.0,p_Madre
2014,23250,2024-12-06 00:00:00,,Ordeño
2015,23251,2024-09-19 00:00:00,109.0,p_Madre
2016,23252,2024-11-06 00:00:00,,Ordeño
2017,24001,2024-11-06 00:00:00,,Ordeño
2018,24002,2024-09-19 00:00:00,151.0,p_Madre
2019,24003,2024-09-02 00:00:00,134.0,ordeño
2020,24004,2024-09-19 00:00:00,100.0,p_Madre
2021,24005,2024-09-19 00:00:00,151.0,p_Madre
2022,24006,2024-11-20 00:00:00,152.0,p_Madre
2023,24007,2024-12-27 00:00:00,,Ordeño
2024,24008,2024-09-19 00:00:00,84.0,p_Madre
2025,24009,2024-09-19 00:00:00,125.0,p_Madre
2026,24011,2024-09-28 00:00:00,,p_Madre
2027,24012,2025-09-05 00:00:00,200.0,p_Madre
2028,24013,2024-08-23 00:00:00,,p_Madre
2029,24014,2024-12-06 00:00:00,,Ordeño
2030,24015,2024-07-24 00:00:00,,p_Madre
2031,24016,2024-09-19 00:00:00,178.0,p_Madre
2032,24018,2024-10-22 00:00:00,,Ordeño
2033,24019,2024-09-19 00:00:00,102.0,p_Madre
2034,24020,2024-11-06 00:00:00,,Ordeño
2035,24021,2024-09-19 00:00:00,138.0,p_Madre
2036,24023,2024-12-06 00:00:00,,Ordeño
2037,24024,2024-11-22 00:00:00,,P_Madre
2038,24025,2024-09-19 00:00:00,145.0,p_Madre
2039,24027,2024-09-28 00:00:00,,p_Madre
2040,24028,2025-01-22 00:00:00,112.0,Ordeño
2041,24029,2025-03-13 00:00:00,219.0,p_Madre
2042,24030,2024-09-19 00:00:00,66.0,p_Madre
2043,24031,2024-09-28 00:00:00,,p_Madre
2044,24032,2024-12-27 00:00:00,,Ordeño
2045,24033,2024-12-06 00:00:00,,Ordeño
2046,24034,2024-12-27 00:00:00,,Ordeño
2047,24036,2024-11-06 00:00:00,,Ordeño
2048,24037,2024-08-23 00:00:00,,p_Madre
2049,24040,2024-10-22 00:00:00,,Ordeño
2050,24042,2024-12-27 00:00:00,,Ordeño
2051,24043,2024-12-06 00:00:00,,Ordeño
2052,24044,2024-11-20 00:00:00,158.0,p_Madre
2053,24045,2024-12-27 00:00:00,,Ordeño
2054,24046,2024-11-06 00:00:00,,Ordeño
2055,24047,2024-11-20 00:00:00,172.0,p_Madre
2056,24048,2024-12-06 00:00:00,,Ordeño
2057,24049,2024-11-20 00:00:00,163.0,p_Madre
2058,24050,2024-12-27 00:00:00,,Ordeño
2059,24051,2024-12-27 00:00:00,,Ordeño
2060,24052,2025-01-22 00:00:00,88.0,p_Madre
2061,24053,2024-12-27 00:00:00,,Ordeño
2062,24054,2024-11-25 00:00:00,,Ordeño
2063,24055,2024-11-08 00:00:00,,Ordeño
2064,24056,2025-02-07 00:00:00,100.0,Ordeño
2065,24058,2025-01-22 00:00:00,98.0,Ordeño
2066,24060,2025-03-05 00:00:00,103.0,Ordeño
2067,24061,2024-12-27 00:00:00,,Ordeño
2068,24062,2024-11-06 00:00:00,,p_Madre
2069,24063,2024-11-20 00:00:00,149.0,p_Madre
2070,24065,2024-11-20 00:00:00,140.0,p_Madre
2071,24066,2024-11-20 00:00:00,136.0,p_Madre
2072,24067,2024-11-20 00:00:00,164.0,p_Madre
2073,24068,2024-09-28 00:00:00,,p_Madre
2074,24069,2024-12-27 00:00:00,,Ordeño
2075,24070,2025-01-22 00:00:00,125.0,p_Madre
2076,24071,2024-11-20 00:00:00,148.0,p_Madre
2077,24072,2025-01-22 00:00:00,121.0,Ordeño
2078,24073,2024-12-27 00:00:00,,Ordeño
2079,24074,2025-01-22 00:00:00,131.0,Ordeño
2080,24075,2024-11-20 00:00:00,160.0,p_Madre
2081,24076,2024-11-20 00:00:00,151.0,p_Madre
2082,24077,2024-11-20 00:00:00,194.0,p_Madre
2083,24079,2024-11-20 00:00:00,138.0,p_Madre
2084,24080,2024-12-06 00:00:00,,Ordeño
2085,24081,2024-09-28 00:00:00,,p_Madre
2086,24082,2024-11-20 00:00:00,120.0,p_Madre
2087,24084,2025-02-07 00:00:00,108.0,Ordeño
2088,24085,2024-11-20 00:00:00,137.0,p_Madre
2089,24086,2025-01-22 00:00:00,107.0,p_Madre
2090,24087,2024-11-20 00:00:00,162.0,p_Madre
2091,24089,2024-11-20 00:00:00,145.0,p_Madre
2092,24090,2024-11-20 00:00:00,89.0,p_Madre
2093,24091,2024-11-20 00:00:00,152.0,p_Madre
2094,24092,2024-11-20 00:00:00,147.0,p_Madre
2095,24094,2025-01-22 00:00:00,89.0,Ordeño
2096,24095,2024-11-20 00:00:00,136.0,p_Madre
2097,24096,2024-11-20 00:00:00,192.0,p_Madre
2098,24097,2024-11-20 00:00:00,138.0,p_Madre
2099,24098,2024-11-20 00:00:00,104.0,p_Madre
2100,24099,2024-11-20 00:00:00,137.0,p_Madre
2101,24101,2024-11-20 00:00:00,143.0,p_Madre
2102,24102,2025-01-22 00:00:00,132.0,Ordeño
2103,24104,2024-04-16 00:00:00,,ordeño
2104,24105,2024-11-20 00:00:00,129.0,p_Madre
2105,24106,2025-01-22 00:00:00,109.0,Ordeño
2106,24108,2024-12-27 00:00:00,,Ordeño
2107,24109,2025-02-07 00:00:00,119.0,Ordeño
2108,24110,2024-11-20 00:00:00,124.0,p_Madre
2109,24111,2024-11-20 00:00:00,149.0,p_Madre
2110,24114,2025-03-05 00:00:00,85.0,Ordeño
2111,24115,2024-12-27 00:00:00,,Ordeño
2112,24116,2024-11-20 00:00:00,146.0,p_Madre
2113,24117,2025-02-07 00:00:00,100.0,Ordeño
2114,24118,2025-03-05 00:00:00,126.0,Ordeño
2115,24119,2024-11-20 00:00:00,138.0,p_Madre
2116,24120,2024-11-20 00:00:00,139.0,p_Madre
2117,24121,2024-05-20 00:00:00,,ordeño
2118,24123,2024-11-20 00:00:00,135.0,p_Madre
2119,24124,2025-01-22 00:00:00,123.0,p_Madre
2120,24125,2024-11-20 00:00:00,161.0,p_Madre
2121,24127,2025-03-05 00:00:00,123.0,Ordeño
2122,24129,2025-01-22 00:00:00,93.0,p_Madre
2123,24130,2025-05-16 00:00:00,144.0,Ordeño
2124,24131,2025-03-05 00:00:00,108.0,Ordeño
2125,24132,2025-01-23 00:00:00,95.0,p_Madre
2126,24133,2025-03-05 00:00:00,117.0,Ordeño
2127,24134,2025-01-22 00:00:00,152.0,p_Madre
2128,24135,2025-03-05 00:00:00,102.0,Ordeño
2129,24136,2024-11-20 00:00:00,139.0,p_Madre
2130,24137,2025-03-20 00:00:00,121.0,Ordeño
2131,24140,2025-05-06 00:00:00,142.0,Ordeño
2132,24141,2025-01-22 00:00:00,192.0,p_Madre
2133,24142,2025-01-22 00:00:00,118.0,p_Madre
2134,24143,2025-03-20 00:00:00,134.0,Ordeño
2135,24144,2025-03-20 00:00:00,130.0,Ordeño
2136,24145,2025-01-22 00:00:00,167.0,p_Madre
2137,24146,2025-03-13 00:00:00,125.0,Ordeño
2138,24147,2025-01-22 00:00:00,112.0,Ordeño
2139,24148,2025-06-06 00:00:00,187.0,Ordeño
2140,24149,2025-01-24 00:00:00,74.0,Ordeño
2141,24150,2025-03-20 00:00:00,95.0,p_Madre
2142,24151,2025-05-16 00:00:00,145.0,Ordeño
2143,24153,2025-03-20 00:00:00,155.0,p_Madre
2144,24154,2025-01-22 00:00:00,179.0,p_Madre
2145,24155,2025-03-20 00:00:00,118.0,p_Madre
2146,24156,2025-03-05 00:00:00,136.0,Ordeño
2147,24157,2025-01-22 00:00:00,146.0,p_Madre
2148,24158,2025-03-20 00:00:00,122.0,p_Madre
2149,24159,2025-03-20 00:00:00,127.0,p_Madre
2150,24160,2025-03-20 00:00:00,152.0,p_Madre
2151,24162,2025-04-20 00:00:00,135.0,Ordeño
2152,24163,2025-03-20 00:00:00,131.0,p_Madre
2153,24164,2025-01-22 00:00:00,102.0,p_Madre
2154,24165,2025-05-16 00:00:00,160.0,Ordeño
2155,24167,2025-04-20 00:00:00,90.0,Ordeño
2156,24168,2025-07-18 00:00:00,140.0,Ordeño
2157,24169,2025-03-20 00:00:00,50.0,p_Madre
2158,24170,2025-06-06 00:00:00,149.0,Ordeño
2159,24171,2025-07-17 00:00:00,91.0,Ordeño
2160,24172,2025-08-07 00:00:00,120.0,Ordeño
2161,24173,2025-03-05 00:00:00,124.0,Ordeño
2162,24176,2025-03-05 00:00:00,139.0,Ordeño
2163,24177,2025-05-06 00:00:00,102.0,Ordeño
2164,24178,2025-03-05 00:00:00,125.0,Ordeño
2165,24179,2025-06-06 00:00:00,95.0,p_Madre
2166,24180,2025-03-20 00:00:00,120.0,p_Madre
2167,24181,2025-03-20 00:00:00,142.0,p_Madre
2168,24182,2025-03-20 00:00:00,138.0,p_Madre
2169,24184,2025-10-29 00:00:00,125.0,p_Madre
2170,24185,2025-07-18 00:00:00,140.0,Ordeño
2171,24186,2025-06-06 00:00:00,113.0,p_Madre
2172,24187,2025-06-06 00:00:00,113.0,Ordeño
2173,24188,2025-07-18 00:00:00,141.0,Ordeño
2174,24189,2025-06-06 00:00:00,145.0,Ordeño
2175,24190,2025-03-20 00:00:00,100.0,p_Madre
2176,24191,2025-06-06 00:00:00,144.0,Ordeño
2177,24193,2025-06-06 00:00:00,160.0,Ordeño
2178,24194,2025-06-06 00:00:00,142.0,p_Madre
2179,24195,2025-06-06 00:00:00,119.0,Ordeño
2180,24196,2025-06-06 00:00:00,105.0,Ordeño
2181,24197,2025-06-06 00:00:00,113.0,Ordeño
2182,24198,2025-06-06 00:00:00,182.0,p_Madre
2183,24200,2025-08-26 00:00:00,100.0,Ordeño
2184,24201,2025-06-06 00:00:00,151.0,p_Madre
2185,24202,2025-08-07 00:00:00,160.0,Ordeño
2186,24203,2025-06-06 00:00:00,167.0,p_Madre
2187,24204,2025-06-06 00:00:00,94.0,p_Madre
2188,24205,2025-05-29 00:00:00,140.0,p_Madre
2189,24206,2025-06-06 00:00:00,143.0,p_Madre
2190,24207,2025-06-06 00:00:00,133.0,Ordeño
2191,24209,2025-07-18 00:00:00,142.0,Ordeño
2192,24210,2025-06-06 00:00:00,154.0,p_Madre
2193,24211,2025-06-06 00:00:00,151.0,p_Madre
2194,24212,2025-06-06 00:00:00,100.0,p_Madre
2195,24213,2025-07-18 00:00:00,130.0,Ordeño
2196,24214,2025-05-16 00:00:00,130.0,Ordeño
2197,24216,2025-08-26 00:00:00,127.0,Ordeño
2198,24217,2025-06-06 00:00:00,173.0,p_Madre
2199,24218,2025-10-29 00:00:00,192.0,p_Madre
2200,24219,2025-07-18 00:00:00,125.0,Ordeño
2201,24220,2025-08-07 00:00:00,145.0,Ordeño
2202,24221,2025-06-06 00:00:00,77.0,Ordeño
2203,24222,2025-07-18 00:00:00,151.0,Ordeño
2204,24224,2025-06-06 00:00:00,112.0,p_Madre
2205,24229,2025-07-24 00:00:00,105.0,Ordeño
2206,24230,2025-07-24 00:00:00,135.0,Ordeño
2207,24231,2025-06-06 00:00:00,153.0,p_Madre
2208,24232,2025-07-18 00:00:00,132.0,Ordeño
2209,24233,2025-10-29 00:00:00,215.0,p_Madre
2210,24234,2025-07-24 00:00:00,130.0,Ordeño
2211,24235,2025-07-24 00:00:00,,Ordeño
2212,24237,2025-07-18 00:00:00,100.0,Ordeño
2213,24238,2025-06-06 00:00:00,112.0,p_Madre
2214,24239,2025-08-26 00:00:00,119.0,Ordeño
2215,24240,2025-10-29 00:00:00,179.0,p_Madre
2216,24242,2025-10-29 00:00:00,149.0,p_Madre
2217,24243,2025-09-12 00:00:00,109.0,Ordeño
2218,24244,2025-08-29 00:00:00,143.0,Ordeño
2219,24246,2025-10-10 00:00:00,147.0,Ordeño
2220,24247,2025-10-29 00:00:00,178.0,p_Madre
2221,24248,2025-10-27 00:00:00,153.0,Ordeño
2222,24249,2025-10-29 00:00:00,174.0,p_Madre
2223,24251,2025-10-23 00:00:00,101.0,p_Madre
2224,24252,2025-10-13 00:00:00,107.0,Ordeño
2225,24255,2025-10-10 00:00:00,170.0,Ordeño
2226,24256,2025-10-10 00:00:00,140.0,Ordeño
2227,24259,2025-08-07 00:00:00,80.0,Ordeño
2228,24260,2025-10-10 00:00:00,134.0,Ordeño
2229,24261,2025-08-26 00:00:00,,Ordeño
2230,24262,2025-08-26 00:00:00,113.0,Ordeño
2231,24264,2025-10-29 00:00:00,235.0,p_Madre
2232,24268,2025-10-29 00:00:00,201.0,p_Madre
2233,24269,2025-10-20 00:00:00,142.0,Ordeño
2234,24270,2025-10-13 00:00:00,114.0,p_Madre
2235,24271,2025-10-29 00:00:00,291.0,p_Madre
2236,24272,2025-10-20 00:00:00,96.0,Ordeño
2237,24273,2025-10-10 00:00:00,128.0,Ordeño
2238,24274,2025-10-29 00:00:00,180.0,p_Madre
2239,24275,2025-08-26 00:00:00,110.0,Ordeño
2240,24276,2025-10-29 00:00:00,196.0,p_Madre
2241,24277,2025-10-13 00:00:00,100.0,Ordeño
2242,24278,2025-10-13 00:00:00,170.0,Ordeño
2243,24279,2025-10-29 00:00:00,176.0,p_Madre
2244,24280,2025-10-29 00:00:00,148.0,p_Madre
2245,24282,2025-10-27 00:00:00,100.0,Ordeño
2246,24283,2025-10-13 00:00:00,97.0,Ordeño
2247,24284,2025-10-13 00:00:00,115.0,p_Madre
2248,24285,2025-10-13 00:00:00,90.0,Ordeño
2249,24286,2025-10-13 00:00:00,131.0,Ordeño
2250,24287,2025-07-24 00:00:00,140.0,Ordeño
2251,24288,2025-10-29 00:00:00,235.0,p_Madre
2252,24289,2025-10-20 00:00:00,101.0,Ordeño
2253,24290,2025-10-13 00:00:00,113.0,Ordeño
2254,24291,2025-09-12 00:00:00,112.0,Ordeño
2255,24292,2025-10-10 00:00:00,138.0,Ordeño
2256,24296,2025-02-26 00:00:00,,Sute
2257,24297,2025-10-13 00:00:00,98.0,Ordeño
2258,24298,2025-10-10 00:00:00,115.0,Ordeño
2259,24299,2025-10-29 00:00:00,111.0,p_Madre
2260,24300,2025-10-13 00:00:00,86.0,Ordeño
2261,24302,2025-10-29 00:00:00,170.0,p_Madre
2262,24303,2025-10-29 00:00:00,128.0,p_Madre
2263,24306,2025-07-17 00:00:00,108.0,Ordeño
2264,24307,2025-07-17 00:00:00,60.0,Ordeño
2265,24308,2025-07-17 00:00:00,68.0,Ordeño
2266,25001,2025-10-13 00:00:00,126.0,Ordeño
2267,25003,2025-10-29 00:00:00,200.0,p_Madre
2268,25005,2025-12-11 00:00:00,95.0,Ordeño
2269,25006,2025-10-29 00:00:00,178.0,p_Madre
2270,25009,2025-10-10 00:00:00,107.0,Ordeño
2271,25010,2025-10-29 00:00:00,132.0,p_Madre
2272,25011,2025-10-29 00:00:00,208.0,p_Madre
2273,25012,2025-12-11 00:00:00,104.0,Ordeño
2274,25013,2025-10-29 00:00:00,146.0,p_Madre
2275,25014,2025-10-13 00:00:00,106.0,Ordeño
2276,25015,2025-10-29 00:00:00,160.0,p_Madre
2277,25016,2025-10-29 00:00:00,216.0,p_Madre
2278,25017,2025-10-20 00:00:00,118.0,Ordeño
2279,25020,2025-12-11 00:00:00,105.0,Ordeño
2280,25021,2025-10-20 00:00:00,119.0,Ordeño
2281,25022,2026-02-07 00:00:00,102.0,Ordeño
2282,25023,2025-10-13 00:00:00,117.0,Ordeño
2283,25024,2025-10-27 00:00:00,84.0,Ordeño
2284,25025,2025-10-29 00:00:00,116.0,p_Madre
2285,25026,2025-10-20 00:00:00,102.0,Ordeño
2286,25027,2026-02-04 00:00:00,140.0,Ordeño
2287,25028,2025-10-20 00:00:00,87.0,Ordeño
2288,25029,2025-10-29 00:00:00,135.0,p_Madre
2289,25030,2025-12-11 00:00:00,115.0,Ordeño
2290,25032,2025-10-29 00:00:00,102.0,p_Madre
2291,25033,2025-10-29 00:00:00,218.0,p_Madre
2292,25034,2025-12-11 00:00:00,103.0,Ordeño
2293,25035,2025-10-20 00:00:00,120.0,Ordeño
2294,25036,2025-12-11 00:00:00,135.0,Ordeño
2295,25037,2025-10-29 00:00:00,82.0,p_Madre
2296,25038,2025-10-29 00:00:00,148.0,p_Madre
2297,25039,2025-10-10 00:00:00,85.0,Ordeño
2298,25040,2025-12-11 00:00:00,128.0,Ordeño
2299,25041,2025-10-29 00:00:00,135.0,p_Madre
2300,25042,2025-10-29 00:00:00,137.0,p_Madre
2301,25043,2025-10-29 00:00:00,95.0,p_Madre
2302,25044,2025-10-29 00:00:00,121.0,p_Madre
2303,25045,2025-10-27 00:00:00,86.0,Ordeño
2304,25050,2025-10-23 00:00:00,96.0,Ordeño
2305,25051,2025-10-29 00:00:00,194.0,p_Madre
2306,25052,2026-02-09 00:00:00,110.0,Ordeño
2307,25054,2026-02-09 00:00:00,148.0,Ordeño
2308,25055,2026-02-04 00:00:00,104.0,Ordeño
2309,25056,2026-02-04 00:00:00,108.0,Ordeño
2310,25058,2026-02-04 00:00:00,95.0,Ordeño
2311,25059,2026-02-26 00:00:00,138.0,Ordeño
2312,25060,2026-02-09 00:00:00,163.0,p_Madre
2313,25061,2025-11-12 00:00:00,88.0,Ordeño
2314,25062,2026-02-09 00:00:00,120.0,Ordeño
2315,25063,2026-02-11 00:00:00,122.0,p_Madre
2316,25064,2025-11-11 00:00:00,123.0,p_Madre
2317,25065,2025-11-11 00:00:00,138.0,p_Madre
2318,25066,2025-12-11 00:00:00,108.0,Ordeño
2319,25067,2026-02-04 00:00:00,95.0,Ordeño
2320,25068,2025-12-11 00:00:00,84.0,Ordeño
2321,25069,2025-10-30 00:00:00,122.0,p_Madre
2322,25070,2026-02-04 00:00:00,103.0,Ordeño
2323,25071,2026-02-11 00:00:00,156.0,p_Madre
2324,25073,2026-03-12 00:00:00,113.0,Ordeño
2325,25074,2026-02-04 00:00:00,95.0,Ordeño
2326,25075,2026-02-04 00:00:00,116.0,Ordeño
2327,25077,2026-02-26 00:00:00,123.0,Ordeño
2328,25078,2026-02-11 00:00:00,243.0,p_Madre
2329,25080,2025-10-29 00:00:00,120.0,p_Madre
2330,25084,2026-02-11 00:00:00,108.0,p_Madre
2331,25086,2026-02-11 00:00:00,120.0,p_Madre
2332,25087,2026-03-12 00:00:00,113.0,Ordeño
2333,25088,2026-02-04 00:00:00,114.0,Ordeño
2334,25089,2026-05-02 00:00:00,131.0,Ordeño
2335,25091,2026-02-11 00:00:00,106.0,p_Madre
2336,25093,2026-02-11 00:00:00,172.0,p_Madre
2337,25095,2026-02-26 00:00:00,122.0,Ordeño
2338,25096,2026-02-11 00:00:00,195.0,p_Madre
2339,25097,2026-02-11 00:00:00,193.0,p_Madre
2340,25098,2026-05-02 00:00:00,150.0,Ordeño
2341,25099,2026-01-15 00:00:00,101.0,Ordeño
2342,25100,2026-01-15 00:00:00,115.0,Ordeño
2343,25101,2026-02-26 00:00:00,113.0,Ordeño
2344,25103,2026-03-12 00:00:00,110.0,Ordeño
2345,25104,2026-02-11 00:00:00,191.0,p_Madre
2346,25105,2026-02-26 00:00:00,112.0,Ordeño
2347,25106,2026-03-12 00:00:00,89.0,Ordeño
2348,25109,2026-02-09 00:00:00,84.0,p_Madre
2349,25110,2026-05-27 00:00:00,99.0,p_Madre
2350,25111,2026-03-12 00:00:00,117.0,Ordeño
2351,25114,2025-10-23 00:00:00,105.0,p_Madre
2352,25116,2026-01-15 00:00:00,145.0,Ordeño
2353,25118,2026-02-11 00:00:00,140.0,p_Madre
2354,25119,2026-02-11 00:00:00,140.0,p_Madre
2355,25120,2026-02-11 00:00:00,145.0,p_Madre
2356,25121,2026-01-15 00:00:00,142.0,Ordeño
2357,25122,2026-02-11 00:00:00,158.0,p_Madre
2358,25123,2026-06-09 00:00:00,143.0,Ordeño
2359,25124,2026-03-12 00:00:00,105.0,Ordeño
2360,25125,2026-02-11 00:00:00,165.0,p_Madre
2361,25126,2026-05-27 00:00:00,127.0,Ordeño
2362,25127,2026-02-26 00:00:00,112.0,Ordeño
2363,25128,2026-05-02 00:00:00,104.0,Ordeño
2364,25129,2026-05-02 00:00:00,102.0,Ordeño
2365,25130,2026-05-02 00:00:00,130.0,Ordeño
2366,25131,2026-02-26 00:00:00,96.0,Ordeño
2367,25134,2026-01-15 00:00:00,114.0,Ordeño
2368,25135,2026-02-26 00:00:00,75.0,Ordeño
2369,25137,2026-02-11 00:00:00,101.0,p_Madre
2370,25138,2026-02-11 00:00:00,120.0,p_Madre
2371,25139,2026-02-26 00:00:00,94.0,Ordeño
2372,25140,2026-02-11 00:00:00,125.0,p_Madre
2373,25141,2026-05-27 00:00:00,158.0,Ordeño
2374,25142,2026-02-13 00:00:00,92.0,Ordeño
2375,25143,2026-05-02 00:00:00,103.0,Ordeño
2376,25144,2026-03-12 00:00:00,81.0,Ordeño
2377,25145,2026-01-15 00:00:00,123.0,Ordeño
2378,25149,2026-02-11 00:00:00,138.0,p_Madre
2379,25150,2026-06-09 00:00:00,130.0,Ordeño
2380,25151,2026-02-11 00:00:00,142.0,p_Madre
2381,25152,2026-02-11 00:00:00,155.0,p_Madre
2382,25154,2026-05-27 00:00:00,187.0,p_Madre
2383,25155,2026-02-11 00:00:00,128.0,Ordeño
2384,25156,2026-06-09 00:00:00,125.0,Ordeño
2385,25157,2026-06-09 00:00:00,164.0,Ordeño
2386,25158,2026-05-02 00:00:00,179.0,Ordeño
2387,25159,2026-05-02 00:00:00,138.0,Ordeño
2388,25161,2026-04-07 00:00:00,124.0,Ordeño
2389,25164,2026-05-27 00:00:00,108.0,p_Madre
2391,25166,2026-05-02 00:00:00,108.0,Ordeño
2392,25167,2026-05-27 00:00:00,116.0,p_Madre
2393,25169,2026-06-09 00:00:00,105.0,Ordeño
2394,25170,2026-06-09 00:00:00,105.0,Ordeño
2395,25173,2026-05-27 00:00:00,83.0,p_Madre
2396,25165,2026-06-09 00:00:00,148.0,Ordeño
2397,25175,2026-05-27 00:00:00,120.0,p_Madre
2398,25176,2026-05-27 00:00:00,151.0,p_Madre
2399,25177,2026-05-27 00:00:00,102.0,Ordeño
2400,25178,2026-05-27 00:00:00,181.0,p_Madre
2401,25179,2026-05-27 00:00:00,126.0,p_Madre
2402,25183,2026-05-27 00:00:00,141.0,p_Madre
2403,25186,2026-05-02 00:00:00,82.0,Ordeño
2404,25187,2026-05-27 00:00:00,89.0,Ordeño
2405,25188,2026-05-27 00:00:00,167.0,p_Madre
2406,25190,2026-05-27 00:00:00,92.0,Ordeño
2407,25192,2026-05-27 00:00:00,180.0,p_Madre
2409,25200,2026-05-02 00:00:00,95.0,Ordeño
2410,25203,2026-05-27 00:00:00,82.0,p_Madre
2411,25207,2026-05-02 00:00:00,131.0,Ordeño
2412,25209,2026-05-27 00:00:00,150.0,Ordeño
2413,25210,2026-05-27 00:00:00,90.0,p_Madre
2414,25211,2026-05-27 00:00:00,142.0,p_Madre
2415,25213,2026-05-27 00:00:00,119.0,p_Madre
2416,25214,2026-06-09 00:00:00,93.0,Ordeño
2417,25215,2026-04-07 00:00:00,91.0,p_Madre
2418,25222,2026-05-27 00:00:00,150.0,p_Madre
2419,25223,2026-05-27 00:00:00,156.0,p_Madre
2420,25224,2026-05-27 00:00:00,180.0,p_Madre
2421,25226,2026-05-27 00:00:00,162.0,p_Madre
2422,25230,2026-05-27 00:00:00,77.0,p_Madre
2423,25231,2026-05-27 00:00:00,84.0,p_Madre
2424,25237,2026-05-27 00:00:00,116.0,Ordeño
2425,25253,2026-05-02 00:00:00,86.0,Ordeño
2426,25265,2026-05-02 00:00:00,130.0,Ordeño
2427,25275,2026-05-27 00:00:00,96.0,Ordeño
2428,25277,2026-05-02 00:00:00,99.0,Ordeño
2429,25306,2026-02-04 00:00:00,90.0,Ordeño
2430,26013,2026-05-02 00:00:00,85.0,Ordeño
2431,1015A,2023-04-04 00:00:00,202.0,
2432,1082A,2023-02-07 00:00:00,144.0,
2433,2096A,2023-05-05 00:00:00,90.0,
2434,2143A,2023-05-05 00:00:00,86.0,
2435,22169A,2023-05-24 00:00:00,90.0,
2436,BU2502,2026-06-04 00:00:00,,Ordeño
2437,BU2508,2026-03-03 00:00:00,,Ordeño
2438,BU2510,2026-01-29 00:00:00,,Ordeño
2439,BU2511,2026-06-04 00:00:00,,Ordeño
2440,BU2513,2026-04-07 00:00:00,,Ordeño
2441,BU2520,2026-06-04 00:00:00,,Ordeño
2442,BU2522,2026-06-04 00:00:00,,Ordeño
2443,BU2525,2026-06-04 00:00:00,,Ordeño
2444,BU2526,2026-04-07 00:00:00,,Ordeño
2445,BU2528,2026-06-04 00:00:00,,Ordeño
2446,BU353,2025-12-05 00:00:00,,Ordeño
2447,BU354,2025-12-05 00:00:00,,Ordeño
2448,BU355,2025-12-05 00:00:00,,Ordeño
2449,BU356,2025-04-03 00:00:00,,Ordeño
2450,BU357,2025-05-14 00:00:00,,Ordeño
2451,BU358,2025-04-03 00:00:00,,Ordeño
2452,BU359,2025-12-05 00:00:00,,Ordeño
2453,BU360,2025-05-12 00:00:00,,Ordeño
2454,BU361,2025-04-03 00:00:00,,Ordeño
2455,BU362,2025-09-18 00:00:00,,Ordeño
2456,BU363,2025-04-19 00:00:00,,Ordeño
2457,BU365,2025-05-12 00:00:00,,Ordeño
2458,BU368,2025-05-15 00:00:00,,Ordeño
2459,BU370,2025-07-20 00:00:00,,Ordeño
2460,BU371,2025-06-15 00:00:00,,Ordeño
2461,BU372,2026-03-03 00:00:00,,Ordeño
2462,BU373,2026-01-20 00:00:00,,Ordeño
2463,BU374,2025-05-20 00:00:00,,Ordeño
2464,BU375,2025-07-04 00:00:00,,Ordeño
2465,BU376,2025-06-29 00:00:00,,Ordeño
2466,BU377,2025-06-26 00:00:00,,Ordeño
2467,BU378,2025-12-05 00:00:00,,Ordeño
2468,BU379,2025-12-05 00:00:00,,Ordeño
2469,BU67,2024-07-02 00:00:00,,Ordeño
2470,BU68,2024-07-02 00:00:00,,Ordeño
2471,BU69,2024-07-02 00:00:00,,Ordeño
2472,BU70,2024-07-02 00:00:00,,Ordeño
2473,BU71,2024-07-02 00:00:00,,Ordeño
2474,BU72,2024-07-02 00:00:00,,Ordeño
2475,BU75,2024-07-02 00:00:00,,Ordeño
2476,BU76,2024-07-02 00:00:00,,Ordeño
2477,BU78,2024-07-02 00:00:00,,Ordeño
2478,BU79,2024-07-02 00:00:00,,Ordeño
2479,BU80,2024-07-02 00:00:00,,Ordeño
2480,BU81,2024-07-02 00:00:00,,Ordeño
2481,BU82,2024-07-02 00:00:00,,Ordeño
2482,BU83,2024-09-27 00:00:00,,Ordeño
2483,BU84,2024-07-02 00:00:00,,Ordeño
2484,BU85,2024-07-02 00:00:00,,Ordeño
2485,BU86,2024-07-02 00:00:00,,Ordeño
2486,BU87,2024-07-02 00:00:00,,Ordeño
2487,BU88,2024-07-02 00:00:00,,Ordeño
2488,BU89,2024-07-02 00:00:00,,Ordeño
2489,BU92,2024-07-02 00:00:00,,Ordeño
2490,BU93,2024-07-02 00:00:00,,Ordeño
2491,BU94,2024-07-02 00:00:00,,Ordeño
2492,IA23223,2024-04-24 00:00:00,60.0,ORDEÑO
2493,J25001,2025-12-11 00:00:00,,Ordeño
2494,J25002,2025-10-08 00:00:00,,Ordeño
2495,J25031,2025-12-11 00:00:00,,Ordeño
2496,J25049,2026-02-09 00:00:00,120.0,Ordeño
2497,J25132,2026-02-26 00:00:00,134.0,Ordeño
2498,J25147,2026-03-12 00:00:00,78.0,p_Madre
2499,pend49,2025-10-29 00:00:00,137.0,p_Madre
2500,BU2515,2026-06-11 00:00:00,,Ordeño
2501,BU2509,2026-04-25 00:00:00,,Ordeño
2502,BU2514,2026-04-22 00:00:00,,Ordeño
2503,BU2517,2026-04-25 00:00:00,,Ordeño
2504,BU2512,2026-03-04 00:00:00,,Ordeño
2505,BU2507,2026-04-07 00:00:00,,Ordeño
2506,BU2506,2026-06-10 00:00:00,,Ordeño
2507,BU369,2026-05-25 00:00:00,,
2508,BU2523,2026-04-10 00:00:00,,
2509,25219,2026-06-22 00:00:00,104.0,p_Madre
2510,25112,2026-06-22 00:00:00,,Ordeño
2511,25102,2026-06-22 00:00:00,,Ordeño
2512,25162,2026-06-22 00:00:00,,Ordeño
2513,25236,2026-06-22 00:00:00,,Ordeño
2514,25206,2026-06-25 00:00:00,,p_Madre
2515,25273,2026-06-25 00:00:00,,p_Madre
2516,25218,2026-06-22 00:00:00,,Ordeño
2517,25254,2026-07-01 00:00:00,86.0,Ordeño
2518,25199,2026-07-01 00:00:00,107.0,Ordeño
2519,25196,2026-07-01 00:00:00,104.0,Ordeño
2520,25284,2026-07-01 00:00:00,130.0,Ordeño
2521,25201,2026-07-01 00:00:00,97.0,Ordeño
2522,25191,2026-07-01 00:00:00,95.0,Ordeño
2523,25290,2026-07-01 00:00:00,158.0,Ordeño
2524,25274,2026-07-01 00:00:00,134.0,Ordeño
2525,25174,2026-06-09 00:00:00,89.0,Ordeño
2526,25212,2026-07-07 00:00:00,,Ordeño
2527,25271,2026-07-09 00:00:00,187.0,p_Madre
2528,25184,2026-07-11 00:00:00,,Ordeño
2529,BU2505,2026-07-15 00:00:00,,Ordeño
2530,BU2516,2026-07-15 00:00:00,,Ordeño
2531,26007,2026-08-16 00:00:00,,Ordeño
2532,25244,2026-08-16 00:00:00,,Ordeño
2533,BU2518,2026-07-30 00:00:00,,Ordeño
2534,BU2519,2026-07-25 00:00:00,,Ordeño
2535,BU2530,2026-08-08 00:00:00,,Ordeño
2536,BU2531,2026-07-30 00:00:00,,Ordeño
2537,25229,2026-05-27 00:00:00,,p_Madre
2538,25163,2026-09-18 00:00:00,181.0,Ordeño
2539,26053,2026-09-18 00:00:00,89.0,Ordeño
2540,25235,2026-09-18 00:00:00,183.0,Ordeño
2541,25216,2026-09-18 00:00:00,151.0,Ordeño
2542,25204,2026-09-18 00:00:00,208.0,Ordeño
2543,25197,2026-09-18 00:00:00,112.0,Ordeño
2544,25248,2026-09-18 00:00:00,134.0,Ordeño
2545,25250,2026-09-18 00:00:00,173.0,Ordeño
2546,26037,2026-09-18 00:00:00,105.0,Ordeño
2547,25240,2026-09-18 00:00:00,130.0,Ordeño
2548,25256,2026-09-18 00:00:00,,p_Madre
2549,25234,2026-09-18 00:00:00,,p_Madre
2550,25278,2026-09-18 00:00:00,,p_Madre
2551,25309,2026-09-18 00:00:00,,p_Madre
2552,25302,2026-09-18 00:00:00,,p_Madre
2553,26014,2026-09-18 00:00:00,,p_Madre
2554,26010,2026-09-18 00:00:00,,p_Madre
2555,25282,2026-09-18 00:00:00,,p_Madre
2556,25293,2026-09-18 00:00:00,,p_Madre
2557,25263,2026-09-18 00:00:00,,p_Madre
2558,25303,2026-09-18 00:00:00,,p_Madre
2559,25260,2026-09-18 00:00:00,,p_Madre
2560,25283,2026-09-18 00:00:00,,p_Madre
2561,25239,2026-09-18 00:00:00,,p_Madre
2562,25247,2026-09-18 00:00:00,,p_Madre
2563,25294,2026-09-18 00:00:00,,p_Madre
2564,25315,2026-09-18 00:00:00,,p_Madre
2565,25221,2026-09-18 00:00:00,,p_Madre
