archivo,orden_campo,campo
_4cuartos.csv,1,id
_4cuartos.csv,2,idem_vaca
_4cuartos.csv,3,fecha
_4cuartos.csv,4,_4_cuartos
abortos.csv,1,id
abortos.csv,2,nro_animal
abortos.csv,3,fecha_aborto
abortos.csv,4,obs
aretes_plasticos.csv,1,id
aretes_plasticos.csv,2,idem_vaca
aretes_plasticos.csv,3,arete
aretes_plasticos.csv,4,fecha
clasificacion_animal.csv,1,id
clasificacion_animal.csv,2,nro_animal
clasificacion_animal.csv,3,fecha
clasificacion_animal.csv,4,clasificación
clasificacion_potencial.csv,1,nro_animal
clasificacion_potencial.csv,2,fecha
clasificacion_potencial.csv,3,clasificación
cowpro.csv,1,id_animal
cowpro.csv,2,fecha
cowpro.csv,3,id_cowpro
cowpro.csv,4,nro_chip
cowpro.csv,5,persona_que_coloca_arete
cowpro.csv,6,persona_que_coloca_chip
descarte.csv,1,id_animal
descarte.csv,2,fecha
descarte.csv,3,días_de_gracia
descarte.csv,4,obs
descorne.csv,1,id
descorne.csv,2,nro_animal
descorne.csv,3,fecha_descorne
descorne.csv,4,responsable
destetes.csv,1,id
destetes.csv,2,idem
destetes.csv,3,fecha__destete
destetes.csv,4,peso_destete
destetes.csv,5,ordeño__p_madre
errores_de_pegado.csv,1,campo0
errores_de_pegado.csv,2,campo1
errores_de_pegado.csv,3,campo2
errores_de_pegado.csv,4,campo3
errores_de_pegado.csv,5,campo4
errores_de_pegado.csv,6,campo5
errores_de_pegado.csv,7,campo6
evaluacion_ordeño.csv,1,id
evaluacion_ordeño.csv,2,nro_animal
evaluacion_ordeño.csv,3,fecha
evaluacion_ordeño.csv,4,nombre_animal
evaluacion_ordeño.csv,5,peso_leche
evaluacion_ordeño.csv,6,ordeñador
evaluacion_ordeño.csv,7,am_pm
finca_ubicacion.csv,1,id
finca_ubicacion.csv,2,nro_animal
finca_ubicacion.csv,3,fecha_ingreso_finca
finca_ubicacion.csv,4,finca_nombre
grupo_etareo.csv,1,id
grupo_etareo.csv,2,nro_animal
grupo_etareo.csv,3,fecha
grupo_etareo.csv,4,grupo_etareo
hierro.csv,1,nro_animal
hierro.csv,2,fecha
hierro.csv,3,hierro
insumos_acces.csv,1,id
insumos_acces.csv,2,fecha_de_ingreso
insumos_acces.csv,3,nombre_comercial
insumos_acces.csv,4,presentacion
insumos_acces.csv,5,principio_activo
insumos_acces.csv,6,fecha_venc
insumos_acces.csv,7,cant
insumos_acces.csv,8,lote
inventario_cow_pro.csv,1,id
inventario_cow_pro.csv,2,id_cow_pro_
inventario_cow_pro.csv,3,fecha_
inventario_cow_pro.csv,4,status_
inventario_cow_pro.csv,5,obs_
inventario_cow_pro.csv,6,actualizado
inventario_cow_pro.csv,7,error_al_act
lote.csv,1,id
lote.csv,2,nro_animal
lote.csv,3,fecha
lote.csv,4,lote
mortalidad.csv,1,id
mortalidad.csv,2,nro_animal
mortalidad.csv,3,fecha_de_muerte
mortalidad.csv,4,causa_de_muerte
mortalidad.csv,5,lote
mortalidad.csv,6,grp_et
mortalidad.csv,7,obs
mortalidad.csv,8,prueba_comunidad
mortalidad.csv,9,tipo_de_muerte
mortinatos.csv,1,id
mortinatos.csv,2,nro_animal
mortinatos.csv,3,fecha_mortinato
mortinatos.csv,4,cria_mortinato
nacimientos.csv,1,nro_animal
nacimientos.csv,2,fecha_nac
nacimientos.csv,3,familia_animal
nacimientos.csv,4,id_madre
nacimientos.csv,5,lugar_de_nac
nacimientos.csv,6,sexo
observaciones.csv,1,nro_animal
observaciones.csv,2,observaciones
ordeño.csv,1,fecha
ordeño.csv,2,lugar
ordeño.csv,3,lote
ordeño.csv,4,am_pm
ordeño.csv,5,cantidad_de_animales
ordeño.csv,6,litros
ordeño.csv,7,bucerros_ca__y_sutes_ltr
ordeño.csv,8,consumo_trabajadores_lts
ordeño.csv,9,potrero_origen
ordeño.csv,10,kg_guardados
ordeño.csv,11,kg_entregados
ordeño.csv,12,trab1
ordeño.csv,13,trab2
ordeño.csv,14,trab3
ordeño.csv,15,obs
pago_personal_2026.csv,1,id
pago_personal_2026.csv,2,codigo
pago_personal_2026.csv,3,finca
pago_personal_2026.csv,4,cargo
pago_personal_2026.csv,5,fecha
pago_personal_2026.csv,6,trabajador
pago_personal_2026.csv,7,cedula_nro
pago_personal_2026.csv,8,bono_p
pago_personal_2026.csv,9,apoyo_corr
pago_personal_2026.csv,10,amance
pago_personal_2026.csv,11,apoyo_plan_s
pago_personal_2026.csv,12,redoble
pago_personal_2026.csv,13,dia_festivo
pago_personal_2026.csv,14,préstamo_personal
pago_personal_2026.csv,15,labor_paralela
pago_personal_2026.csv,16,otro
pago_personal_2026.csv,17,dcto
pago_personal_2026.csv,18,moneda
pago_personal_2026.csv,19,en_letras
pago_personal_2026.csv,20,obs
pagos_personal_23_25.csv,1,id
pagos_personal_23_25.csv,2,codigo
pagos_personal_23_25.csv,3,fecha
pagos_personal_23_25.csv,4,nombre_receptor
pagos_personal_23_25.csv,5,cedula_nro
pagos_personal_23_25.csv,6,concepto
pagos_personal_23_25.csv,7,monto
pagos_personal_23_25.csv,8,moneda
pagos_personal_23_25.csv,9,en_letras
palpaciones.csv,1,id
palpaciones.csv,2,nro_de_animal
palpaciones.csv,3,dxp_fecha
palpaciones.csv,4,tiempo_gestación
palpaciones.csv,5,cond_corpo
palpaciones.csv,6,diag_p
palpaciones.csv,7,observación_dxp
palpaciones.csv,8,fecha_de_servicio
palpaciones.csv,9,mes_de_servicio
palpaciones.csv,10,próximo_parto
palpaciones.csv,11,mes_de_parto
partos.csv,1,id
partos.csv,2,nro_animal
partos.csv,3,nombre
partos.csv,4,grupo_etario
partos.csv,5,ubicación
partos.csv,6,fparto
partos.csv,7,nro_parto
partos.csv,8,cria
partos.csv,9,sexo
partos.csv,10,nombre_padre
partos.csv,11,tipo_de_servicio
partos.csv,12,evento
pesaje_de_leche.csv,1,id
pesaje_de_leche.csv,2,fecha
pesaje_de_leche.csv,3,idem
pesaje_de_leche.csv,4,lts_de_leche
pesaje_de_leche.csv,5,cc
pesaje_de_leche.csv,6,nro_parto
pesaje_de_leche.csv,7,fparto
pesaje_de_leche.csv,8,dias_en_lactancia
pesaje_de_leche.csv,9,tercio_lactancia
peso_romana_kg.csv,1,id
peso_romana_kg.csv,2,idem
peso_romana_kg.csv,3,fecha
peso_romana_kg.csv,4,nombre
peso_romana_kg.csv,5,peso
pia.csv,1,id
pia.csv,2,nro_pia
pia.csv,3,nro_de_animal
pia.csv,4,fecha_de_servicio
pia.csv,5,hora_de_servicio
pia.csv,6,toro__semen_
pia.csv,7,practicante
pia.csv,8,servicio
pia.csv,9,obs
sangrado_ps2024.csv,1,id
sangrado_ps2024.csv,2,nro_animal
sangrado_ps2024.csv,3,fecha_sangrado
sangrado_ps2024.csv,4,idem_muestra
secado.csv,1,id
secado.csv,2,nro_animal
secado.csv,3,fecha_secado
secado.csv,4,peso_kg_al_secar
suero.csv,1,id
suero.csv,2,fecha
suero.csv,3,cantidad
suero.csv,4,hervido_completo
suero.csv,5,recibe
tatoo.csv,1,id
tatoo.csv,2,nro_animal
tatoo.csv,3,fecha_de_tatuado
tatoo.csv,4,peso_al_nacer_kg
tatoo.csv,5,responsable
traslados_ext.csv,1,id
traslados_ext.csv,2,fecha
traslados_ext.csv,3,idem
traslados_ext.csv,4,origen
traslados_ext.csv,5,dest
traslados_ext.csv,6,ge
traslados_ext.csv,7,raza
traslados_ext.csv,8,sexo
traslados_ext.csv,9,peso
tratamientos.csv,1,id
tratamientos.csv,2,nro_de_animal
tratamientos.csv,3,fecha
tratamientos.csv,4,tto
tratamientos.csv,5,obs
ubicacion_potrero.csv,1,id
ubicacion_potrero.csv,2,idem
ubicacion_potrero.csv,3,fecha
ubicacion_potrero.csv,4,modulo
ventas.csv,1,id_animal
ventas.csv,2,fecha
ventas.csv,3,tipo
ventas.csv,4,obs
