nro_animal,fecha,hierro
24119,2024-11-21 00:00:00,LA
24101,2024-11-21 00:00:00,LA
24025,2024-11-21 00:00:00,LA
24091,2024-11-21 00:00:00,LA
24047,2024-11-21 00:00:00,LA
24105,2024-11-21 00:00:00,LA
24097,2024-11-21 00:00:00,LA
24089,2024-11-21 00:00:00,LA
24111,2024-11-21 00:00:00,LA
24096,2024-11-21 00:00:00,LA
24085,2024-11-21 00:00:00,LA
24075,2024-11-21 00:00:00,LA
24095,2024-11-21 00:00:00,LA
24082,2024-11-21 00:00:00,LA
24079,2024-11-21 00:00:00,LA
24066,2024-11-21 00:00:00,LA
24071,2024-11-21 00:00:00,LA
24116,2024-11-21 00:00:00,LA
24067,2024-11-21 00:00:00,LA
24076,2024-11-21 00:00:00,LA
24087,2024-11-21 00:00:00,LA
24044,2024-11-21 00:00:00,LA
24077,2024-11-21 00:00:00,LA
24136,2024-11-21 00:00:00,LA
24099,2024-11-21 00:00:00,LA
24110,2024-11-21 00:00:00,LA
24049,2024-11-21 00:00:00,LA
24125,2024-11-21 00:00:00,LA
24030,2024-11-21 00:00:00,LA
24120,2024-11-21 00:00:00,LA
24092,2024-11-21 00:00:00,LA
24065,2024-11-21 00:00:00,LA
24098,2024-11-21 00:00:00,LA
24090,2024-11-21 00:00:00,LA
24123,2024-11-21 00:00:00,LA
24063,2024-11-21 00:00:00,LA
24036,2024-11-06 00:00:00,LA
24019,2024-11-06 00:00:00,LA
23242,2024-11-06 00:00:00,LA
23252,2024-11-06 00:00:00,LA
24062,2024-11-06 00:00:00,LA
23233,2024-11-06 00:00:00,LA
24001,2024-11-06 00:00:00,LA
24040,2024-11-06 00:00:00,LA
23222,2024-11-06 00:00:00,LA
24046,2024-11-06 00:00:00,LA
24020,2024-11-06 00:00:00,LA
23239,2024-11-06 00:00:00,LA
23248,2024-11-06 00:00:00,LA
BU67,2024-08-23 00:00:00,LA
23130,2024-08-23 00:00:00,LA
23157,2024-08-23 00:00:00,LA
23158,2024-08-23 00:00:00,LA
23178,2024-08-23 00:00:00,LA
23181,2024-08-23 00:00:00,LA
23186,2024-08-23 00:00:00,LA
23196,2024-08-23 00:00:00,LA
23197,2024-08-23 00:00:00,LA
23198,2024-08-23 00:00:00,LA
23206,2024-08-23 00:00:00,LA
23207,2024-08-23 00:00:00,LA
23208,2024-08-23 00:00:00,LA
23214,2024-08-23 00:00:00,LA
23217,2024-08-23 00:00:00,LA
24012,2024-08-23 00:00:00,LA
24013,2024-08-23 00:00:00,LA
24015,2024-08-23 00:00:00,LA
24029,2024-08-23 00:00:00,LA
23235,2024-08-23 00:00:00,LA
24037,2024-08-23 00:00:00,LA
22116,2023-09-12 00:00:00,LA
22119,2023-09-12 00:00:00,LA
22149,2023-09-12 00:00:00,LA
2141,2023-03-04 00:00:00,LA
22126,2023-09-12 00:00:00,LA
22120,2023-09-12 00:00:00,LA
22150,2023-11-09 00:00:00,LA
22121,2023-09-12 00:00:00,LA
2145,2023-05-05 00:00:00,LA
2137,2023-05-05 00:00:00,LA
2154,2023-05-05 00:00:00,LA
22125,2023-09-12 00:00:00,LA
22115,2023-09-12 00:00:00,LA
2155,2023-05-05 00:00:00,LA
22157,2023-09-12 00:00:00,LA
22122,2023-09-12 00:00:00,LA
2162,2023-05-05 00:00:00,LA
22132,2023-09-12 00:00:00,LA
22164,2023-11-09 00:00:00,LA
22166,2023-09-12 00:00:00,LA
22135,2023-09-12 00:00:00,LA
2063B,2023-02-07 00:00:00,LA
22175,2023-09-12 00:00:00,LA
22180,2023-09-12 00:00:00,LA
22181,2023-09-12 00:00:00,LA
22185,2023-11-09 00:00:00,LA
22186,2023-11-18 00:00:00,LA
22187,2023-11-09 00:00:00,LA
22188,2023-09-12 00:00:00,LA
22189,2023-11-09 00:00:00,LA
22190,2023-09-12 00:00:00,LA
22191,2023-09-12 00:00:00,LA
22193,2023-11-09 00:00:00,LA
22195,2023-11-18 00:00:00,LA
22197,2023-11-18 00:00:00,LA
22196,2023-09-12 00:00:00,LA
22198,2023-09-12 00:00:00,LA
22207,2023-09-12 00:00:00,LA
22209,2023-11-09 00:00:00,LA
22206,2023-09-12 00:00:00,LA
22205,2023-09-12 00:00:00,LA
23002,2023-11-09 00:00:00,LA
23001,2023-09-12 00:00:00,LA
23004,2023-09-12 00:00:00,LA
23006,2023-11-09 00:00:00,LA
23005,2023-11-18 00:00:00,LA
2095,2023-05-05 00:00:00,LA
2107,2023-05-05 00:00:00,LA
2200,2023-05-05 00:00:00,LA
2101,2023-05-05 00:00:00,LA
2102,2023-05-05 00:00:00,LA
23010,2023-11-18 00:00:00,LA
1501,2023-03-18 00:00:00,LA
23013,2023-11-09 00:00:00,LA
23014,2023-11-09 00:00:00,LA
23015,2024-01-12 00:00:00,LA
23016,2023-09-12 00:00:00,LA
23020,2024-01-12 00:00:00,LA
23021,2023-11-18 00:00:00,LA
23022,2023-11-18 00:00:00,LA
23023,2023-11-18 00:00:00,LA
23034,2023-11-18 00:00:00,LA
23035,2023-11-18 00:00:00,LA
23036,2023-09-12 00:00:00,LA
23037,2023-11-18 00:00:00,LA
23040,2023-09-12 00:00:00,LA
23043,2024-01-12 00:00:00,LA
23048,2023-11-18 00:00:00,LA
23063,2023-09-12 00:00:00,LA
23072,2023-11-18 00:00:00,LA
23078,2023-09-12 00:00:00,LA
23080,2023-11-09 00:00:00,LA
22172,2023-09-12 00:00:00,LA
23093,2024-01-12 00:00:00,LA
23095,2024-01-12 00:00:00,LA
23106,2024-01-12 00:00:00,LA
23111,2024-01-12 00:00:00,LA
23114,2024-01-12 00:00:00,LA
23115,2024-01-12 00:00:00,LA
23116,2024-01-12 00:00:00,LA
23121,2024-01-12 00:00:00,LA
23129,2024-01-12 00:00:00,LA
1048A,2024-08-26 00:00:00,LG
0103,2024-08-26 00:00:00,LG
1207,2024-08-26 00:00:00,LG
1055,2024-08-26 00:00:00,LG
1069,2024-08-26 00:00:00,LG
1154,2024-08-26 00:00:00,LG
1043,2024-08-26 00:00:00,LG
0210,2024-08-26 00:00:00,LG
1189,2024-08-26 00:00:00,LG
0109,2024-08-26 00:00:00,LG
1131,2024-08-26 00:00:00,LG
9264,2024-08-26 00:00:00,LG
1163,2024-08-26 00:00:00,LG
1068,2024-08-26 00:00:00,LG
1070,2024-08-26 00:00:00,LG
1053,2024-08-26 00:00:00,LG
1237,2024-08-26 00:00:00,LG
1336,2024-08-26 00:00:00,LG
1141,2024-08-26 00:00:00,LG
1161A,2024-08-26 00:00:00,LG
1148,2024-08-26 00:00:00,LG
0118A,2024-08-26 00:00:00,LG
0221A,2024-08-26 00:00:00,LG
1041,2024-08-26 00:00:00,LG
1136,2024-08-26 00:00:00,LG
1097,2024-08-26 00:00:00,LG
1182,2024-08-26 00:00:00,LG
1090,2024-08-26 00:00:00,LG
1095,2024-08-26 00:00:00,LG
1190,2024-08-26 00:00:00,LG
1156,2024-08-26 00:00:00,LG
0216A,2024-08-26 00:00:00,LG
0196,2024-08-26 00:00:00,LG
1063A,2024-08-26 00:00:00,LG
1165,2024-08-26 00:00:00,LG
1082,2024-08-26 00:00:00,LG
1030,2024-08-26 00:00:00,LG
1084,2024-08-26 00:00:00,LG
1060,2024-08-26 00:00:00,LG
1219,2024-08-26 00:00:00,LG
1186,2024-08-26 00:00:00,LG
1238,2024-08-26 00:00:00,LG
1215,2024-08-26 00:00:00,LG
1083,2024-08-26 00:00:00,LG
1257,2024-08-26 00:00:00,LG
0141,2024-08-26 00:00:00,LG
1206,2024-08-26 00:00:00,LG
1080,2024-08-26 00:00:00,LG
1202,2024-08-26 00:00:00,LG
1139,2024-08-26 00:00:00,LG
1180,2024-08-26 00:00:00,LG
1166,2024-08-26 00:00:00,LG
1146,2024-08-26 00:00:00,LG
1205,2024-08-26 00:00:00,LG
1049,2024-08-26 00:00:00,LG
2128,2024-08-26 00:00:00,LG
1074A,2024-08-26 00:00:00,LG
1008,2024-08-26 00:00:00,LG
1047,2024-08-26 00:00:00,LG
1037,2024-08-26 00:00:00,LG
1052,2024-08-26 00:00:00,LG
1213,2024-08-26 00:00:00,LG
0195,2024-08-26 00:00:00,LG
0208,2024-08-26 00:00:00,LG
1187,2024-08-26 00:00:00,LG
1214,2024-08-26 00:00:00,LG
1142,2024-08-26 00:00:00,LG
1096B,2024-08-26 00:00:00,LG
0198,2024-08-26 00:00:00,LG
1106,2024-08-26 00:00:00,LG
0094A,2024-08-26 00:00:00,LG
0178,2024-08-26 00:00:00,LG
1134,2024-08-26 00:00:00,LG
0004,2024-08-26 00:00:00,LG
37,2024-08-26 00:00:00,LA
1050,2024-08-26 00:00:00,LG
0127,2024-08-26 00:00:00,LG
1174,2024-08-26 00:00:00,LG
1253,2024-08-26 00:00:00,LG
1057,2024-08-26 00:00:00,LG
0171,2024-08-26 00:00:00,LG
1228,2024-08-26 00:00:00,LG
1212,2024-08-26 00:00:00,LG
1101,2024-08-26 00:00:00,LG
1195,2024-08-26 00:00:00,LG
0094,2024-08-26 00:00:00,LG
1151,2024-08-26 00:00:00,LG
1126,2024-08-26 00:00:00,LG
1027,2024-08-26 00:00:00,LG
1104,2024-08-26 00:00:00,LG
1152,2024-08-26 00:00:00,LG
1204,2024-08-26 00:00:00,LG
1017,2024-08-26 00:00:00,LG
1088,2024-08-26 00:00:00,LG
0215,2024-08-26 00:00:00,LG
0254,2024-08-26 00:00:00,LA
1130,2024-08-26 00:00:00,LG
1216,2024-08-26 00:00:00,LG
1079A,2024-08-26 00:00:00,LG
0204B,2024-08-26 00:00:00,LG
0119,2024-08-26 00:00:00,LG
1092,2024-08-26 00:00:00,LG
1162,2024-08-26 00:00:00,LG
1034,2024-08-26 00:00:00,LG
0103A,2024-08-26 00:00:00,LG
0185,2024-08-26 00:00:00,LG
1046,2024-08-26 00:00:00,LG
1098A,2024-08-26 00:00:00,LG
1324,2024-08-26 00:00:00,LG
1292,2024-08-26 00:00:00,LG
0217,2024-08-26 00:00:00,LG
2196A,2024-08-26 00:00:00,LA
6043,2024-08-26 00:00:00,LA
2171,2024-08-26 00:00:00,LA
3021A,2024-08-26 00:00:00,LA
2169,2024-08-26 00:00:00,LA
2021,2024-08-26 00:00:00,LA
60286,2024-08-26 00:00:00,LA
3003A,2024-08-26 00:00:00,LA
2226,2024-08-26 00:00:00,LA
7028,2024-08-26 00:00:00,LA
2133A,2024-08-26 00:00:00,LA
2124A,2024-08-26 00:00:00,LA
31102,2024-08-26 00:00:00,LA
SNA,2024-08-26 00:00:00,LA
2208A,2024-08-26 00:00:00,LA
9389,2024-08-26 00:00:00,LA
6035,2024-08-26 00:00:00,LA
2148A,2024-08-26 00:00:00,LA
3107,2024-08-26 00:00:00,LA
0740,2024-08-26 00:00:00,LA
2083,2024-08-26 00:00:00,LA
3026A,2024-08-26 00:00:00,LA
2234,2024-08-26 00:00:00,LA
4007,2024-08-26 00:00:00,LA
2050,2024-08-26 00:00:00,LA
4079,2024-08-26 00:00:00,LA
4101,2024-08-26 00:00:00,LA
3750,2024-08-26 00:00:00,LA
2047,2024-08-26 00:00:00,LA
5033,2024-08-26 00:00:00,LA
4147,2024-08-26 00:00:00,LA
6011,2024-08-26 00:00:00,LA
4087,2024-08-26 00:00:00,LA
4151,2024-08-26 00:00:00,LA
2094A,2024-08-26 00:00:00,LA
3024A,2024-08-26 00:00:00,LA
2219,2024-08-26 00:00:00,LA
4055,2024-08-26 00:00:00,LA
2063A,2024-08-26 00:00:00,LA
1015,2024-08-26 00:00:00,LA
2149A,2024-08-26 00:00:00,LA
5010,2024-08-26 00:00:00,LA
5679,2024-08-26 00:00:00,LA
7083,2024-08-26 00:00:00,LA
0128,2024-08-26 00:00:00,LA
9605,2024-08-26 00:00:00,LA
4018,2024-08-26 00:00:00,LA
50741,2024-08-26 00:00:00,LA
5144,2024-08-26 00:00:00,LA
S/NB,2024-08-26 00:00:00,LA
3066A,2024-08-26 00:00:00,LA
3066B,2024-08-26 00:00:00,LA
6021,2024-08-26 00:00:00,LA
4025,2024-08-26 00:00:00,LA
5070,2024-08-26 00:00:00,LA
EMB 1,2024-08-26 00:00:00,puro/LA
EMB 2,2024-08-26 00:00:00,puro/LA
0500,2024-08-26 00:00:00,LA
2138,2024-08-26 00:00:00,LA
2004,2024-08-26 00:00:00,LA
21391,2024-08-26 00:00:00,LA
2053,2024-08-26 00:00:00,LA
22118,2024-08-26 00:00:00,LA
2019,2024-08-26 00:00:00,LA
22085,2024-08-26 00:00:00,LA
2048,2024-08-26 00:00:00,LA
22144,2024-08-26 00:00:00,LA
2143A,2024-08-26 00:00:00,LA
22151,2024-08-26 00:00:00,LA
2140,2024-08-26 00:00:00,LA
2174,2024-08-26 00:00:00,LA
2011A,2024-08-26 00:00:00,LA
2153,2024-08-26 00:00:00,LA
2146,2024-08-26 00:00:00,LA
22142,2024-08-26 00:00:00,LA
22117,2024-08-26 00:00:00,LA
2042,2024-08-26 00:00:00,LA
22158,2024-08-26 00:00:00,LA
2022,2024-08-26 00:00:00,LA
2159,2024-08-26 00:00:00,LA
22160,2024-08-26 00:00:00,LA
22161,2024-08-26 00:00:00,LA
22131,2024-08-26 00:00:00,LA
22105,2024-08-26 00:00:00,LA
22112,2024-08-26 00:00:00,LA
2148,2024-08-26 00:00:00,LA
S/NC,2024-08-26 00:00:00,LA
2093A,2024-08-26 00:00:00,LA
2130,2024-08-26 00:00:00,LA
0132,2024-08-26 00:00:00,LA
4075,2024-08-26 00:00:00,LA
2073,2024-08-26 00:00:00,LA
2143,2024-08-26 00:00:00,LA
3043,2024-08-26 00:00:00,LA
0138,2024-08-26 00:00:00,LA
2209A,2024-08-26 00:00:00,LA
4073,2024-08-26 00:00:00,LA
22114,2024-08-26 00:00:00,LA
3119,2024-08-26 00:00:00,LA
9904,2024-08-26 00:00:00,LA
8036,2024-08-26 00:00:00,LA
2025A,2024-08-26 00:00:00,LA
2096,2024-08-26 00:00:00,LA
4047,2024-08-26 00:00:00,LA
2173,2024-08-26 00:00:00,LA
2,2024-08-26 00:00:00,LA
1033A,2024-08-26 00:00:00,LA
10391,2024-08-26 00:00:00,LA
1056A,2024-08-26 00:00:00,LA
1077A,2024-08-26 00:00:00,LA
1089,2024-08-26 00:00:00,LA
1090A,2024-08-26 00:00:00,LA
1091A,2024-08-26 00:00:00,LA
1112A,2024-08-26 00:00:00,LA
1117,2024-08-26 00:00:00,LA
1119,2024-08-26 00:00:00,LA
1128,2024-08-26 00:00:00,LA
2051,2024-08-26 00:00:00,LA
2072,2024-08-26 00:00:00,LA
2079,2024-08-26 00:00:00,LA
214E,2024-08-26 00:00:00,LA
2177A,2024-08-26 00:00:00,LA
2217,2024-08-26 00:00:00,LA
2224,2024-08-26 00:00:00,LA
2340,2024-08-26 00:00:00,LA
3015,2024-08-26 00:00:00,LA
3028A,2024-08-26 00:00:00,LA
3038A,2024-08-26 00:00:00,LA
3093,2024-08-26 00:00:00,LA
3178,2024-08-26 00:00:00,LA
3969,2024-08-26 00:00:00,LA
40072,2024-08-26 00:00:00,LA
4008,2024-08-26 00:00:00,LA
4023,2024-08-26 00:00:00,LA
4033,2024-08-26 00:00:00,LA
4053,2024-08-26 00:00:00,LA
4066,2024-08-26 00:00:00,LA
4076,2024-08-26 00:00:00,LA
4078,2024-08-26 00:00:00,LA
4099,2024-08-26 00:00:00,LA
4100,2024-08-26 00:00:00,LA
4109,2024-08-26 00:00:00,LA
4141,2024-08-26 00:00:00,LA
4172,2024-08-26 00:00:00,LA
5007,2024-08-26 00:00:00,LA
5016,2024-08-26 00:00:00,LA
5035,2024-08-26 00:00:00,LA
5041,2024-08-26 00:00:00,LA
50501,2024-08-26 00:00:00,LA
5052,2024-08-26 00:00:00,LA
5060,2024-08-26 00:00:00,LA
5072,2024-08-26 00:00:00,LA
5074B,2024-08-26 00:00:00,LA
5076,2024-08-26 00:00:00,LA
5077,2024-08-26 00:00:00,LA
5082,2024-08-26 00:00:00,LA
5090,2024-08-26 00:00:00,LA
5092,2024-08-26 00:00:00,LA
5150,2024-08-26 00:00:00,LA
6003,2024-08-26 00:00:00,LA
6008,2024-08-26 00:00:00,LA
60181,2024-08-26 00:00:00,LA
6024,2024-08-26 00:00:00,LA
6025,2024-08-26 00:00:00,LA
6031,2024-08-26 00:00:00,LA
6070,2024-08-26 00:00:00,LA
7012,2024-08-26 00:00:00,LA
7059,2024-08-26 00:00:00,LA
7067,2024-08-26 00:00:00,LA
7074,2024-08-26 00:00:00,LA
7076,2024-08-26 00:00:00,LA
7077,2024-08-26 00:00:00,LA
7080,2024-08-26 00:00:00,LA
7087,2024-08-26 00:00:00,LA
7092,2024-08-26 00:00:00,LA
8046,2024-08-26 00:00:00,LA
8051,2024-08-26 00:00:00,LA
8067,2024-08-26 00:00:00,LA
8338,2024-08-26 00:00:00,LA
8088,2024-08-26 00:00:00,LA
8089,2024-08-26 00:00:00,LA
8094,2024-08-26 00:00:00,LA
8099,2024-08-26 00:00:00,LA
9045,2024-08-26 00:00:00,LA
9046,2024-08-26 00:00:00,LA
9047,2024-08-26 00:00:00,LA
9238,2024-08-26 00:00:00,LA
21027,2024-08-26 00:00:00,LA
0018,2024-08-26 00:00:00,LA
0143,2024-08-26 00:00:00,LA
GYRO,2024-08-26 00:00:00,LA
S/ND,2024-08-26 00:00:00,LA
EMB 3,2024-08-26 00:00:00,puro/LA
EMB 6,2024-08-26 00:00:00,puro/LA
5013,2024-08-26 00:00:00,LA
9100,2024-08-26 00:00:00,LA
0331,2024-08-26 00:00:00,LA
6042,2024-08-26 00:00:00,LA
S/NH,2024-08-26 00:00:00,LA
8014,2024-08-26 00:00:00,LA
9007,2024-08-26 00:00:00,LA
4A,2024-08-26 00:00:00,LA
14,2024-08-26 00:00:00,LA
1078A,2024-08-26 00:00:00,LA
2090A,2024-08-26 00:00:00,LA
3027A,2024-08-26 00:00:00,LA
3132,2024-08-26 00:00:00,LA
4034,2024-08-26 00:00:00,LA
5062,2024-08-26 00:00:00,LA
6020,2024-08-26 00:00:00,LA
6053,2024-08-26 00:00:00,LA
8018,2024-08-26 00:00:00,LA
8096,2024-08-26 00:00:00,LA
9219,2024-08-26 00:00:00,LA
12164,2024-08-26 00:00:00,LA
20334,2024-08-26 00:00:00,LA
4122,2024-08-26 00:00:00,LA
6067,2024-08-26 00:00:00,LA
4065,2024-08-26 00:00:00,LA
2337,2024-08-26 00:00:00,LA
4035,2024-08-26 00:00:00,LA
1095A,2024-08-26 00:00:00,LA
20337,2024-08-26 00:00:00,LA
3044A,2024-08-26 00:00:00,LA
8072,2024-08-26 00:00:00,LA
7062,2024-08-26 00:00:00,LA
7021,2024-08-26 00:00:00,LA
30212,2024-08-26 00:00:00,LA
5027,2024-08-26 00:00:00,LA
5030,2024-08-26 00:00:00,LA
5043,2024-08-26 00:00:00,LA
5098,2024-08-26 00:00:00,LA
5111,2024-08-26 00:00:00,LA
5146,2024-08-26 00:00:00,LA
6010,2024-08-26 00:00:00,LA
6017,2024-08-26 00:00:00,LA
6022,2024-08-26 00:00:00,LA
6028,2024-08-26 00:00:00,LA
6037,2024-08-26 00:00:00,LA
6050,2024-08-26 00:00:00,LA
7004,2024-08-26 00:00:00,LA
7022,2024-08-26 00:00:00,LA
7032,2024-08-26 00:00:00,LA
7033,2024-08-26 00:00:00,LA
7034,2024-08-26 00:00:00,LA
7049,2024-08-26 00:00:00,LA
7050,2024-08-26 00:00:00,LA
7052,2024-08-26 00:00:00,LA
7061,2024-08-26 00:00:00,LA
7072,2024-08-26 00:00:00,LA
8002,2024-08-26 00:00:00,LA
8003,2024-08-26 00:00:00,LA
8004,2024-08-26 00:00:00,LA
8005,2024-08-26 00:00:00,LA
8007,2024-08-26 00:00:00,LA
8010,2024-08-26 00:00:00,LA
80121,2024-08-26 00:00:00,LA
8013A,2024-08-26 00:00:00,LA
8013,2024-08-26 00:00:00,LA
8016,2024-08-26 00:00:00,LA
8020,2024-08-26 00:00:00,LA
8023,2024-08-26 00:00:00,LA
8024,2024-08-26 00:00:00,LA
8026,2024-08-26 00:00:00,LA
80272,2024-08-26 00:00:00,LA
8028,2024-08-26 00:00:00,LA
8030,2024-08-26 00:00:00,LA
8033,2024-08-26 00:00:00,LA
8035,2024-08-26 00:00:00,LA
8037,2024-08-26 00:00:00,LA
8032,2024-08-26 00:00:00,LA
8040,2024-08-26 00:00:00,LA
8041,2024-08-26 00:00:00,LA
8042,2024-08-26 00:00:00,LA
8043,2024-08-26 00:00:00,LA
8045,2024-08-26 00:00:00,LA
8048,2024-08-26 00:00:00,LA
8050,2024-08-26 00:00:00,LA
8052,2024-08-26 00:00:00,LA
8054,2024-08-26 00:00:00,LA
8056,2024-08-26 00:00:00,LA
8058,2024-08-26 00:00:00,LA
8059,2024-08-26 00:00:00,LA
8060,2024-08-26 00:00:00,LA
8062,2024-08-26 00:00:00,LA
8066,2024-08-26 00:00:00,LA
8073,2024-08-26 00:00:00,LA
8074,2024-08-26 00:00:00,LA
8075,2024-08-26 00:00:00,LA
8076,2024-08-26 00:00:00,LA
8077,2024-08-26 00:00:00,LA
8078,2024-08-26 00:00:00,LA
8079,2024-08-26 00:00:00,LA
8081,2024-08-26 00:00:00,LA
8082,2024-08-26 00:00:00,LA
80841,2024-08-26 00:00:00,LA
8084B,2024-08-26 00:00:00,LA
8086,2024-08-26 00:00:00,LA
8087,2024-08-26 00:00:00,LA
809,2024-08-26 00:00:00,LA
80921,2024-08-26 00:00:00,LA
8093,2024-08-26 00:00:00,LA
9032,2024-08-26 00:00:00,LA
9035,2024-08-26 00:00:00,LA
9040,2024-08-26 00:00:00,LA
9051,2024-08-26 00:00:00,LA
9057,2024-08-26 00:00:00,LA
9058,2024-08-26 00:00:00,LA
9071,2024-08-26 00:00:00,LA
9082,2024-08-26 00:00:00,LA
9092,2024-08-26 00:00:00,LA
9095,2024-08-26 00:00:00,LA
9096,2024-08-26 00:00:00,LA
9099,2024-08-26 00:00:00,LA
9104,2024-08-26 00:00:00,LA
9106,2024-08-26 00:00:00,LA
91091,2024-08-26 00:00:00,LA
91121,2024-08-26 00:00:00,LA
91171,2024-08-26 00:00:00,LA
91242,2024-08-26 00:00:00,LA
91241,2024-08-26 00:00:00,LA
9125,2024-08-26 00:00:00,LA
9136,2024-08-26 00:00:00,LA
0225,2024-08-26 00:00:00,LA
0343,2024-08-26 00:00:00,LA
33,2024-08-26 00:00:00,LA
19,2024-08-26 00:00:00,LA
3120,2024-08-26 00:00:00,LA
1310,2024-08-26 00:00:00,LA
1123,2024-08-26 00:00:00,LA
8011,2024-08-26 00:00:00,LA
8012B,2024-08-26 00:00:00,LA
8061,2024-08-26 00:00:00,LA
8080,2024-08-26 00:00:00,LA
8085,2024-08-26 00:00:00,LA
9006,2024-08-26 00:00:00,LA
9011,2024-08-26 00:00:00,LA
9014,2024-08-26 00:00:00,LA
9015,2024-08-26 00:00:00,LA
9016,2024-08-26 00:00:00,LA
9022,2024-08-26 00:00:00,LA
9024,2024-08-26 00:00:00,LA
9030,2024-08-26 00:00:00,LA
9036,2024-08-26 00:00:00,LA
9037,2024-08-26 00:00:00,LA
9042,2024-08-26 00:00:00,LA
9053,2024-08-26 00:00:00,LA
9061,2024-08-26 00:00:00,LA
9064,2024-08-26 00:00:00,LA
9073,2024-08-26 00:00:00,LA
9076,2024-08-26 00:00:00,LA
9091,2024-08-26 00:00:00,LA
9103,2024-08-26 00:00:00,LA
9109B,2024-08-26 00:00:00,LA
9110A,2024-08-26 00:00:00,LA
9192,2024-08-26 00:00:00,LA
9113,2024-08-26 00:00:00,LA
9116A,2024-08-26 00:00:00,LA
9116B,2024-08-26 00:00:00,LA
91172,2024-08-26 00:00:00,LA
9121,2024-08-26 00:00:00,LA
9122,2024-08-26 00:00:00,LA
91262,2024-08-26 00:00:00,LA
9126A,2024-08-26 00:00:00,LA
9128A,2024-08-26 00:00:00,LA
9128B,2024-08-26 00:00:00,LA
9137,2024-08-26 00:00:00,LA
0101,2024-08-26 00:00:00,LA
0102,2024-08-26 00:00:00,LA
0107,2024-08-26 00:00:00,LA
0108,2024-08-26 00:00:00,LA
0111,2024-08-26 00:00:00,LA
0114,2024-08-26 00:00:00,LA
0125,2024-08-26 00:00:00,LA
0201,2024-08-26 00:00:00,LA
0202,2024-08-26 00:00:00,LA
0204,2024-08-26 00:00:00,LA
0205,2024-08-26 00:00:00,LA
0206A,2024-08-26 00:00:00,LA
0206B,2024-08-26 00:00:00,LA
0208A,2024-08-26 00:00:00,LA
0211,2024-08-26 00:00:00,LA
0215A,2024-08-26 00:00:00,LA
0220,2024-08-26 00:00:00,LA
0224,2024-08-26 00:00:00,LA
0226,2024-08-26 00:00:00,LA
0229,2024-08-26 00:00:00,LA
0231A,2024-08-26 00:00:00,LA
0231B,2024-08-26 00:00:00,LA
02331,2024-08-26 00:00:00,LA
0233,2024-08-26 00:00:00,LA
0240,2024-08-26 00:00:00,LA
0241,2024-08-26 00:00:00,LA
0246,2024-08-26 00:00:00,LA
0249,2024-08-26 00:00:00,LA
0252,2024-08-26 00:00:00,LA
0258,2024-08-26 00:00:00,LA
0259,2024-08-26 00:00:00,LA
0263,2024-08-26 00:00:00,LA
0267,2024-08-26 00:00:00,LA
0269,2024-08-26 00:00:00,LA
0270,2024-08-26 00:00:00,LA
0272,2024-08-26 00:00:00,LA
0278,2024-08-26 00:00:00,LA
0284,2024-08-26 00:00:00,LA
0291,2024-08-26 00:00:00,LA
0291B,2024-08-26 00:00:00,LA
0294,2024-08-26 00:00:00,LA
0297,2024-08-26 00:00:00,LA
0298A,2024-08-26 00:00:00,LA
0299A,2024-08-26 00:00:00,LA
0299C,2024-08-26 00:00:00,LA
0321,2024-08-26 00:00:00,LA
0322,2024-08-26 00:00:00,LA
0323,2024-08-26 00:00:00,LA
0326,2024-08-26 00:00:00,LA
0327,2024-08-26 00:00:00,LA
0329,2024-08-26 00:00:00,LA
0330A,2024-08-26 00:00:00,LA
0333,2024-08-26 00:00:00,LA
0336,2024-08-26 00:00:00,LA
0338,2024-08-26 00:00:00,LA
0342,2024-08-26 00:00:00,LA
0344,2024-08-26 00:00:00,LA
0348,2024-08-26 00:00:00,LA
0349,2024-08-26 00:00:00,LA
0352,2024-08-26 00:00:00,LA
0353,2024-08-26 00:00:00,LA
0354,2024-08-26 00:00:00,LA
0355,2024-08-26 00:00:00,LA
20,2024-08-26 00:00:00,LA
1039B,2024-08-26 00:00:00,LA
1188,2024-08-26 00:00:00,LA
2018,2024-08-26 00:00:00,LA
2040,2024-08-26 00:00:00,LA
1109B,2024-08-26 00:00:00,LA
2035A,2024-08-26 00:00:00,LA
1051,2024-08-26 00:00:00,LA
1132,2024-08-26 00:00:00,LA
0271,2024-08-26 00:00:00,LA
0347,2024-08-26 00:00:00,LA
1059,2024-08-26 00:00:00,LA
1084A,2024-08-26 00:00:00,LA
1017A,2024-08-26 00:00:00,LA
2061,2024-08-26 00:00:00,LA
1021,2024-08-26 00:00:00,LA
9020,2024-08-26 00:00:00,LA
S7,2024-08-26 00:00:00,LA
2002,2024-08-26 00:00:00,LA
1102,2024-08-26 00:00:00,LA
1053A,2024-08-26 00:00:00,LA
10431,2024-08-26 00:00:00,LA
1043A,2024-08-26 00:00:00,LA
0274,2024-08-26 00:00:00,LA
1052A,2024-08-26 00:00:00,LA
1100A,2024-08-26 00:00:00,LA
1074,2024-08-26 00:00:00,LA
2012,2024-08-26 00:00:00,LA
2007,2024-08-26 00:00:00,LA
1063,2024-08-26 00:00:00,LA
1004,2024-08-26 00:00:00,LA
1075,2024-08-26 00:00:00,LA
1096,2024-08-26 00:00:00,LA
1009,2024-08-26 00:00:00,LA
9023,2024-08-26 00:00:00,LA
1094,2024-08-26 00:00:00,LA
1032,2024-08-26 00:00:00,LA
2014,2024-08-26 00:00:00,LA
1005,2024-08-26 00:00:00,LA
9118,2024-08-26 00:00:00,LA
1028,2024-08-26 00:00:00,LA
0332,2024-08-26 00:00:00,LA
1045,2024-08-26 00:00:00,LA
80472,2024-08-26 00:00:00,LA
1079,2024-08-26 00:00:00,LA
2037,2024-08-26 00:00:00,LA
0298,2024-08-26 00:00:00,LA
2064,2024-08-26 00:00:00,LA
2203,2024-08-26 00:00:00,LA
2052,2024-08-26 00:00:00,LA
2039,2024-08-26 00:00:00,LA
0328,2024-08-26 00:00:00,LA
1023,2024-08-26 00:00:00,LA
2087,2024-08-26 00:00:00,LA
2702,2024-08-26 00:00:00,LA
1073,2024-08-26 00:00:00,LA
1065,2024-08-26 00:00:00,LA
1100B,2024-08-26 00:00:00,LA
2024,2024-08-26 00:00:00,LA
1104A,2024-08-26 00:00:00,LA
2202,2024-08-26 00:00:00,LA
1103,2024-08-26 00:00:00,LA
1093,2024-08-26 00:00:00,LA
2034,2024-08-26 00:00:00,LA
2016,2024-08-26 00:00:00,LA
2062,2024-08-26 00:00:00,LA
4113,2024-08-26 00:00:00,LA
7066,2024-08-26 00:00:00,LA
8097,2024-08-26 00:00:00,LA
3104,2024-08-26 00:00:00,LA
7007,2024-08-26 00:00:00,LA
4057,2024-08-26 00:00:00,LA
7070,2024-08-26 00:00:00,LA
4048,2024-08-26 00:00:00,LA
4095,2024-08-26 00:00:00,LA
2080,2024-08-26 00:00:00,LA
8063,2024-08-26 00:00:00,LA
5079,2024-08-26 00:00:00,LA
1109A,2024-08-26 00:00:00,LA
2097,2024-08-26 00:00:00,LA
4072,2024-08-26 00:00:00,LA
05,2024-08-26 00:00:00,LA
3108,2024-08-26 00:00:00,LA
EMB 4,2024-08-26 00:00:00,puro/LA
3084,2024-08-26 00:00:00,LA
1139A,2024-08-26 00:00:00,LA
1066A,2024-08-26 00:00:00,LA
4143,2024-08-26 00:00:00,LA
2180A,2024-08-26 00:00:00,LA
1168,2024-08-26 00:00:00,LA
2150,2024-08-26 00:00:00,LA
0139,2024-08-26 00:00:00,LA
80882,2024-08-26 00:00:00,LA
9067,2024-08-26 00:00:00,LA
06,2024-08-26 00:00:00,LA
1153,2024-08-26 00:00:00,LA
2064A,2024-08-26 00:00:00,LA
2028A,2024-08-26 00:00:00,LA
2220,2024-08-26 00:00:00,LA
8017,2024-08-26 00:00:00,LA
2215A,2024-08-26 00:00:00,LA
4041,2024-08-26 00:00:00,LA
9018B,2024-08-26 00:00:00,LA
89,2024-08-26 00:00:00,LA
7017,2024-08-26 00:00:00,LA
1041A,2024-08-26 00:00:00,LA
1019,2024-08-26 00:00:00,LA
1027A,2024-08-26 00:00:00,LA
1031,2024-08-26 00:00:00,LA
1033,2024-08-26 00:00:00,LA
1036,2024-08-26 00:00:00,LA
1039,2024-08-26 00:00:00,LA
1064,2024-08-26 00:00:00,LA
1067,2024-08-26 00:00:00,LA
1078,2024-08-26 00:00:00,LA
1080A,2024-08-26 00:00:00,LA
1085,2024-08-26 00:00:00,LA
1092A,2024-08-26 00:00:00,LA
1097A,2024-08-26 00:00:00,LA
1095B,2024-08-26 00:00:00,LA
1101A,2024-08-26 00:00:00,LA
1105,2024-08-26 00:00:00,LA
1106A,2024-08-26 00:00:00,LA
1107,2024-08-26 00:00:00,LA
1133,2024-08-26 00:00:00,LA
2005A,2024-08-26 00:00:00,LA
2005B,2024-08-26 00:00:00,LA
2025,2024-08-26 00:00:00,LA
2032,2024-08-26 00:00:00,LA
2035,2024-08-26 00:00:00,LA
2039A,2024-08-26 00:00:00,LA
2041,2024-08-26 00:00:00,LA
2045,2024-08-26 00:00:00,LA
2054,2024-08-26 00:00:00,LA
2058,2024-08-26 00:00:00,LA
2060,2024-08-26 00:00:00,LA
2065,2024-08-26 00:00:00,LA
2067,2024-08-26 00:00:00,LA
0346,2024-08-26 00:00:00,LA
0358,2024-08-26 00:00:00,LA
1056,2024-08-26 00:00:00,LA
1096A,2024-08-26 00:00:00,LA
2029,2024-08-26 00:00:00,LA
2204,2024-08-26 00:00:00,LA
1070A,2024-08-26 00:00:00,LA
1131A,2024-08-26 00:00:00,LA
2088A,2024-08-26 00:00:00,LA
2088B,2024-08-26 00:00:00,LA
1130A,2024-08-26 00:00:00,LA
2001A,2024-08-26 00:00:00,LA
2001B,2024-08-26 00:00:00,LA
1077,2024-08-26 00:00:00,LA
2149,2024-08-26 00:00:00,LA
1097B,2024-08-26 00:00:00,LA
2091,2024-08-26 00:00:00,LA
1068A,2024-08-26 00:00:00,LA
1018,2024-08-26 00:00:00,LA
0109A,2024-08-26 00:00:00,LA
2056,2024-08-26 00:00:00,LA
1112,2024-08-26 00:00:00,LA
1044,2024-08-26 00:00:00,LA
2010,2024-08-26 00:00:00,LA
2044,2024-08-26 00:00:00,LA
2027,2024-08-26 00:00:00,LA
2090,2024-08-26 00:00:00,LA
1046A,2024-08-26 00:00:00,LA
1055A,2024-08-26 00:00:00,LA
1076,2024-08-26 00:00:00,LA
1026,2024-08-26 00:00:00,LA
1029,2024-08-26 00:00:00,LA
9080,2024-08-26 00:00:00,LA
0100,2024-08-26 00:00:00,LA
0104,2024-08-26 00:00:00,LA
0115,2024-08-26 00:00:00,LA
0116A,2024-08-26 00:00:00,LA
0118,2024-08-26 00:00:00,LA
0212,2024-08-26 00:00:00,LA
0219,2024-08-26 00:00:00,LA
0260,2024-08-26 00:00:00,LA
0279,2024-08-26 00:00:00,LA
0291A,2024-08-26 00:00:00,LA
0292,2024-08-26 00:00:00,LA
0325,2024-08-26 00:00:00,LA
0334,2024-08-26 00:00:00,LA
0335,2024-08-26 00:00:00,LA
0345,2024-08-26 00:00:00,LA
MSN1,2024-08-26 00:00:00,LA
MSN2,2024-08-26 00:00:00,LA
MSN3,2024-08-26 00:00:00,LA
MSN4,2024-08-26 00:00:00,LA
0214,2024-08-26 00:00:00,LA
9136A,2024-08-26 00:00:00,LA
0116,2024-08-26 00:00:00,LA
MSN8,2024-08-26 00:00:00,LA
MSN9,2024-08-26 00:00:00,LA
MSN10,2024-08-26 00:00:00,LA
MSN11,2024-08-26 00:00:00,LA
MSN12,2024-08-26 00:00:00,LA
MSN13,2024-08-26 00:00:00,LA
MSN14,2024-08-26 00:00:00,LA
MSN15,2024-08-26 00:00:00,LA
MSN16,2024-08-26 00:00:00,LA
MSN17,2024-08-26 00:00:00,LA
1007,2024-08-26 00:00:00,LA
0273,2024-08-26 00:00:00,LA
2780,2024-08-26 00:00:00,LA
9111,2024-08-26 00:00:00,LA
0238,2024-08-26 00:00:00,LA
9118A,2024-08-26 00:00:00,LA
2781,2024-08-26 00:00:00,LA
099,2024-08-26 00:00:00,LA
0228,2024-08-26 00:00:00,LA
0242,2024-08-26 00:00:00,LA
0295,2024-08-26 00:00:00,LA
0223A,2024-08-26 00:00:00,LA
0223B,2024-08-26 00:00:00,LA
0337,2024-08-26 00:00:00,LA
0261,2024-08-26 00:00:00,LA
9038,2024-08-26 00:00:00,LA
24052,2025-01-25 00:00:00,LA
24070,2025-01-25 00:00:00,LA
24073,2025-01-25 00:00:00,LA
24086,2025-01-25 00:00:00,LA
24094,2025-01-25 00:00:00,LA
24124,2025-01-25 00:00:00,LA
24129,2025-01-25 00:00:00,LA
24134,2025-01-25 00:00:00,LA
24141,2025-01-25 00:00:00,LA
24142,2025-01-25 00:00:00,LA
24145,2025-01-25 00:00:00,LA
24154,2025-01-25 00:00:00,LA
24157,2025-01-25 00:00:00,LA
24164,2025-01-25 00:00:00,LA
24033,2025-01-25 00:00:00,LA
24102,2025-01-25 00:00:00,LA
24054,2025-01-25 00:00:00,LA
24034,2025-01-25 00:00:00,LA
24106,2025-01-25 00:00:00,LA
24069,2025-01-25 00:00:00,LA
24147,2025-01-25 00:00:00,LA
24043,2025-01-25 00:00:00,LA
24061,2025-01-25 00:00:00,LA
24052,2025-01-25 00:00:00,LA
24070,2025-01-25 00:00:00,LA
24073,2025-01-25 00:00:00,LA
24086,2025-01-25 00:00:00,LA
24094,2025-01-25 00:00:00,LA
24124,2025-01-25 00:00:00,LA
24129,2025-01-25 00:00:00,LA
24134,2025-01-25 00:00:00,LA
24141,2025-01-25 00:00:00,LA
24142,2025-01-25 00:00:00,LA
24145,2025-01-25 00:00:00,LA
24154,2025-01-25 00:00:00,LA
24157,2025-01-25 00:00:00,LA
24164,2025-01-25 00:00:00,LA
24033,2025-01-25 00:00:00,LA
24102,2025-01-25 00:00:00,LA
24054,2025-01-25 00:00:00,LA
24034,2025-01-25 00:00:00,LA
24106,2025-01-25 00:00:00,LA
24069,2025-01-25 00:00:00,LA
24147,2025-01-25 00:00:00,LA
24043,2025-01-25 00:00:00,LA
24061,2025-01-25 00:00:00,LA
0109,2025-03-10 00:00:00,LA
24181,2025-03-21 00:00:00,LA
24182,2025-03-21 00:00:00,LA
24132,2025-03-21 00:00:00,LA
24180,2025-03-21 00:00:00,LA
24153,2025-03-21 00:00:00,LA
24150,2025-03-21 00:00:00,LA
24158,2025-03-21 00:00:00,LA
24144,2025-03-21 00:00:00,LA
24159,2025-03-21 00:00:00,LA
24127,2025-03-21 00:00:00,LA
24152,2025-03-21 00:00:00,LA
24143,2025-03-21 00:00:00,LA
24163,2025-03-21 00:00:00,LA
24155,2025-03-21 00:00:00,LA
24160,2025-03-21 00:00:00,LA
J401,2024-11-27 00:00:00,Juan
J402,2024-11-27 00:00:00,Juan
J403,2024-11-27 00:00:00,Juan
J404,2024-11-27 00:00:00,Juan
J405,2024-11-27 00:00:00,Juan
J406,2024-11-27 00:00:00,Juan
J407,2024-11-27 00:00:00,Juan
J408,2024-11-27 00:00:00,Juan
J409,2024-11-27 00:00:00,Juan
J4010,2024-11-27 00:00:00,Juan
J4011,2024-11-27 00:00:00,Juan
J412,2024-11-27 00:00:00,Juan
J413,2024-11-27 00:00:00,Juan
J414,2024-11-27 00:00:00,Juan
J415,2024-11-27 00:00:00,Juan
J416,2024-11-27 00:00:00,Juan
J417,2024-11-27 00:00:00,Juan
J418,2024-11-27 00:00:00,Juan
J419,2024-11-27 00:00:00,Juan
J420,2024-11-27 00:00:00,Juan
J01415,2024-11-27 00:00:00,Juan
J422,2024-11-27 00:00:00,Juan
J841,2024-11-27 00:00:00,Juan
J424,2024-11-27 00:00:00,Juan
J425,2024-11-27 00:00:00,Juan
J426,2024-11-27 00:00:00,Juan
J8705,2024-11-27 00:00:00,Juan
J428,2024-11-27 00:00:00,Juan
j24001,2024-12-25 00:00:00,Juan
J25001,2025-01-18 00:00:00,Juan
J25031,2025-02-12 00:00:00,Juan
J25049,2025-03-03 00:00:00,Juan
J25002,2025-04-11 00:00:00,Juan
pend24,2023-01-01 00:00:00,Osmel
pend41,2023-01-01 00:00:00,Brito
pend35,2023-01-01 00:00:00,Maura
pend36,2023-01-01 00:00:00,Maura
pend37,2023-01-01 00:00:00,Maura
pend39,2023-01-01 00:00:00,Maura
pend42,2023-07-01 00:00:00,Maura
pend44,2023-07-15 00:00:00,Maura
PEND45,2024-02-21 00:00:00,Brito
9084,2024-08-26 00:00:00,LA
0251,2024-08-26 00:00:00,LA
9135,2024-08-26 00:00:00,LA
0204A,2024-08-26 00:00:00,LA
0317,2024-08-26 00:00:00,LA
0201A,2024-08-26 00:00:00,LA
0207,2024-08-26 00:00:00,LA
0298B,2024-08-26 00:00:00,LA
0248,2024-08-26 00:00:00,LA
9134,2024-08-26 00:00:00,LA
0277,2024-08-26 00:00:00,LA
0235,2024-08-26 00:00:00,LA
0324,2024-08-26 00:00:00,LA
0341,2024-08-26 00:00:00,LA
2778,2024-08-26 00:00:00,LA
0290,2024-08-26 00:00:00,LA
0221,2024-08-26 00:00:00,LA
0216,2024-08-26 00:00:00,LA
9018,2024-08-26 00:00:00,LA
2779,2024-08-26 00:00:00,LA
0236,2024-08-26 00:00:00,LA
0293,2024-08-26 00:00:00,LA
0259A,2024-08-26 00:00:00,LA
0356,2024-08-26 00:00:00,LA
0245,2024-08-26 00:00:00,LA
5592,2024-08-26 00:00:00,LA
5529,2024-08-26 00:00:00,LA
5629,2024-08-26 00:00:00,LA
5638,2024-08-26 00:00:00,LA
22176,2024-08-26 00:00:00,LA
22177,2024-08-26 00:00:00,LA
22178,2024-08-26 00:00:00,LA
22182,2024-08-26 00:00:00,LA
22183,2024-08-26 00:00:00,LA
22184,2024-08-26 00:00:00,LA
22192,2024-08-26 00:00:00,LA
22194,2024-08-26 00:00:00,LA
22199,2024-08-26 00:00:00,LA
TORO1,2024-08-26 00:00:00,LA
TORO2,2024-08-26 00:00:00,LA
TORO3,2024-08-26 00:00:00,LA
TORO4,2024-08-26 00:00:00,LA
TORO5,2024-08-26 00:00:00,LA
2092,2024-08-26 00:00:00,LA
2201,2024-08-26 00:00:00,LA
1066,2024-08-26 00:00:00,LA
2109,2024-08-26 00:00:00,LA
2110,2024-08-26 00:00:00,LA
2111,2024-08-26 00:00:00,LA
2103,2024-08-26 00:00:00,LA
2108,2024-08-26 00:00:00,LA
22098,2024-08-26 00:00:00,LA
2093,2024-08-26 00:00:00,LA
2215,2024-08-26 00:00:00,LA
1088A,2024-08-26 00:00:00,LA
2023,2024-08-26 00:00:00,LA
1082A,2024-08-26 00:00:00,LA
2094,2024-08-26 00:00:00,LA
22100,2024-08-26 00:00:00,LA
1091,2024-08-26 00:00:00,LA
2026,2024-08-26 00:00:00,LA
20971,2024-08-26 00:00:00,LA
2030,2024-08-26 00:00:00,LA
2059,2024-08-26 00:00:00,LA
2036,2024-08-26 00:00:00,LA
2106,2024-08-26 00:00:00,LA
2099,2024-08-26 00:00:00,LA
23007,2024-08-26 00:00:00,LA
23008,2024-08-26 00:00:00,LA
23011,2024-08-26 00:00:00,LA
0234,2024-08-26 00:00:00,LA
0305,2024-08-26 00:00:00,LA
0313,2024-08-26 00:00:00,LA
0306,2024-08-26 00:00:00,LA
9115,2024-08-26 00:00:00,LA
0307,2024-08-26 00:00:00,LA
0308,2024-08-26 00:00:00,LA
0311,2024-08-26 00:00:00,LA
1500,2024-08-26 00:00:00,LA
0317A,2024-08-26 00:00:00,LA
0309,2024-08-26 00:00:00,LA
0312,2024-08-26 00:00:00,LA
9500,2024-08-26 00:00:00,LA
9501,2024-08-26 00:00:00,LA
2500,2024-08-26 00:00:00,LA
9503,2024-08-26 00:00:00,LA
0303,2024-08-26 00:00:00,LA
0304,2024-08-26 00:00:00,LA
9502,2024-08-26 00:00:00,LA
pend21,2024-08-26 00:00:00,LA
0310,2024-08-26 00:00:00,LA
0314,2024-08-26 00:00:00,LA
0302,2024-08-26 00:00:00,LA
pend26,2024-08-26 00:00:00,LA
pend27,2024-08-26 00:00:00,LA
9110,2024-08-26 00:00:00,LA
0213A,2024-08-26 00:00:00,LA
pend31,2024-08-26 00:00:00,LA
pend32,2024-08-26 00:00:00,LA
0250,2024-08-26 00:00:00,LA
9010,2024-08-26 00:00:00,LA
8039,2024-08-26 00:00:00,LA
0340A,2024-08-26 00:00:00,LA
0340B,2024-08-26 00:00:00,LA
2066,2024-08-26 00:00:00,LA
0320,2024-08-26 00:00:00,LA
0350,2024-08-26 00:00:00,LA
30,2024-08-26 00:00:00,LA
34,2024-08-26 00:00:00,LA
8057,2024-08-26 00:00:00,LA
8006,2024-08-26 00:00:00,LA
7038,2024-08-26 00:00:00,LA
S14,2024-08-26 00:00:00,LA
S15,2024-08-26 00:00:00,LA
8015,2024-08-26 00:00:00,LA
8071,2024-08-26 00:00:00,LA
31,2024-08-26 00:00:00,LA
32,2024-08-26 00:00:00,LA
1015A,2024-08-26 00:00:00,LA
2170,2024-08-26 00:00:00,LA
2011,2024-08-26 00:00:00,LA
2013,2024-08-26 00:00:00,LA
2096A,2024-08-26 00:00:00,LA
2218,2024-08-26 00:00:00,LA
2167,2024-08-26 00:00:00,LA
8098,2024-08-26 00:00:00,LA
213,2024-08-26 00:00:00,LA
1161,2024-08-26 00:00:00,LA
7,2024-08-26 00:00:00,LA
80682,2024-08-26 00:00:00,LA
3227,2024-08-26 00:00:00,LA
8034,2024-08-26 00:00:00,LA
406,2024-08-26 00:00:00,LA
22049,2024-08-26 00:00:00,LA
8019,2024-08-26 00:00:00,LA
EMB 5,2024-08-26 00:00:00,puro/LA
3100,2024-08-26 00:00:00,LA
1098,2024-08-26 00:00:00,LA
23017,2024-08-26 00:00:00,LA
23018,2024-08-26 00:00:00,LA
23019,2024-08-26 00:00:00,LA
23024,2024-08-26 00:00:00,LA
23026,2024-08-26 00:00:00,LA
9,2024-08-26 00:00:00,LA
23027,2024-08-26 00:00:00,LA
23028,2024-08-26 00:00:00,LA
23030,2024-08-26 00:00:00,LA
23031,2024-08-26 00:00:00,LA
3500,2024-08-26 00:00:00,LA
3501,2024-08-26 00:00:00,LA
23033,2024-08-26 00:00:00,LA
23038,2024-08-26 00:00:00,LA
23039,2024-08-26 00:00:00,LA
23041,2024-08-26 00:00:00,LA
35,2024-08-26 00:00:00,LA
23044,2024-08-26 00:00:00,LA
23045,2024-08-26 00:00:00,LA
23046,2024-08-26 00:00:00,LA
23047,2024-08-26 00:00:00,LA
23049,2024-08-26 00:00:00,LA
23050,2024-08-26 00:00:00,LA
23051,2024-08-26 00:00:00,LA
23052,2024-08-26 00:00:00,LA
23053,2024-08-26 00:00:00,LA
23054,2024-08-26 00:00:00,LA
23055,2024-08-26 00:00:00,LA
23056,2024-08-26 00:00:00,LA
23057,2024-08-26 00:00:00,LA
23058,2024-08-26 00:00:00,LA
23059,2024-08-26 00:00:00,LA
23060,2024-08-26 00:00:00,LA
23061,2024-08-26 00:00:00,LA
23062,2024-08-26 00:00:00,LA
23064,2024-08-26 00:00:00,LA
23065,2024-08-26 00:00:00,LA
23067,2024-08-26 00:00:00,LA
23069,2024-08-26 00:00:00,LA
23071,2024-08-26 00:00:00,LA
23073,2024-08-26 00:00:00,LA
23074,2024-08-26 00:00:00,LA
0222,2024-08-26 00:00:00,LA
7065,2024-08-26 00:00:00,LA
0265,2024-08-26 00:00:00,LA
1048,2024-08-26 00:00:00,LA
S/NJ,2024-08-26 00:00:00,LA
0110,2024-08-26 00:00:00,LA
36,2024-08-26 00:00:00,LA
SN50,2024-08-26 00:00:00,LA
0357,2024-08-26 00:00:00,LA
0351,2024-08-26 00:00:00,LA
23077,2024-08-26 00:00:00,LA
23079,2024-08-26 00:00:00,LA
23081,2024-08-26 00:00:00,LA
23082,2024-08-26 00:00:00,LA
23084,2024-08-26 00:00:00,LA
23085,2024-08-26 00:00:00,LA
23086,2024-08-26 00:00:00,LA
pend38,2024-08-26 00:00:00,LA
3505,2024-08-26 00:00:00,LA
3504,2024-08-26 00:00:00,LA
23087,2024-08-26 00:00:00,LA
23088,2024-08-26 00:00:00,LA
23089,2024-08-26 00:00:00,LA
22169A,2024-08-26 00:00:00,LA
22168,2024-08-26 00:00:00,LA
23090,2024-08-26 00:00:00,LA
23091,2024-08-26 00:00:00,LA
23092,2024-08-26 00:00:00,LA
23094,2024-08-26 00:00:00,LA
23096,2024-08-26 00:00:00,LA
23097,2024-08-26 00:00:00,LA
23098,2024-08-26 00:00:00,LA
23099,2024-08-26 00:00:00,LA
23100,2024-08-26 00:00:00,LA
23101,2024-08-26 00:00:00,LA
23102,2024-08-26 00:00:00,LA
3103,2024-08-26 00:00:00,LA
23104,2024-08-26 00:00:00,LA
23105,2024-08-26 00:00:00,LA
23107,2024-08-26 00:00:00,LA
23108,2024-08-26 00:00:00,LA
23109,2024-08-26 00:00:00,LA
23110,2024-08-26 00:00:00,LA
22221,2024-08-26 00:00:00,LA
22171,2024-08-26 00:00:00,LA
23118,2024-08-26 00:00:00,LA
23119,2024-08-26 00:00:00,LA
23120,2024-08-26 00:00:00,LA
23122,2024-08-26 00:00:00,LA
23123,2024-08-26 00:00:00,LA
23124,2024-08-26 00:00:00,LA
23125,2024-08-26 00:00:00,puro/LA
23126,2024-08-26 00:00:00,LA
23127,2024-08-26 00:00:00,LA
23128,2024-08-26 00:00:00,LA
23131,2024-08-26 00:00:00,LA
23132,2024-08-26 00:00:00,LA
23133,2024-08-26 00:00:00,LA
23134,2024-08-26 00:00:00,LA
23135,2024-08-26 00:00:00,LA
23136,2024-08-26 00:00:00,LA
23137,2024-08-26 00:00:00,LA
23138,2024-08-26 00:00:00,LA
23139,2024-08-26 00:00:00,LA
23140,2024-08-26 00:00:00,LA
23141,2024-08-26 00:00:00,LA
23142,2024-08-26 00:00:00,LA
23144,2024-08-26 00:00:00,LA
23145,2024-08-26 00:00:00,LA
23146,2024-08-26 00:00:00,LA
23147,2024-08-26 00:00:00,LA
23148,2024-08-26 00:00:00,puro/LA
23150,2024-08-26 00:00:00,LA
23151,2024-08-26 00:00:00,LA
23152,2024-08-26 00:00:00,LA
23153,2024-08-26 00:00:00,LA
23154,2024-08-26 00:00:00,LA
23156,2024-08-26 00:00:00,LA
23159,2024-08-26 00:00:00,LA
23160,2024-08-26 00:00:00,LA
23162,2024-08-26 00:00:00,LA
23163,2024-08-26 00:00:00,LA
23164,2024-08-26 00:00:00,LA
23165,2024-08-26 00:00:00,LA
23166,2024-08-26 00:00:00,LA
23168,2024-08-26 00:00:00,LA
22139,2024-08-26 00:00:00,LA
22216,2024-08-26 00:00:00,LA
23169,2024-08-26 00:00:00,LA
23170,2024-08-26 00:00:00,LA
23171,2024-08-26 00:00:00,LA
23172,2024-08-26 00:00:00,LA
23173,2024-08-26 00:00:00,LA
23174,2024-08-26 00:00:00,LA
23176,2024-08-26 00:00:00,LA
23177,2024-08-26 00:00:00,LA
23182,2024-08-26 00:00:00,LA
23180,2024-08-26 00:00:00,LA
23183,2024-08-26 00:00:00,LA
23184,2024-08-26 00:00:00,LA
23185,2024-08-26 00:00:00,LA
23187,2024-08-26 00:00:00,LA
23188,2024-08-26 00:00:00,LA
23190,2024-08-26 00:00:00,LA
23189,2024-08-26 00:00:00,LA
23193,2024-08-26 00:00:00,LA
23194,2024-08-26 00:00:00,LA
4043,2024-08-26 00:00:00,LA
23209,2024-08-26 00:00:00,LA
23210,2024-08-26 00:00:00,LA
23211,2024-08-26 00:00:00,LA
23216,2024-08-26 00:00:00,LA
23218,2024-08-26 00:00:00,LA
23223,2024-08-26 00:00:00,LA
23231,2024-08-26 00:00:00,LA
23236,2024-08-26 00:00:00,LA
24104,2024-08-26 00:00:00,LA
BU303,2024-08-23 00:00:00,LA
24006,2024-08-26 00:00:00,puro/LA
24031,2024-09-03 00:00:00,LA
24027,2024-09-03 00:00:00,LA
24081,2024-09-03 00:00:00,LA
24011,2024-09-03 00:00:00,LA
24068,2024-09-03 00:00:00,LA
23220,2024-09-05 00:00:00,LA
24072,2024-09-05 00:00:00,LA
23243,2024-09-05 00:00:00,LA
23212,2024-09-05 00:00:00,LA
23244,2024-09-05 00:00:00,LA
23201,2024-09-05 00:00:00,LA
24003,2024-09-05 00:00:00,LA
24080,2024-09-05 00:00:00,LA
24074,2024-09-05 00:00:00,LA
23229,2024-09-05 00:00:00,LA
23250,2024-09-05 00:00:00,LA
23246,2024-09-05 00:00:00,LA
23237,2024-09-05 00:00:00,LA
24018,2024-09-05 00:00:00,LA
24028,2024-09-05 00:00:00,LA
23232,2024-09-05 00:00:00,LA
24017,2024-09-05 00:00:00,LA
23203,2024-09-05 00:00:00,LA
23195,2024-09-05 00:00:00,LA
23215,2024-09-05 00:00:00,LA
24055,2024-09-05 00:00:00,LA
23225,2024-09-05 00:00:00,LA
23202,2024-09-05 00:00:00,LA
23204,2024-09-05 00:00:00,LA
24042,2024-09-05 00:00:00,LA
23240,2024-09-05 00:00:00,LA
23224,2024-09-05 00:00:00,LA
23228,2024-09-20 00:00:00,LA
23230,2024-09-20 00:00:00,LA
23247,2024-09-20 00:00:00,LA
24021,2024-09-20 00:00:00,LA
24002,2024-09-20 00:00:00,LA
23241,2024-09-20 00:00:00,LA
24016,2024-09-20 00:00:00,LA
23251,2024-09-20 00:00:00,LA
23238,2024-09-20 00:00:00,LA
24004,2024-09-20 00:00:00,LA
23227,2024-09-20 00:00:00,LA
23249,2024-09-20 00:00:00,LA
24009,2024-09-20 00:00:00,LA
24005,2024-09-20 00:00:00,LA
24008,2024-09-20 00:00:00,LA
pend21,2023-01-01 00:00:00,Osmel
pend40,2023-03-27 00:00:00,Brito
pend43,2023-07-01 00:00:00,Maura
24190,2025-06-06 00:00:00,LA
24231,2025-06-06 00:00:00,LA
24198,2025-06-06 00:00:00,LA
24204,2025-06-06 00:00:00,LA
24217,2025-06-06 00:00:00,LA
24211,2025-06-06 00:00:00,LA
24203,2025-06-06 00:00:00,LA
24201,2025-06-06 00:00:00,LA
24210,2025-06-06 00:00:00,LA
24214,2025-06-06 00:00:00,LA
24179,2025-06-06 00:00:00,LA
24191,2025-06-06 00:00:00,LA
24224,2025-06-06 00:00:00,LA
24238,2025-06-06 00:00:00,LA
24221,2025-06-06 00:00:00,LA
24206,2025-06-06 00:00:00,LA
24193,2025-06-06 00:00:00,LA
24194,2025-06-06 00:00:00,LA
24189,2025-06-06 00:00:00,LA
24148,2025-06-06 00:00:00,LA
24197,2025-06-06 00:00:00,LA
24187,2025-06-06 00:00:00,LA
24146,2025-06-06 00:00:00,LA
24162,2025-06-06 00:00:00,LA
24014,2025-06-06 00:00:00,LA
24177,2025-06-06 00:00:00,LA
24212,2025-06-06 00:00:00,LA
24207,2025-06-06 00:00:00,LA
24170,2025-06-06 00:00:00,LA
24186,2025-06-06 00:00:00,LA
24140,2025-06-06 00:00:00,LA
24151,2025-06-06 00:00:00,LA
24130,2025-06-06 00:00:00,LA
24195,2025-06-06 00:00:00,LA
24167,2025-06-06 00:00:00,LA
24196,2025-06-06 00:00:00,LA
24165,2025-06-06 00:00:00,LA
pend49,2025-07-02 00:00:00,Brito
pend50,2025-07-02 00:00:00,Maura
J25132,2025-06-04 00:00:00,Juan
J25147,2025-06-21 00:00:00,Juan
MSN15,2025-09-03 00:00:00,LG
SN50,2025-09-03 00:00:00,LG
pend46,2025-03-15 00:00:00,Maura
pend47,2025-06-13 00:00:00,Maura
pend48,2025-09-10 00:00:00,Maura
pend50,2025-09-10 00:00:00,Maura
24168,2025-10-13 00:00:00,LA
24172,2025-10-13 00:00:00,LA
24174,2025-10-13 00:00:00,LA
24185,2025-10-13 00:00:00,LA
24188,2025-10-13 00:00:00,LA
24202,2025-10-13 00:00:00,LA
24209,2025-10-13 00:00:00,LA
24213,2025-10-13 00:00:00,LA
24216,2025-10-13 00:00:00,LA
24219,2025-10-13 00:00:00,LA
24220,2025-10-13 00:00:00,LA
24222,2025-10-13 00:00:00,LA
24230,2025-10-13 00:00:00,LA
24232,2025-10-13 00:00:00,LA
24234,2025-10-13 00:00:00,LA
24235,2025-10-13 00:00:00,LA
24237,2025-10-13 00:00:00,LA
24239,2025-10-13 00:00:00,LA
24243,2025-10-13 00:00:00,LA
24244,2025-10-13 00:00:00,LA
24246,2025-10-13 00:00:00,LA
24252,2025-10-13 00:00:00,LA
24256,2025-10-13 00:00:00,LA
24259,2025-10-13 00:00:00,LA
24260,2025-10-13 00:00:00,LA
24262,2025-10-13 00:00:00,LA
24273,2025-10-13 00:00:00,LA
24275,2025-10-13 00:00:00,LA
24277,2025-10-13 00:00:00,LA
24278,2025-10-13 00:00:00,LA
24283,2025-10-13 00:00:00,LA
24285,2025-10-13 00:00:00,LA
24286,2025-10-13 00:00:00,LA
24290,2025-10-13 00:00:00,LA
24291,2025-10-13 00:00:00,LA
24292,2025-10-13 00:00:00,LA
24297,2025-10-13 00:00:00,LA
24298,2025-10-13 00:00:00,LA
24300,2025-10-13 00:00:00,LA
25001,2025-10-13 00:00:00,LA
25009,2025-10-13 00:00:00,LA
24284,2025-10-13 00:00:00,LA
24270,2025-10-13 00:00:00,LA
25023,2025-10-13 00:00:00,LA
24200,2025-10-13 00:00:00,LA
24171,2025-10-29 00:00:00,LA
24184,2025-10-29 00:00:00,LA
24218,2025-10-29 00:00:00,LA
24233,2025-10-29 00:00:00,LA
24240,2025-10-29 00:00:00,LA
24242,2025-10-29 00:00:00,LA
24247,2025-10-29 00:00:00,LA
24249,2025-10-29 00:00:00,LA
24264,2025-10-29 00:00:00,LA
24268,2025-10-29 00:00:00,LA
24271,2025-10-29 00:00:00,LA
24274,2025-10-29 00:00:00,LA
24276,2025-10-29 00:00:00,LA
24279,2025-10-29 00:00:00,LA
24288,2025-10-29 00:00:00,LA
24299,2025-10-29 00:00:00,LA
24302,2025-10-29 00:00:00,LA
24303,2025-10-29 00:00:00,LA
24308,2025-10-29 00:00:00,LA
25003,2025-10-29 00:00:00,LA
25006,2025-10-29 00:00:00,LA
25010,2025-10-29 00:00:00,LA
25011,2025-10-29 00:00:00,LA
25013,2025-10-29 00:00:00,LA
25015,2025-10-29 00:00:00,LA
25016,2025-10-29 00:00:00,LA
25025,2025-10-29 00:00:00,LA
25029,2025-10-29 00:00:00,LA
25032,2025-10-29 00:00:00,LA
25033,2025-10-29 00:00:00,LA
25038,2025-10-29 00:00:00,LA
25041,2025-10-29 00:00:00,LA
25042,2025-10-29 00:00:00,LA
25043,2025-10-29 00:00:00,LA
25044,2025-10-29 00:00:00,LA
25051,2025-10-29 00:00:00,LA
25080,2025-10-29 00:00:00,LA
pend49,2025-10-29 00:00:00,LA
24250,2025-10-29 00:00:00,LA
24248,2025-10-29 00:00:00,LA
24282,2025-10-29 00:00:00,LA
j25001,2025-10-29 00:00:00,LA
24269,2025-10-29 00:00:00,LA
24251,2025-10-29 00:00:00,LA
25014,2025-10-29 00:00:00,LA
25017,2025-10-30 00:00:00,LA
25021,2025-10-30 00:00:00,LA
24307,2025-10-30 00:00:00,LA
24255,2025-10-30 00:00:00,LA
24289,2025-10-30 00:00:00,LA
25028,2025-10-30 00:00:00,LA
25026,2025-10-30 00:00:00,LA
25069,2025-10-30 00:00:00,LA
24078,2025-10-30 00:00:00,LA
25035,2025-10-30 00:00:00,LA
24272,2025-10-30 00:00:00,LA
25037,2025-10-30 00:00:00,LA
24156,2025-03-05 00:00:00,LA
24133,2025-03-05 00:00:00,LA
24135,2025-03-05 00:00:00,LA
24118,2025-03-05 00:00:00,LA
24023,2025-03-05 00:00:00,LA
24032,2025-03-05 00:00:00,LA
23070,2024-07-11 00:00:00,LA
24050,2024-07-11 00:00:00,LA
24109,2025-11-21 00:00:00,LA
24117,2025-03-05 00:00:00,LA
24056,2025-03-05 00:00:00,LA
24137,2025-03-21 00:00:00,LA
24007,2024-12-27 00:00:00,LA
24039,2025-03-05 00:00:00,LA
24045,2024-12-27 00:00:00,LA
24051,2024-12-27 00:00:00,LA
24053,2024-12-27 00:00:00,LA
24058,2025-01-22 00:00:00,LA
24084,2025-02-07 00:00:00,LA
24114,2025-03-05 00:00:00,LA
24115,2024-12-27 00:00:00,LA
24173,2025-03-05 00:00:00,LA
23029,2024-07-11 00:00:00,LA
23003,2023-09-29 00:00:00,LA
23066,2024-07-11 00:00:00,LA
23075,2024-07-11 00:00:00,LA
23179,2026-02-05 00:00:00,LA
24131,2025-03-05 00:00:00,LA
24176,2025-03-05 00:00:00,LA
24178,2025-03-05 00:00:00,LA
24229,2026-02-09 00:00:00,LA
24287,2026-02-09 00:00:00,LA
24306,2026-02-09 00:00:00,LA
25005,2026-02-09 00:00:00,LA
25020,2026-02-09 00:00:00,LA
25024,2026-02-09 00:00:00,LA
25030,2026-02-09 00:00:00,LA
25039,2026-02-09 00:00:00,LA
25052,2026-02-09 00:00:00,LA
25053,2026-02-09 00:00:00,LA
25054,2026-02-09 00:00:00,LA
25055,2026-02-09 00:00:00,LA
25056,2026-02-09 00:00:00,LA
25060,2026-02-09 00:00:00,LA
25061,2026-02-09 00:00:00,LA
25062,2026-02-09 00:00:00,LA
25064,2026-02-09 00:00:00,LA
25067,2026-02-09 00:00:00,LA
25070,2026-02-09 00:00:00,LA
25075,2026-02-09 00:00:00,LA
25076,2026-02-09 00:00:00,LA
25088,2026-02-09 00:00:00,LA
25099,2026-02-09 00:00:00,LA
25109,2026-02-09 00:00:00,LA
25114,2026-02-09 00:00:00,LA
25116,2026-02-09 00:00:00,LA
25069,2026-02-09 00:00:00,LA
25022,2026-02-09 00:00:00,LA
J25049,2026-02-09 00:00:00,LA
J25031,2026-02-09 00:00:00,LA
J25002,2026-02-09 00:00:00,LA
J420,2026-02-09 00:00:00,LA
25074,2026-02-09 00:00:00,LA
24229,2026-02-09 00:00:00,LA
24287,2026-02-09 00:00:00,LA
24306,2026-02-09 00:00:00,LA
25005,2026-02-09 00:00:00,LA
25020,2026-02-09 00:00:00,LA
25024,2026-02-09 00:00:00,LA
25030,2026-02-09 00:00:00,LA
25039,2026-02-09 00:00:00,LA
25052,2026-02-09 00:00:00,LA
25053,2026-02-09 00:00:00,LA
25054,2026-02-09 00:00:00,LA
25055,2026-02-09 00:00:00,LA
25056,2026-02-09 00:00:00,LA
25060,2026-02-09 00:00:00,LA
25061,2026-02-09 00:00:00,LA
25062,2026-02-09 00:00:00,LA
25064,2026-02-09 00:00:00,LA
25067,2026-02-09 00:00:00,LA
25070,2026-02-09 00:00:00,LA
25075,2026-02-09 00:00:00,LA
25076,2026-02-09 00:00:00,LA
25088,2026-02-09 00:00:00,LA
25099,2026-02-09 00:00:00,LA
25109,2026-02-09 00:00:00,LA
25114,2026-02-09 00:00:00,LA
25116,2026-02-09 00:00:00,LA
25069,2026-02-09 00:00:00,LA
25022,2026-02-09 00:00:00,LA
J25049,2026-02-09 00:00:00,LA
J25031,2026-02-09 00:00:00,LA
J25002,2026-02-09 00:00:00,LA
J420,2026-02-09 00:00:00,LA
25063,2026-02-12 00:00:00,LA
25071,2026-02-12 00:00:00,LA
25078,2026-02-12 00:00:00,LA
25084,2026-02-12 00:00:00,LA
25086,2026-02-12 00:00:00,LA
25093,2026-02-12 00:00:00,LA
25096,2026-02-12 00:00:00,LA
25097,2026-02-12 00:00:00,LA
25104,2026-02-12 00:00:00,LA
25118,2026-02-12 00:00:00,LA
25120,2026-02-12 00:00:00,LA
25122,2026-02-12 00:00:00,LA
25125,2026-02-12 00:00:00,LA
25137,2026-02-12 00:00:00,LA
25149,2026-02-12 00:00:00,LA
25151,2026-02-12 00:00:00,LA
25152,2026-02-12 00:00:00,LA
25100,2026-02-12 00:00:00,LA
25091,2026-02-12 00:00:00,LA
25121,2026-02-12 00:00:00,LA
25080,2026-02-12 00:00:00,LA
25034,2026-02-12 00:00:00,LA
25045,2026-02-12 00:00:00,LA
24205,2026-02-12 00:00:00,LA
25027,2026-02-12 00:00:00,LA
25058,2026-02-12 00:00:00,LA
25036,2026-02-12 00:00:00,LA
25068,2026-02-12 00:00:00,LA
25012,2026-02-12 00:00:00,LA
25040,2026-02-12 00:00:00,LA
25066,2026-02-12 00:00:00,LA
25077,2026-03-13 00:00:00,LA
25103,2026-03-13 00:00:00,LA
25050,2026-03-13 00:00:00,LA
25059,2026-03-13 00:00:00,LA
J25132,2026-03-13 00:00:00,LA
25127,2026-03-13 00:00:00,LA
25134,2026-03-13 00:00:00,LA
J25147,2026-03-13 00:00:00,LA
25087,2026-03-13 00:00:00,LA
25142,2026-03-13 00:00:00,LA
25105,2026-03-13 00:00:00,LA
25095,2026-03-13 00:00:00,LA
25144,2026-03-13 00:00:00,LA
25139,2026-03-13 00:00:00,LA
25101,2026-03-13 00:00:00,LA
25124,2026-03-13 00:00:00,LA
25111,2026-03-13 00:00:00,LA
25073,2026-03-13 00:00:00,LA
25131,2026-03-13 00:00:00,LA
25106,2026-03-13 00:00:00,LA
25135,2026-03-13 00:00:00,LA
25155,2026-03-13 00:00:00,LA
24060,2025-03-05 00:00:00,LA
4501,2024-07-15 00:00:00,LA
24048,2025-03-04 00:00:00,LA
25065,2026-02-09 00:00:00,LA
25119,2026-05-28 00:00:00,LA
25138,2026-05-28 00:00:00,LA
25226,2026-05-28 00:00:00,LA
25154,2026-05-28 00:00:00,LA
25140,2026-05-28 00:00:00,LA
25183,2026-05-28 00:00:00,LA
25089,2026-05-28 00:00:00,LA
25179,2026-05-28 00:00:00,LA
25188,2026-05-28 00:00:00,LA
25178,2026-05-28 00:00:00,LA
25164,2026-05-28 00:00:00,LA
25186,2026-05-28 00:00:00,LA
25211,2026-05-28 00:00:00,LA
25177,2026-05-28 00:00:00,LA
25210,2026-05-28 00:00:00,LA
25159,2026-05-28 00:00:00,LA
25192,2026-05-28 00:00:00,LA
25224,2026-05-28 00:00:00,LA
25126,2026-05-28 00:00:00,LA
25213,2026-05-28 00:00:00,LA
25222,2026-05-28 00:00:00,LA
25275,2026-05-28 00:00:00,LA
25277,2026-05-28 00:00:00,LA
25265,2026-05-28 00:00:00,LA
25223,2026-05-28 00:00:00,LA
25187,2026-05-28 00:00:00,LA
25129,2026-05-28 00:00:00,LA
25200,2026-05-28 00:00:00,LA
25173,2026-05-28 00:00:00,LA
25145,2026-05-28 00:00:00,LA
25176,2026-05-28 00:00:00,LA
25167,2026-05-28 00:00:00,LA
25203,2026-05-28 00:00:00,LA
25209,2026-05-28 00:00:00,LA
25161,2026-05-28 00:00:00,LA
25175,2026-05-28 00:00:00,LA
25098,2026-05-28 00:00:00,LA
25141,2026-05-28 00:00:00,LA
25230,2026-05-28 00:00:00,LA
25231,2026-05-28 00:00:00,LA
25110,2026-05-28 00:00:00,LA
25130,2026-05-28 00:00:00,LA
25253,2026-05-28 00:00:00,LA
25237,2026-05-28 00:00:00,LA
25190,2026-05-28 00:00:00,LA
25157,2026-07-01 00:00:00,LA
25214,2026-07-01 00:00:00,LA
25207,2026-07-01 00:00:00,LA
25158,2026-07-01 00:00:00,LA
26019,2026-07-01 00:00:00,LA
25150,2026-07-01 00:00:00,LA
25112,2026-07-01 00:00:00,LA
25219,2026-07-01 00:00:00,LA
25169,2026-07-01 00:00:00,LA
25236,2026-07-01 00:00:00,LA
25254,2026-07-01 00:00:00,LA
25199,2026-07-01 00:00:00,LA
25165,2026-07-01 00:00:00,LA
25196,2026-07-01 00:00:00,LA
25290,2026-07-01 00:00:00,LA
25284,2026-07-01 00:00:00,LA
25274,2026-07-01 00:00:00,LA
25123,2026-07-01 00:00:00,LA
25143,2026-07-01 00:00:00,LA
26013,2026-07-01 00:00:00,LA
25128,2026-07-01 00:00:00,LA
25162,2026-07-01 00:00:00,LA
25215,2026-07-01 00:00:00,LA
25102,2026-07-01 00:00:00,LA
25174,2026-07-01 00:00:00,LA
25201,2026-07-01 00:00:00,LA
25166,2026-07-01 00:00:00,LA
25218,2026-07-01 00:00:00,LA
25273,2026-07-01 00:00:00,LA
25170,2026-07-01 00:00:00,LA
25191,2026-07-01 00:00:00,LA
25232,2026-07-09 00:00:00,LA
25233,2026-07-09 00:00:00,LA
25234,2026-07-09 00:00:00,LA
25239,2026-07-09 00:00:00,LA
25243,2026-07-09 00:00:00,LA
25247,2026-07-09 00:00:00,LA
25255,2026-07-09 00:00:00,LA
25256,2026-07-09 00:00:00,LA
25260,2026-07-09 00:00:00,LA
25261,2026-07-09 00:00:00,LA
25263,2026-07-09 00:00:00,LA
25270,2026-07-09 00:00:00,LA
25271,2026-07-09 00:00:00,LA
25272,2026-07-09 00:00:00,LA
25278,2026-07-09 00:00:00,LA
25283,2026-07-09 00:00:00,LA
25286,2026-07-09 00:00:00,LA
25293,2026-07-09 00:00:00,LA
25299,2026-07-09 00:00:00,LA
25301,2026-07-09 00:00:00,LA
25302,2026-07-09 00:00:00,LA
25303,2026-07-09 00:00:00,LA
25304,2026-07-09 00:00:00,LA
25308,2026-07-09 00:00:00,LA
25309,2026-07-09 00:00:00,LA
25310,2026-07-09 00:00:00,LA
25311,2026-07-09 00:00:00,LA
25313,2026-07-09 00:00:00,LA
25315,2026-07-09 00:00:00,LA
25317,2026-07-09 00:00:00,LA
26005,2026-07-09 00:00:00,LA
26014,2026-07-09 00:00:00,LA
26015,2026-07-09 00:00:00,LA
26026,2026-07-09 00:00:00,LA
25221,2026-07-09 00:00:00,LA
BU2511,2026-07-21 00:00:00,LA
BU2525,2026-07-21 00:00:00,LA
BU2505,2026-07-21 00:00:00,LA
BU2506,2026-07-21 00:00:00,LA
BU2516,2026-07-21 00:00:00,LA
BU2520,2026-07-21 00:00:00,LA
BU2528,2026-07-21 00:00:00,LA
BU2515,2026-07-21 00:00:00,LA
BU2502,2026-07-21 00:00:00,LA
25163,2026-09-18 00:00:00,LA
26053,2026-09-18 00:00:00,LA
25235,2026-09-18 00:00:00,LA
25216,2026-09-18 00:00:00,LA
25204,2026-09-18 00:00:00,LA
25184,2026-09-18 00:00:00,LA
26007,2026-09-18 00:00:00,LA
25197,2026-09-18 00:00:00,LA
25248,2026-09-18 00:00:00,LA
25250,2026-09-18 00:00:00,LA
25212,2026-09-18 00:00:00,LA
26037,2026-09-18 00:00:00,LA
25240,2026-09-18 00:00:00,LA
25244,2026-09-18 00:00:00,LA
