dispositivo,valor,apariciones,archivos,referencias_animal
arete,001,1,aretes_plasticos.csv,idem_vaca=BU001
arete,002,1,aretes_plasticos.csv,idem_vaca=BU002
arete,004,1,aretes_plasticos.csv,idem_vaca=BU004
arete,006,1,aretes_plasticos.csv,idem_vaca=BU006
arete,007,1,aretes_plasticos.csv,idem_vaca=BU007
arete,008,1,aretes_plasticos.csv,idem_vaca=BU008
arete,009,1,aretes_plasticos.csv,idem_vaca=BU009
arete,010,1,aretes_plasticos.csv,idem_vaca=BU010
arete,011,1,aretes_plasticos.csv,idem_vaca=BU011
arete,0118A,1,aretes_plasticos.csv,idem_vaca=0118A
arete,01251,1,aretes_plasticos.csv,idem_vaca=BU01251
arete,0205,1,aretes_plasticos.csv,idem_vaca=0205
arete,0206A,1,aretes_plasticos.csv,idem_vaca=0206A
arete,0206B,1,aretes_plasticos.csv,idem_vaca=0206B
arete,0208A,1,aretes_plasticos.csv,idem_vaca=0208A
arete,0216A,1,aretes_plasticos.csv,idem_vaca=0216A
arete,0221A,1,aretes_plasticos.csv,idem_vaca=0221A
arete,0223B,1,aretes_plasticos.csv,idem_vaca=0223B
arete,02331,1,aretes_plasticos.csv,idem_vaca=02331
arete,0258,1,aretes_plasticos.csv,idem_vaca=0258
arete,0270,2,aretes_plasticos.csv,idem_vaca=0270
arete,0274,1,aretes_plasticos.csv,idem_vaca=0274
arete,0299A,2,aretes_plasticos.csv,idem_vaca=0299A
arete,0348,1,aretes_plasticos.csv,idem_vaca=0348
arete,0350,1,aretes_plasticos.csv,idem_vaca=0350
arete,05,1,aretes_plasticos.csv,idem_vaca=05
arete,0740,1,aretes_plasticos.csv,idem_vaca=0740
arete,1007,1,aretes_plasticos.csv,idem_vaca=1007
arete,1015A,1,aretes_plasticos.csv,idem_vaca=1015A
arete,1017A,1,aretes_plasticos.csv,idem_vaca=1017A
arete,1018,1,aretes_plasticos.csv,idem_vaca=1018
arete,1046A,1,aretes_plasticos.csv,idem_vaca=1046A
arete,1052A,1,aretes_plasticos.csv,idem_vaca=1052A
arete,1056A,1,aretes_plasticos.csv,idem_vaca=1056A
arete,1066,2,aretes_plasticos.csv,idem_vaca=1066
arete,1075,1,aretes_plasticos.csv,idem_vaca=1075
arete,1077,1,aretes_plasticos.csv,idem_vaca=1077
arete,1077A,1,aretes_plasticos.csv,idem_vaca=1077A
arete,1080A,1,aretes_plasticos.csv,idem_vaca=1080A
arete,1090A,1,aretes_plasticos.csv,idem_vaca=1090A
arete,1091A,1,aretes_plasticos.csv,idem_vaca=1091A
arete,1095A,1,aretes_plasticos.csv,idem_vaca=1095A
arete,1095B,1,aretes_plasticos.csv,idem_vaca=1095B
arete,1096,1,aretes_plasticos.csv,idem_vaca=1096
arete,1096B,1,aretes_plasticos.csv,idem_vaca=1096B
arete,1098A,1,aretes_plasticos.csv,idem_vaca=1098A
arete,1104A,1,aretes_plasticos.csv,idem_vaca=1104A
arete,1106A,1,aretes_plasticos.csv,idem_vaca=1106A
arete,1109A,1,aretes_plasticos.csv,idem_vaca=1109A
arete,1109B,1,aretes_plasticos.csv,idem_vaca=1109B
arete,1128,1,aretes_plasticos.csv,idem_vaca=1128
arete,1139A,1,aretes_plasticos.csv,idem_vaca=1139A
arete,1161A,1,aretes_plasticos.csv,idem_vaca=1161A
arete,12164,1,aretes_plasticos.csv,idem_vaca=12164
arete,2,1,aretes_plasticos.csv,idem_vaca=2
arete,2023,1,aretes_plasticos.csv,idem_vaca=2023
arete,20337,1,aretes_plasticos.csv,idem_vaca=20337
arete,20339,1,aretes_plasticos.csv,idem_vaca=20339
arete,2035A,1,aretes_plasticos.csv,idem_vaca=2035A
arete,2039,1,aretes_plasticos.csv,idem_vaca=2039
arete,2040,1,aretes_plasticos.csv,idem_vaca=2040
arete,2042,1,aretes_plasticos.csv,idem_vaca=2042
arete,2051,1,aretes_plasticos.csv,idem_vaca=2051
arete,2052,1,aretes_plasticos.csv,idem_vaca=2052
arete,2058,1,aretes_plasticos.csv,idem_vaca=2058
arete,2090A,1,aretes_plasticos.csv,idem_vaca=2090A
arete,2094A,1,aretes_plasticos.csv,idem_vaca=2094A
arete,21027,1,aretes_plasticos.csv,idem_vaca=21027
arete,2103,2,aretes_plasticos.csv,idem_vaca=2103
arete,2109,1,aretes_plasticos.csv,idem_vaca=2109
arete,2111,1,aretes_plasticos.csv,idem_vaca=2111
arete,2143,1,aretes_plasticos.csv,idem_vaca=2143A
arete,2146,1,aretes_plasticos.csv,idem_vaca=2146
arete,2148A,1,aretes_plasticos.csv,idem_vaca=2148A
arete,2149A,1,aretes_plasticos.csv,idem_vaca=2149A
arete,2196A,1,aretes_plasticos.csv,idem_vaca=2196A
arete,2200,1,aretes_plasticos.csv,idem_vaca=2200
arete,2201,1,aretes_plasticos.csv,idem_vaca=2201
arete,2203,1,aretes_plasticos.csv,idem_vaca=2203
arete,2208A,1,aretes_plasticos.csv,idem_vaca=2208A
arete,22149,1,aretes_plasticos.csv,idem_vaca=22149
arete,23067,1,aretes_plasticos.csv,idem_vaca=23067
arete,2337,1,aretes_plasticos.csv,idem_vaca=2337
arete,2702,1,aretes_plasticos.csv,idem_vaca=2702
arete,30,1,aretes_plasticos.csv,idem_vaca=30
arete,3003A,1,aretes_plasticos.csv,idem_vaca=3003A
arete,3015,1,aretes_plasticos.csv,idem_vaca=3015
arete,3021A,1,aretes_plasticos.csv,idem_vaca=3021A
arete,3026A,1,aretes_plasticos.csv,idem_vaca=3026A
arete,3027A,1,aretes_plasticos.csv,idem_vaca=3027A
arete,3028A,1,aretes_plasticos.csv,idem_vaca=3028A
arete,3066B,1,aretes_plasticos.csv,idem_vaca=3066B
arete,3093,1,aretes_plasticos.csv,idem_vaca=3093
arete,3178,1,aretes_plasticos.csv,idem_vaca=3178
arete,3227,1,aretes_plasticos.csv,idem_vaca=3227
arete,40072,1,aretes_plasticos.csv,idem_vaca=40072
arete,4008,1,aretes_plasticos.csv,idem_vaca=4008
arete,4041,1,aretes_plasticos.csv,idem_vaca=4041
arete,406,1,aretes_plasticos.csv,idem_vaca=406
arete,4065,1,aretes_plasticos.csv,idem_vaca=4065
arete,4109,1,aretes_plasticos.csv,idem_vaca=4109
arete,4143,1,aretes_plasticos.csv,idem_vaca=4143
arete,4147,1,aretes_plasticos.csv,idem_vaca=4147
arete,4A,1,aretes_plasticos.csv,idem_vaca=4A
arete,5082,1,aretes_plasticos.csv,idem_vaca=5082
arete,5529,1,aretes_plasticos.csv,idem_vaca=5529
arete,5679,1,aretes_plasticos.csv,idem_vaca=5679
arete,6017,1,aretes_plasticos.csv,idem_vaca=6017
arete,60286,1,aretes_plasticos.csv,idem_vaca=60286
arete,7049,1,aretes_plasticos.csv,idem_vaca=7049
arete,8015,1,aretes_plasticos.csv,idem_vaca=8015
arete,8016,1,aretes_plasticos.csv,idem_vaca=8016
arete,8032,2,aretes_plasticos.csv,idem_vaca=8032
arete,8072,1,aretes_plasticos.csv,idem_vaca=8072
arete,8073,1,aretes_plasticos.csv,idem_vaca=8073
arete,8078,1,aretes_plasticos.csv,idem_vaca=8078
arete,8082,1,aretes_plasticos.csv,idem_vaca=8082
arete,8087,1,aretes_plasticos.csv,idem_vaca=8087
arete,80921,1,aretes_plasticos.csv,idem_vaca=80921
arete,8338,1,aretes_plasticos.csv,idem_vaca=8338
arete,89,1,aretes_plasticos.csv,idem_vaca=89
arete,9016,1,aretes_plasticos.csv,idem_vaca=9016
arete,9064,1,aretes_plasticos.csv,idem_vaca=9064
arete,9095,1,aretes_plasticos.csv,idem_vaca=9095
arete,9109B,1,aretes_plasticos.csv,idem_vaca=9109B
arete,9110A,1,aretes_plasticos.csv,idem_vaca=9110A
arete,9116B,1,aretes_plasticos.csv,idem_vaca=9116B
arete,9126A,1,aretes_plasticos.csv,idem_vaca=9126A
arete,9128B,1,aretes_plasticos.csv,idem_vaca=9128B
arete,9136A,1,aretes_plasticos.csv,idem_vaca=9136A
arete,9192,1,aretes_plasticos.csv,idem_vaca=9192
arete,A1088,1,aretes_plasticos.csv,idem_vaca=1088A
arete,A2025,1,aretes_plasticos.csv,idem_vaca=2025A
arete,A2093,1,aretes_plasticos.csv,idem_vaca=2093A
arete,B9018,1,aretes_plasticos.csv,idem_vaca=9018B
arete,BLANCO,3,aretes_plasticos.csv,idem_vaca=23063 | idem_vaca=23120 | idem_vaca=24029
arete,BU006,1,aretes_plasticos.csv,idem_vaca=BU006
arete,BU014,1,aretes_plasticos.csv,idem_vaca=BU014
arete,BU015,1,aretes_plasticos.csv,idem_vaca=BU015
arete,BU019,1,aretes_plasticos.csv,idem_vaca=BU019
arete,BU020,1,aretes_plasticos.csv,idem_vaca=BU20
arete,BU035,2,aretes_plasticos.csv,idem_vaca=BU035
arete,BU036,1,aretes_plasticos.csv,idem_vaca=BU036
arete,BU052,1,aretes_plasticos.csv,idem_vaca=BU052
arete,BU053,1,aretes_plasticos.csv,idem_vaca=BU053
arete,BU056,1,aretes_plasticos.csv,idem_vaca=BU056
arete,BU057,1,aretes_plasticos.csv,idem_vaca=BU057
arete,BU062,1,aretes_plasticos.csv,idem_vaca=BU062
arete,BU069,1,aretes_plasticos.csv,idem_vaca=BU069
arete,BU071,1,aretes_plasticos.csv,idem_vaca=BU071
arete,BU072,1,aretes_plasticos.csv,idem_vaca=BU048
arete,BU073,1,aretes_plasticos.csv,idem_vaca=BU073
arete,BU076,1,aretes_plasticos.csv,idem_vaca=BU076
arete,BU078,1,aretes_plasticos.csv,idem_vaca=BU078
arete,BU082,1,aretes_plasticos.csv,idem_vaca=BU082
arete,BU084,1,aretes_plasticos.csv,idem_vaca=BU084
arete,BU085,1,aretes_plasticos.csv,idem_vaca=BU085
arete,BU086,1,aretes_plasticos.csv,idem_vaca=BU086
arete,BU087,1,aretes_plasticos.csv,idem_vaca=BU087
arete,BU088,1,aretes_plasticos.csv,idem_vaca=BU088
arete,BU089,1,aretes_plasticos.csv,idem_vaca=BU089
arete,BU090,1,aretes_plasticos.csv,idem_vaca=BU090
arete,BU091,1,aretes_plasticos.csv,idem_vaca=BU091
arete,BU092,1,aretes_plasticos.csv,idem_vaca=BU092
arete,BU095,1,aretes_plasticos.csv,idem_vaca=BU095
arete,BU097,1,aretes_plasticos.csv,idem_vaca=BU097
arete,BU099,1,aretes_plasticos.csv,idem_vaca=BU099
arete,BU106,1,aretes_plasticos.csv,idem_vaca=BU106
arete,BU20,1,aretes_plasticos.csv,idem_vaca=BU20
arete,BU2502,1,aretes_plasticos.csv,idem_vaca=BU2502
arete,BU2504,1,aretes_plasticos.csv,idem_vaca=BU2504
arete,BU2505,1,aretes_plasticos.csv,idem_vaca=BU2505
arete,BU2506,1,aretes_plasticos.csv,idem_vaca=BU2506
arete,BU2507,1,aretes_plasticos.csv,idem_vaca=BU2507
arete,BU2508,1,aretes_plasticos.csv,idem_vaca=BU2508
arete,BU2509,1,aretes_plasticos.csv,idem_vaca=BU2509
arete,BU2510,1,aretes_plasticos.csv,idem_vaca=BU2510
arete,BU2511,1,aretes_plasticos.csv,idem_vaca=BU2511
arete,BU2512,1,aretes_plasticos.csv,idem_vaca=BU2512
arete,BU2513,1,aretes_plasticos.csv,idem_vaca=BU2513
arete,BU2514,1,aretes_plasticos.csv,idem_vaca=BU2514
arete,BU2515,1,aretes_plasticos.csv,idem_vaca=BU2515
arete,BU2516,1,aretes_plasticos.csv,idem_vaca=BU2516
arete,BU2517,1,aretes_plasticos.csv,idem_vaca=BU2517
arete,BU2518,1,aretes_plasticos.csv,idem_vaca=BU2518
arete,BU2519,1,aretes_plasticos.csv,idem_vaca=BU2519
arete,BU2520,1,aretes_plasticos.csv,idem_vaca=BU2520
arete,BU2522,1,aretes_plasticos.csv,idem_vaca=BU2522
arete,BU2523,1,aretes_plasticos.csv,idem_vaca=BU2523
arete,BU2524,1,aretes_plasticos.csv,idem_vaca=BU2524
arete,BU2525,1,aretes_plasticos.csv,idem_vaca=BU2525
arete,BU2526,1,aretes_plasticos.csv,idem_vaca=BU2526
arete,BU2528,1,aretes_plasticos.csv,idem_vaca=BU2528
arete,BU2529,1,aretes_plasticos.csv,idem_vaca=BU2529
arete,BU2530,1,aretes_plasticos.csv,idem_vaca=BU2530
arete,BU2531,1,aretes_plasticos.csv,idem_vaca=BU2531
arete,BU2532,1,aretes_plasticos.csv,idem_vaca=BU2532
arete,BU3,1,aretes_plasticos.csv,idem_vaca=BU3
arete,BU30,1,aretes_plasticos.csv,idem_vaca=BU036
arete,BU301,1,aretes_plasticos.csv,idem_vaca=BU301
arete,BU302,1,aretes_plasticos.csv,idem_vaca=BU302
arete,BU303,1,aretes_plasticos.csv,idem_vaca=BU303
arete,BU304,1,aretes_plasticos.csv,idem_vaca=BU304
arete,BU305,1,aretes_plasticos.csv,idem_vaca=BU305
arete,BU306,1,aretes_plasticos.csv,idem_vaca=BU306
arete,BU307,1,aretes_plasticos.csv,idem_vaca=BU307
arete,BU308,2,aretes_plasticos.csv,idem_vaca=BU308
arete,BU309,1,aretes_plasticos.csv,idem_vaca=BU309
arete,BU310,1,aretes_plasticos.csv,idem_vaca=BU310
arete,BU311,1,aretes_plasticos.csv,idem_vaca=BU311
arete,BU312,1,aretes_plasticos.csv,idem_vaca=BU312
arete,BU313,2,aretes_plasticos.csv,idem_vaca=BU313
arete,BU314,1,aretes_plasticos.csv,idem_vaca=BU314
arete,BU315,1,aretes_plasticos.csv,idem_vaca=BU315
arete,BU316,1,aretes_plasticos.csv,idem_vaca=BU316
arete,BU317,1,aretes_plasticos.csv,idem_vaca=BU317
arete,BU318,1,aretes_plasticos.csv,idem_vaca=BU318
arete,BU319,1,aretes_plasticos.csv,idem_vaca=BU319
arete,BU320,1,aretes_plasticos.csv,idem_vaca=BU320
arete,BU321,1,aretes_plasticos.csv,idem_vaca=BU321
arete,BU322,1,aretes_plasticos.csv,idem_vaca=BU322
arete,BU323,1,aretes_plasticos.csv,idem_vaca=BU323
arete,BU324,1,aretes_plasticos.csv,idem_vaca=BU324
arete,BU325,1,aretes_plasticos.csv,idem_vaca=BU325
arete,BU326,1,aretes_plasticos.csv,idem_vaca=BU326
arete,BU327,1,aretes_plasticos.csv,idem_vaca=BU327
arete,BU328,1,aretes_plasticos.csv,idem_vaca=BU328
arete,BU329,1,aretes_plasticos.csv,idem_vaca=BU329
arete,BU330,1,aretes_plasticos.csv,idem_vaca=BU330
arete,BU331,1,aretes_plasticos.csv,idem_vaca=BU331
arete,BU332,1,aretes_plasticos.csv,idem_vaca=BU332
arete,BU333,1,aretes_plasticos.csv,idem_vaca=BU333
arete,BU334,1,aretes_plasticos.csv,idem_vaca=BU334
arete,BU335,1,aretes_plasticos.csv,idem_vaca=BU335
arete,BU336,1,aretes_plasticos.csv,idem_vaca=BU336
arete,BU337,1,aretes_plasticos.csv,idem_vaca=BU337
arete,BU338,1,aretes_plasticos.csv,idem_vaca=BU338
arete,BU339,1,aretes_plasticos.csv,idem_vaca=BU339
arete,BU340,1,aretes_plasticos.csv,idem_vaca=BU340
arete,BU341,1,aretes_plasticos.csv,idem_vaca=BU341
arete,BU342,1,aretes_plasticos.csv,idem_vaca=BU342
arete,BU343,1,aretes_plasticos.csv,idem_vaca=BU343
arete,BU344,1,aretes_plasticos.csv,idem_vaca=BU344
arete,BU345,1,aretes_plasticos.csv,idem_vaca=BU345
arete,BU346,1,aretes_plasticos.csv,idem_vaca=BU346
arete,BU347,1,aretes_plasticos.csv,idem_vaca=BU347
arete,BU348,1,aretes_plasticos.csv,idem_vaca=BU348
arete,BU349,2,aretes_plasticos.csv,idem_vaca=BU349
arete,BU350,1,aretes_plasticos.csv,idem_vaca=BU350
arete,BU351,1,aretes_plasticos.csv,idem_vaca=BU351
arete,BU353,1,aretes_plasticos.csv,idem_vaca=BU353
arete,BU354,1,aretes_plasticos.csv,idem_vaca=BU354
arete,BU355,1,aretes_plasticos.csv,idem_vaca=BU355
arete,BU356,1,aretes_plasticos.csv,idem_vaca=BU356
arete,BU357,1,aretes_plasticos.csv,idem_vaca=BU357
arete,BU358,1,aretes_plasticos.csv,idem_vaca=BU358
arete,BU359,1,aretes_plasticos.csv,idem_vaca=BU359
arete,BU360,1,aretes_plasticos.csv,idem_vaca=BU360
arete,BU361,1,aretes_plasticos.csv,idem_vaca=BU361
arete,BU362,1,aretes_plasticos.csv,idem_vaca=BU362
arete,BU363,1,aretes_plasticos.csv,idem_vaca=BU363
arete,BU365,1,aretes_plasticos.csv,idem_vaca=BU365
arete,BU366,1,aretes_plasticos.csv,idem_vaca=BU366
arete,BU367,1,aretes_plasticos.csv,idem_vaca=BU367
arete,BU368,1,aretes_plasticos.csv,idem_vaca=BU368
arete,BU369,1,aretes_plasticos.csv,idem_vaca=BU369
arete,BU370,1,aretes_plasticos.csv,idem_vaca=BU370
arete,BU371,1,aretes_plasticos.csv,idem_vaca=BU371
arete,BU372,1,aretes_plasticos.csv,idem_vaca=BU372
arete,BU373,1,aretes_plasticos.csv,idem_vaca=BU373
arete,BU374,1,aretes_plasticos.csv,idem_vaca=BU374
arete,BU375,1,aretes_plasticos.csv,idem_vaca=BU375
arete,BU376,1,aretes_plasticos.csv,idem_vaca=BU376
arete,BU377,1,aretes_plasticos.csv,idem_vaca=BU377
arete,BU378,1,aretes_plasticos.csv,idem_vaca=BU378
arete,BU379,1,aretes_plasticos.csv,idem_vaca=BU379
arete,BU48,1,aretes_plasticos.csv,idem_vaca=BU48
arete,BU66,3,aretes_plasticos.csv,idem_vaca=BU66
arete,BU67,3,aretes_plasticos.csv,idem_vaca=BU67
arete,BU68,2,aretes_plasticos.csv,idem_vaca=BU68
arete,BU69,3,aretes_plasticos.csv,idem_vaca=BU69
arete,BU70,2,aretes_plasticos.csv,idem_vaca=BU70
arete,BU71,2,aretes_plasticos.csv,idem_vaca=BU71
arete,BU72,3,aretes_plasticos.csv,idem_vaca=BU72
arete,BU75,3,aretes_plasticos.csv,idem_vaca=BU75
arete,BU76,3,aretes_plasticos.csv,idem_vaca=BU76
arete,BU78,2,aretes_plasticos.csv,idem_vaca=BU78
arete,BU79,3,aretes_plasticos.csv,idem_vaca=BU79
arete,BU80,2,aretes_plasticos.csv,idem_vaca=BU80
arete,BU81,2,aretes_plasticos.csv,idem_vaca=BU81
arete,BU82,3,aretes_plasticos.csv,idem_vaca=BU82
arete,BU83,3,aretes_plasticos.csv,idem_vaca=BU83
arete,BU84,4,aretes_plasticos.csv,idem_vaca=BU84
arete,BU85,2,aretes_plasticos.csv,idem_vaca=BU85
arete,BU86,2,aretes_plasticos.csv,idem_vaca=BU86
arete,BU87,2,aretes_plasticos.csv,idem_vaca=BU87
arete,BU88,2,aretes_plasticos.csv,idem_vaca=BU88
arete,BU89,2,aretes_plasticos.csv,idem_vaca=BU89
arete,BU90,1,aretes_plasticos.csv,idem_vaca=BU90
arete,BU92,3,aretes_plasticos.csv,idem_vaca=BU92
arete,BU93,2,aretes_plasticos.csv,idem_vaca=BU93
arete,BU94,2,aretes_plasticos.csv,idem_vaca=BU94
arete,C0299,1,aretes_plasticos.csv,idem_vaca=0299C
arete,EMB 1,1,aretes_plasticos.csv,idem_vaca=EMB 1
arete,EMB 2,1,aretes_plasticos.csv,idem_vaca=EMB 2
arete,EMB 3,1,aretes_plasticos.csv,idem_vaca=EMB 3
arete,EMB 4,1,aretes_plasticos.csv,idem_vaca=EMB 4
arete,EMB 5,1,aretes_plasticos.csv,idem_vaca=EMB 5
arete,MSN1,1,aretes_plasticos.csv,idem_vaca=MSN1
arete,MSN12,1,aretes_plasticos.csv,idem_vaca=MSN12
arete,MSN16,1,aretes_plasticos.csv,idem_vaca=MSN16
arete,MSN17,1,aretes_plasticos.csv,idem_vaca=MSN17
arete,MSN4,1,aretes_plasticos.csv,idem_vaca=MSN4
arete,MSN8,1,aretes_plasticos.csv,idem_vaca=MSN8
arete,MSN9,1,aretes_plasticos.csv,idem_vaca=MSN9
arete,SN50,1,aretes_plasticos.csv,idem_vaca=SN50
arete,SNA,1,aretes_plasticos.csv,idem_vaca=SNA
arete,blanco,2,aretes_plasticos.csv,idem_vaca=23085 | idem_vaca=23116
arete,brasilera,1,aretes_plasticos.csv,idem_vaca=S/NH
arete,en blanco,15,aretes_plasticos.csv,idem_vaca=22192 | idem_vaca=22205 | idem_vaca=23019 | idem_vaca=23028 | idem_vaca=23058 | idem_vaca=23063 | idem_vaca=23078 | idem_vaca=23084 | idem_vaca=23085 | idem_vaca=23088 | idem_vaca=23090 | idem_vaca=23095 | idem_vaca=23096 | idem_vaca=23100 | idem_vaca=23102
arete,lebron,1,aretes_plasticos.csv,idem_vaca=S/NC
arete,mariu,1,aretes_plasticos.csv,idem_vaca=S/NB
arete,ralla,1,aretes_plasticos.csv,idem_vaca=BU308
arete,triangulo,1,aretes_plasticos.csv,idem_vaca=BU313
nro_chip,151302,2,cowpro.csv,id_animal=8045
nro_chip,46752,1,cowpro.csv,id_animal=BU371
nro_chip,46757,1,cowpro.csv,id_animal=BU356
nro_chip,46775,1,cowpro.csv,id_animal=BU375
nro_chip,46779,1,cowpro.csv,id_animal=BU370
nro_chip,546753,1,cowpro.csv,id_animal=BU340
nro_chip,546754,1,cowpro.csv,id_animal=BU092
nro_chip,546755,1,cowpro.csv,id_animal=BU351
nro_chip,546756,1,cowpro.csv,id_animal=BU20
nro_chip,546758,1,cowpro.csv,id_animal=BU78
nro_chip,546759,1,cowpro.csv,id_animal=BU329
nro_chip,546760,1,cowpro.csv,id_animal=BU2502
nro_chip,546761,1,cowpro.csv,id_animal=BU320
nro_chip,546763,1,cowpro.csv,id_animal=BU316
nro_chip,546764,1,cowpro.csv,id_animal=BU334
nro_chip,546765,1,cowpro.csv,id_animal=BU362
nro_chip,546766,1,cowpro.csv,id_animal=BU322
nro_chip,546767,1,cowpro.csv,id_animal=BU363
nro_chip,546768,1,cowpro.csv,id_animal=BU378
nro_chip,546769,1,cowpro.csv,id_animal=BU2505
nro_chip,546770,1,cowpro.csv,id_animal=BU2520
nro_chip,546771,1,cowpro.csv,id_animal=BU009
nro_chip,546772,1,cowpro.csv,id_animal=BU342
nro_chip,546773,1,cowpro.csv,id_animal=BU303
nro_chip,546774,1,cowpro.csv,id_animal=BU75
nro_chip,546776,1,cowpro.csv,id_animal=BU006
nro_chip,546777,1,cowpro.csv,id_animal=BU2510
nro_chip,546778,1,cowpro.csv,id_animal=BU2508
nro_chip,546781,1,cowpro.csv,id_animal=BU2506
nro_chip,546782,1,cowpro.csv,id_animal=BU057
nro_chip,546783,1,cowpro.csv,id_animal=BU301
nro_chip,546784,1,cowpro.csv,id_animal=BU2516
nro_chip,546785,1,cowpro.csv,id_animal=BU2526
nro_chip,546786,1,cowpro.csv,id_animal=BU2519
nro_chip,546787,1,cowpro.csv,id_animal=BU036
nro_chip,546788,1,cowpro.csv,id_animal=BU67
nro_chip,546789,1,cowpro.csv,id_animal=BU304
nro_chip,546790,1,cowpro.csv,id_animal=BU2504
nro_chip,546791,1,cowpro.csv,id_animal=BU349
nro_chip,546792,1,cowpro.csv,id_animal=BU2507
nro_chip,546793,1,cowpro.csv,id_animal=BU2523
nro_chip,546795,1,cowpro.csv,id_animal=BU2524
nro_chip,546796,1,cowpro.csv,id_animal=BU2518
nro_chip,546797,1,cowpro.csv,id_animal=BU2532
nro_chip,546798,1,cowpro.csv,id_animal=BU335
nro_chip,546799,1,cowpro.csv,id_animal=BU2511
nro_chip,546800,1,cowpro.csv,id_animal=BU106
nro_chip,546801,1,cowpro.csv,id_animal=BU2530
nro_chip,546802,1,cowpro.csv,id_animal=BU2515
nro_chip,546803,1,cowpro.csv,id_animal=BU2522
nro_chip,546804,1,cowpro.csv,id_animal=BU313
nro_chip,546805,1,cowpro.csv,id_animal=BU2517
nro_chip,546806,1,cowpro.csv,id_animal=BU062
nro_chip,546807,1,cowpro.csv,id_animal=BU2529
nro_chip,546808,1,cowpro.csv,id_animal=BU2514
nro_chip,546810,1,cowpro.csv,id_animal=BU84
nro_chip,546811,1,cowpro.csv,id_animal=BU325
nro_chip,546812,1,cowpro.csv,id_animal=BU099
nro_chip,546813,1,cowpro.csv,id_animal=BU2512
nro_chip,546814,1,cowpro.csv,id_animal=BU374
nro_chip,546815,1,cowpro.csv,id_animal=BU365
nro_chip,546816,1,cowpro.csv,id_animal=BU328
nro_chip,546817,1,cowpro.csv,id_animal=BU332
nro_chip,546818,1,cowpro.csv,id_animal=BU095
nro_chip,546819,1,cowpro.csv,id_animal=BU348
nro_chip,546820,1,cowpro.csv,id_animal=BU69
nro_chip,546821,1,cowpro.csv,id_animal=BU373
nro_chip,546822,1,cowpro.csv,id_animal=BU2531
nro_chip,546825,1,cowpro.csv,id_animal=BU2528
nro_chip,546826,1,cowpro.csv,id_animal=BU306
nro_chip,546828,1,cowpro.csv,id_animal=BU035
nro_chip,546829,1,cowpro.csv,id_animal=BU2509
nro_chip,546830,1,cowpro.csv,id_animal=BU019
nro_chip,546831,1,cowpro.csv,id_animal=BU79
nro_chip,546833,1,cowpro.csv,id_animal=BU360
nro_chip,546834,1,cowpro.csv,id_animal=BU347
nro_chip,546835,1,cowpro.csv,id_animal=BU83
nro_chip,546836,1,cowpro.csv,id_animal=BU053
nro_chip,546837,1,cowpro.csv,id_animal=BU339
nro_chip,546838,1,cowpro.csv,id_animal=BU338
nro_chip,546839,1,cowpro.csv,id_animal=BU2525
nro_chip,546840,1,cowpro.csv,id_animal=BU323
nro_chip,546841,1,cowpro.csv,id_animal=BU091
nro_chip,546842,1,cowpro.csv,id_animal=BU315
nro_chip,546845,1,cowpro.csv,id_animal=BU346
nro_chip,546846,1,cowpro.csv,id_animal=BU94
nro_chip,546848,1,cowpro.csv,id_animal=BU344
nro_chip,546849,1,cowpro.csv,id_animal=BU2513
nro_chip,546850,1,cowpro.csv,id_animal=BU345
nro_chip,751301,4,cowpro.csv,id_animal=8036
nro_chip,751303,2,cowpro.csv,id_animal=2096
nro_chip,751306,2,cowpro.csv,id_animal=2171
nro_chip,751307,2,cowpro.csv,id_animal=2090A
nro_chip,751310,2,cowpro.csv,id_animal=7028
nro_chip,751312,2,cowpro.csv,id_animal=7087
nro_chip,751316,4,cowpro.csv,id_animal=2226
nro_chip,751318,2,cowpro.csv,id_animal=5033
nro_chip,801001,2,cowpro.csv,id_animal=1027
nro_chip,801002,1,cowpro.csv,id_animal=BU88
nro_chip,801003,1,cowpro.csv,id_animal=BU358
nro_chip,801004,2,cowpro.csv,id_animal=23238
nro_chip,801005,1,cowpro.csv,id_animal=BU048
nro_chip,801006,2,cowpro.csv,id_animal=0204B
nro_chip,801007,2,cowpro.csv,id_animal=EMB 5
nro_chip,801008,1,cowpro.csv,id_animal=BU70
nro_chip,801009,2,cowpro.csv,id_animal=23223
nro_chip,801010,2,cowpro.csv,id_animal=9006
nro_chip,801012,1,cowpro.csv,id_animal=BU369
nro_chip,801013,1,cowpro.csv,id_animal=BU355
nro_chip,801014,1,cowpro.csv,id_animal=BU89
nro_chip,801015,2,cowpro.csv,id_animal=4072
nro_chip,801016,1,cowpro.csv,id_animal=BU72
nro_chip,801017,1,cowpro.csv,id_animal=BU359
nro_chip,801018,2,cowpro.csv,id_animal=2060
nro_chip,801019,2,cowpro.csv,id_animal=23094
nro_chip,801020,1,cowpro.csv,id_animal=BU333
nro_chip,801021,1,cowpro.csv,id_animal=9126A
nro_chip,801022,1,cowpro.csv,id_animal=9011
nro_chip,801023,1,cowpro.csv,id_animal=BU318
nro_chip,801024,2,cowpro.csv,id_animal=2080
nro_chip,801025,1,cowpro.csv,id_animal=BU71
nro_chip,801026,2,cowpro.csv,id_animal=23125
nro_chip,801027,1,cowpro.csv,id_animal=1055A
nro_chip,801028,2,cowpro.csv,id_animal=0293
nro_chip,801029,1,cowpro.csv,id_animal=BU379
nro_chip,801030,2,cowpro.csv,id_animal=2054
nro_chip,801031,2,cowpro.csv,id_animal=8062
nro_chip,801032,2,cowpro.csv,id_animal=2027
nro_chip,801033,1,cowpro.csv,id_animal=BU312
nro_chip,801034,4,cowpro.csv,id_animal=2047
nro_chip,801035,2,cowpro.csv,id_animal=9076
nro_chip,801036,2,cowpro.csv,id_animal=1207
nro_chip,801037,2,cowpro.csv,id_animal=2040
nro_chip,801038,2,cowpro.csv,id_animal=0258
nro_chip,801039,2,cowpro.csv,id_animal=1166
nro_chip,801040,2,cowpro.csv,id_animal=1148
nro_chip,801041,1,cowpro.csv,id_animal=BU85
nro_chip,801042,1,cowpro.csv,id_animal=BU376
nro_chip,801043,2,cowpro.csv,id_animal=8017
nro_chip,801044,2,cowpro.csv,id_animal=4018
nro_chip,801046,1,cowpro.csv,id_animal=BU377
nro_chip,801047,1,cowpro.csv,id_animal=BU372
nro_chip,801048,1,cowpro.csv,id_animal=BU353
nro_chip,801049,1,cowpro.csv,id_animal=BU076
nro_chip,801050,4,cowpro.csv,id_animal=2180A
nro_chip,801051,2,cowpro.csv,id_animal=80121
nro_chip,801052,2,cowpro.csv,id_animal=1096A
nro_chip,801053,2,cowpro.csv,id_animal=2203
nro_chip,801054,1,cowpro.csv,id_animal=BU343
nro_chip,801055,1,cowpro.csv,id_animal=BU93
nro_chip,801056,1,cowpro.csv,id_animal=BU92
nro_chip,801057,2,cowpro.csv,id_animal=1101
nro_chip,801058,1,cowpro.csv,id_animal=BU357
nro_chip,801059,1,cowpro.csv,id_animal=BU82
nro_chip,801060,2,cowpro.csv,id_animal=2037
nro_chip,801061,2,cowpro.csv,id_animal=BU082 | id_animal=BU078
nro_chip,801062,2,cowpro.csv,id_animal=2023
nro_chip,801063,2,cowpro.csv,id_animal=24006
nro_chip,801064,2,cowpro.csv,id_animal=1165
nro_chip,801065,2,cowpro.csv,id_animal=2056
nro_chip,801066,1,cowpro.csv,id_animal=8067
nro_chip,801067,2,cowpro.csv,id_animal=24002
nro_chip,801068,1,cowpro.csv,id_animal=BU366
nro_chip,801069,2,cowpro.csv,id_animal=2048
nro_chip,801070,2,cowpro.csv,id_animal=0323
nro_chip,801071,1,cowpro.csv,id_animal=BU085
nro_chip,801072,1,cowpro.csv,id_animal=BU073
nro_chip,801073,1,cowpro.csv,id_animal=BU368
nro_chip,801074,1,cowpro.csv,id_animal=BU324
nro_chip,801075,2,cowpro.csv,id_animal=23246
nro_chip,801076,2,cowpro.csv,id_animal=24007
nro_chip,801078,2,cowpro.csv,id_animal=0127
nro_chip,801079,2,cowpro.csv,id_animal=8046
nro_chip,801080,2,cowpro.csv,id_animal=1023
nro_chip,801081,1,cowpro.csv,id_animal=BU354
nro_chip,801082,2,cowpro.csv,id_animal=1154
nro_chip,801083,2,cowpro.csv,id_animal=9024
nro_chip,801084,2,cowpro.csv,id_animal=0198
nro_chip,801085,2,cowpro.csv,id_animal=2065
nro_chip,801086,2,cowpro.csv,id_animal=2204
nro_chip,801087,3,cowpro.csv,id_animal=91171 | id_animal=50501
nro_chip,801088,1,cowpro.csv,id_animal=BU363
nro_chip,801089,2,cowpro.csv,id_animal=2063A
nro_chip,801090,2,cowpro.csv,id_animal=22195
nro_chip,801091,2,cowpro.csv,id_animal=23148
nro_chip,801092,1,cowpro.csv,id_animal=BU76
nro_chip,801093,2,cowpro.csv,id_animal=SN50
nro_chip,801094,1,cowpro.csv,id_animal=809
nro_chip,801095,2,cowpro.csv,id_animal=6037
nro_chip,801096,2,cowpro.csv,id_animal=1190
nro_chip,801097,2,cowpro.csv,id_animal=9192
nro_chip,801098,2,cowpro.csv,id_animal=1180
nro_chip,801099,3,cowpro.csv,id_animal=0216A | id_animal=BU341
nro_chip,801100,1,cowpro.csv,id_animal=BU68
nro_chip,801309,2,cowpro.csv,id_animal=0111
nro_chip,802403,2,cowpro.csv,id_animal=6042
nro_chip,802438,2,cowpro.csv,id_animal=0206A
nro_chip,802453,1,cowpro.csv,id_animal=2052
nro_chip,802468,1,cowpro.csv,id_animal=4141
nro_chip,802481,2,cowpro.csv,id_animal=2196A
nro_chip,802487,2,cowpro.csv,id_animal=0271
nro_chip,802494,2,cowpro.csv,id_animal=0355
nro_chip,809811,4,cowpro.csv,id_animal=7074
id_cowpro,000,1,cowpro.csv,id_animal=2124A
id_cowpro,0000,109,cowpro.csv,id_animal=2060 | id_animal=0271 | id_animal=24002 | id_animal=0216A | id_animal=2065 | id_animal=23223 | id_animal=7074 | id_animal=80121 | id_animal=6042 | id_animal=2054 | id_animal=0206A | id_animal=2037 | id_animal=0111 | id_animal=2048 | id_animal=0198 | id_animal=2027 | id_animal=1166 | id_animal=1148 | id_animal=1154 | id_animal=4072
id_cowpro,0157,1,cowpro.csv,id_animal=2196A
id_cowpro,0162,1,cowpro.csv,id_animal=0293
id_cowpro,0168,1,cowpro.csv,id_animal=9011
id_cowpro,0170,1,cowpro.csv,id_animal=6042
id_cowpro,0182,1,cowpro.csv,id_animal=2052
id_cowpro,0190,2,cowpro.csv,id_animal=9006 | id_animal=5150
id_cowpro,0193,1,cowpro.csv,id_animal=1096A
id_cowpro,0198,1,cowpro.csv,id_animal=0355
id_cowpro,0199,1,cowpro.csv,id_animal=2065
id_cowpro,0200,1,cowpro.csv,id_animal=23096
id_cowpro,0202,2,cowpro.csv,id_animal=4018 | id_animal=7074
id_cowpro,0205,1,cowpro.csv,id_animal=1055A
id_cowpro,0208,1,cowpro.csv,id_animal=23063
id_cowpro,0210,1,cowpro.csv,id_animal=23028
id_cowpro,0211,1,cowpro.csv,id_animal=8067
id_cowpro,0217,1,cowpro.csv,id_animal=23102
id_cowpro,0219,2,cowpro.csv,id_animal=2050 | id_animal=2054
id_cowpro,0223,1,cowpro.csv,id_animal=23094
id_cowpro,0224,1,cowpro.csv,id_animal=7074
id_cowpro,0228,1,cowpro.csv,id_animal=1027
id_cowpro,0229,1,cowpro.csv,id_animal=23088
id_cowpro,0236,1,cowpro.csv,id_animal=2090A
id_cowpro,0241,1,cowpro.csv,id_animal=23246
id_cowpro,0248,2,cowpro.csv,id_animal=23100 | id_animal=0127
id_cowpro,0251,1,cowpro.csv,id_animal=2037
id_cowpro,0252,1,cowpro.csv,id_animal=2203
id_cowpro,0253,1,cowpro.csv,id_animal=22192
id_cowpro,0254,1,cowpro.csv,id_animal=2204
id_cowpro,0255,1,cowpro.csv,id_animal=5033
id_cowpro,0258,2,cowpro.csv,id_animal=23084 | id_animal=0204B
id_cowpro,0264,1,cowpro.csv,id_animal=23085
id_cowpro,0266,1,cowpro.csv,id_animal=50501
id_cowpro,0269,1,cowpro.csv,id_animal=2047
id_cowpro,0270,2,cowpro.csv,id_animal=8036 | id_animal=1166
id_cowpro,0275,1,cowpro.csv,id_animal=23125
id_cowpro,0276,2,cowpro.csv,id_animal=9076 | id_animal=0259
id_cowpro,0282,1,cowpro.csv,id_animal=4141
id_cowpro,0285,1,cowpro.csv,id_animal=23238
id_cowpro,0296,1,cowpro.csv,id_animal=24007
id_cowpro,0301,1,cowpro.csv,id_animal=9192
id_cowpro,0302,1,cowpro.csv,id_animal=1148
id_cowpro,0303,1,cowpro.csv,id_animal=0206A
id_cowpro,0319,2,cowpro.csv,id_animal=2080 | id_animal=6043
id_cowpro,0320,1,cowpro.csv,id_animal=0198
id_cowpro,0322,1,cowpro.csv,id_animal=8017
id_cowpro,0329,2,cowpro.csv,id_animal=2143 | id_animal=23148
id_cowpro,0331,2,cowpro.csv,id_animal=9024 | id_animal=2021
id_cowpro,0338,1,cowpro.csv,id_animal=6037
id_cowpro,0340,1,cowpro.csv,id_animal=0271
id_cowpro,0341,1,cowpro.csv,id_animal=8036
id_cowpro,0345,1,cowpro.csv,id_animal=8046
id_cowpro,0349,2,cowpro.csv,id_animal=23058 | id_animal=1101
id_cowpro,0351,1,cowpro.csv,id_animal=22195
id_cowpro,0354,1,cowpro.csv,id_animal=80121
id_cowpro,0355,1,cowpro.csv,id_animal=23095
id_cowpro,0358,1,cowpro.csv,id_animal=1207
id_cowpro,0364,2,cowpro.csv,id_animal=2072 | id_animal=0216A
id_cowpro,0383,1,cowpro.csv,id_animal=809
id_cowpro,0384,1,cowpro.csv,id_animal=2048
id_cowpro,0386,1,cowpro.csv,id_animal=1190
id_cowpro,0389,1,cowpro.csv,id_animal=SN50
id_cowpro,0393,2,cowpro.csv,id_animal=2171 | id_animal=3021A
id_cowpro,0401,2,cowpro.csv,id_animal=7017 | id_animal=1154
id_cowpro,0405,1,cowpro.csv,id_animal=24006
id_cowpro,0410,2,cowpro.csv,id_animal=91171 | id_animal=7067
id_cowpro,0411,1,cowpro.csv,id_animal=1180
id_cowpro,0417,1,cowpro.csv,id_animal=23019
id_cowpro,0420,1,cowpro.csv,id_animal=8062
id_cowpro,0421,1,cowpro.csv,id_animal=2040
id_cowpro,0422,1,cowpro.csv,id_animal=2096
id_cowpro,0423,1,cowpro.csv,id_animal=2027
id_cowpro,0426,1,cowpro.csv,id_animal=2023
id_cowpro,0429,1,cowpro.csv,id_animal=0258
id_cowpro,0431,2,cowpro.csv,id_animal=2124A | id_animal=23223
id_cowpro,0434,1,cowpro.csv,id_animal=8045
id_cowpro,0436,1,cowpro.csv,id_animal=4072
id_cowpro,0437,1,cowpro.csv,id_animal=23078
id_cowpro,0452,1,cowpro.csv,id_animal=2226
id_cowpro,0456,1,cowpro.csv,id_animal=2060
id_cowpro,0461,1,cowpro.csv,id_animal=7028
id_cowpro,0463,2,cowpro.csv,id_animal=0111 | id_animal=1091A
id_cowpro,0468,1,cowpro.csv,id_animal=2180A
id_cowpro,0477,1,cowpro.csv,id_animal=7087
id_cowpro,0478,2,cowpro.csv,id_animal=1023 | id_animal=22205
id_cowpro,0482,2,cowpro.csv,id_animal=23090 | id_animal=2056
id_cowpro,0492,1,cowpro.csv,id_animal=EMB 5
id_cowpro,0496,1,cowpro.csv,id_animal=0323
id_cowpro,0504,1,cowpro.csv,id_animal=24002
id_cowpro,0508,1,cowpro.csv,id_animal=1165
id_cowpro,0516,2,cowpro.csv,id_animal=2063A | id_animal=2226
id_cowpro,0525,1,cowpro.csv,id_animal=9126A
id_cowpro,6628,1,cowpro.csv,id_animal=23125
id_cowpro,6640,1,cowpro.csv,id_animal=23237
id_cowpro,6670,1,cowpro.csv,id_animal=23063
id_cowpro,6722,1,cowpro.csv,id_animal=23100
id_cowpro,6724,1,cowpro.csv,id_animal=0333
id_cowpro,6726,1,cowpro.csv,id_animal=23212
id_cowpro,6731,1,cowpro.csv,id_animal=23156
id_cowpro,6741,1,cowpro.csv,id_animal=24021
id_cowpro,6777,1,cowpro.csv,id_animal=23088
id_cowpro,6821,1,cowpro.csv,id_animal=22205
id_cowpro,6831,1,cowpro.csv,id_animal=23078
id_cowpro,6881,1,cowpro.csv,id_animal=23116
id_cowpro,6928,1,cowpro.csv,id_animal=23116
id_cowpro,6929,1,cowpro.csv,id_animal=23020
id_cowpro,6940,1,cowpro.csv,id_animal=23120
id_cowpro,6941,1,cowpro.csv,id_animal=23063
id_cowpro,6968,1,cowpro.csv,id_animal=23053
id_cowpro,6980,1,cowpro.csv,id_animal=23212
id_cowpro,7077,1,cowpro.csv,id_animal=23165
id_cowpro,7176,1,cowpro.csv,id_animal=23118
id_cowpro,7216,1,cowpro.csv,id_animal=22192
id_cowpro,7224,1,cowpro.csv,id_animal=23020
id_cowpro,7225,2,cowpro.csv,id_animal=23053
id_cowpro,7339,1,cowpro.csv,id_animal=23102
id_cowpro,7345,1,cowpro.csv,id_animal=2180A
id_cowpro,7355,1,cowpro.csv,id_animal=24029
id_cowpro,7369,1,cowpro.csv,id_animal=23090
id_cowpro,7565,1,cowpro.csv,id_animal=23058
id_cowpro,7624,1,cowpro.csv,id_animal=23120
id_cowpro,7738,1,cowpro.csv,id_animal=0336
id_cowpro,7743,1,cowpro.csv,id_animal=2047
id_cowpro,7754,1,cowpro.csv,id_animal=23028
id_cowpro,7791,1,cowpro.csv,id_animal=23096
id_cowpro,7809,1,cowpro.csv,id_animal=23232
id_cowpro,7810,1,cowpro.csv,id_animal=23084
id_cowpro,7825,1,cowpro.csv,id_animal=23139
id_cowpro,7838,1,cowpro.csv,id_animal=23246
id_cowpro,7925,1,cowpro.csv,id_animal=23095
id_cowpro,7994,1,cowpro.csv,id_animal=3026A
id_cowpro,80019570,1,cowpro.csv,id_animal=23116
hierro,Brito,4,hierro.csv,nro_animal=pend41 | nro_animal=PEND45 | nro_animal=pend40 | nro_animal=pend49
hierro,Juan,35,hierro.csv,nro_animal=J401 | nro_animal=J402 | nro_animal=J403 | nro_animal=J404 | nro_animal=J405 | nro_animal=J406 | nro_animal=J407 | nro_animal=J408 | nro_animal=J409 | nro_animal=J4010 | nro_animal=J4011 | nro_animal=J412 | nro_animal=J413 | nro_animal=J414 | nro_animal=J415 | nro_animal=J416 | nro_animal=J417 | nro_animal=J418 | nro_animal=J419 | nro_animal=J420
hierro,LA,1627,hierro.csv,nro_animal=24119 | nro_animal=24101 | nro_animal=24025 | nro_animal=24091 | nro_animal=24047 | nro_animal=24105 | nro_animal=24097 | nro_animal=24089 | nro_animal=24111 | nro_animal=24096 | nro_animal=24085 | nro_animal=24075 | nro_animal=24095 | nro_animal=24082 | nro_animal=24079 | nro_animal=24066 | nro_animal=24071 | nro_animal=24116 | nro_animal=24067 | nro_animal=24076
hierro,LG,111,hierro.csv,nro_animal=1048A | nro_animal=0103 | nro_animal=1207 | nro_animal=1055 | nro_animal=1069 | nro_animal=1154 | nro_animal=1043 | nro_animal=0210 | nro_animal=1189 | nro_animal=0109 | nro_animal=1131 | nro_animal=9264 | nro_animal=1163 | nro_animal=1068 | nro_animal=1070 | nro_animal=1053 | nro_animal=1237 | nro_animal=1336 | nro_animal=1141 | nro_animal=1161A
hierro,Maura,12,hierro.csv,nro_animal=pend35 | nro_animal=pend36 | nro_animal=pend37 | nro_animal=pend39 | nro_animal=pend42 | nro_animal=pend44 | nro_animal=pend43 | nro_animal=pend50 | nro_animal=pend46 | nro_animal=pend47 | nro_animal=pend48
hierro,Osmel,2,hierro.csv,nro_animal=pend24 | nro_animal=pend21
hierro,puro/LA,9,hierro.csv,nro_animal=EMB 1 | nro_animal=EMB 2 | nro_animal=EMB 3 | nro_animal=EMB 6 | nro_animal=EMB 4 | nro_animal=EMB 5 | nro_animal=23125 | nro_animal=23148 | nro_animal=24006
