id,fecha_de_ingreso,nombre_comercial,presentacion,principio_activo,fecha_venc,cant,lote
1,2023-10-16 00:00:00,depar ovulos ginecologicos (10 OVULOS),,tetraciclina clorhidrata,2025-05-01 00:00:00,2.0,
2,2022-12-01 00:00:00,PLACENCAL,,,2022-12-01 00:00:00,2.0,
3,2022-12-01 00:00:00,MARCADOR DE CERA  PARA ANIMAL,,NO APLICA,,10.0,
4,2022-12-01 00:00:00,PROMOTOR 1 GALON,,VITAMINAS Y AMINOACIDOS,2024-10-26 00:00:00,3.0,
5,2022-12-16 00:00:00,CIPER-VEEX  1 LTS,1 LTS,CIPERMETRINA 10%,2025-03-01 00:00:00,1.0,
6,2022-12-16 00:00:00,GUSAKIMB  160gr,160 gr,,2023-01-01 00:00:00,3.0,
7,2022-12-16 00:00:00,"LEVAFOX 22,3%  250 CC",250 CC,FOSFATO DE LEVAMISOL,2025-03-01 00:00:00,2.0,
8,2022-12-16 00:00:00,SINCRONIZE 2AMP DE 2ML,2 ML,,2024-02-01 00:00:00,2.0,
9,2022-12-16 00:00:00,LAVESANA 100 gr,100 gr,,2026-06-01 00:00:00,6.0,
10,2022-12-16 00:00:00,HORN -OFF 6 OZ,6 OZ,,2024-03-01 00:00:00,1.0,
11,2022-12-16 00:00:00,GENTADOR 125,125 GENTADOR 125,"GENTAMICINA 12,5%",2025-03-01 00:00:00,1.0,
12,2022-12-16 00:00:00,LEPECID  400ML,400 ML,,1905-07-15 00:00:00,2.0,
13,2022-12-16 00:00:00,CALBOCOX  250 ML,250 ML,TOLTRAZUTIL AL 5%,2025-01-01 00:00:00,6.0,
14,2022-12-16 00:00:00,JERINGA EUROPLEX 10 ML,10 ML,NO APLICA,,1.0,
15,2022-12-16 00:00:00,RENETA DERECHA,unidad,NO APLICA,,1.0,
16,2022-12-16 00:00:00,RENETA IZQUIERDA,unidad,NO APLICA,,1.0,
17,2022-12-16 00:00:00,SULFATO DE COBRE  1 KG,1 KG,SULFATO DE COBRE,,1.0,
18,2022-12-16 00:00:00,CYTHAMOS 1 LTS (POUR-ON),1 ltr,CIPERMETRINA Y OTROS,,1.0,
19,2022-12-20 00:00:00,DEXAPAL,,DEXAMETASONA,2024-03-01 00:00:00,1.0,
20,2022-12-20 00:00:00,PENIVEEX COMPLEX 10CC,10 CC,PENICILINA,2025-01-01 00:00:00,1.0,
21,2023-01-15 00:00:00,LOTTAX,100 ml,DIACERUTATO DE DIMINACENO 7%,,24.0,
22,2023-01-15 00:00:00,OXITETRACICLINA 20% 250 ML,250 ML,,,,
23,2023-02-13 00:00:00,COMBIBAC R8 250 ML,250 ML,VACUNA,2024-09-30 00:00:00,15.0,
24,2023-02-13 00:00:00,RAVAX 100 ML (CEPA ERA INACTIVA),100 ml,VACUNA,2024-06-01 00:00:00,6.0,
25,2023-02-13 00:00:00,KIT DE AGUJAS REUSABLES  (DOCENA), DOCENA,NO APLICA,,1.0,
26,2023-02-13 00:00:00,FEBENZOL 100ML,100 ML,FENBENDAZOL AL 10% SUSP. ORAL,2025-02-01 00:00:00,2.0,
27,2023-02-13 00:00:00,YODI7   1 LTRO,1 LTR,,2025-10-01 00:00:00,1.0,
28,2023-02-13 00:00:00,CALBOMAX (ENDECTOXIDA-GARRAPAT 500 ML),500 ML,DORAMENTINA 1%  500ML,2025-03-01 00:00:00,4.0,
29,2023-02-13 00:00:00,RICOFORT,500 ml,RICOBENDAZOLE 18% 500ML,2024-04-01 00:00:00,4.0,
30,2023-02-13 00:00:00,CIPERMECTRINA AL 6%  1LTS,1 LTS,,2024-03-01 00:00:00,1.0,
31,2023-02-13 00:00:00,BRAVECTO PARROS GD 20-40K 1000MG,1000 MG,,2024-03-01 00:00:00,2.0,
32,2023-02-13 00:00:00,BRAVECTO PARROS MED 10-20K 500MG,500 MG,,2024-01-01 00:00:00,2.0,
33,2023-02-13 00:00:00,LEPECID  400ML,400 ML,,,3.0,
34,2023-02-13 00:00:00,TERMOMETRO DIGITAL LIFE,unidad,,,,
35,2023-02-13 00:00:00,GANADIL PLUS 500 CC,500 CC,,2025-09-01 00:00:00,4.0,
36,2023-02-13 00:00:00,OXIFAR20  500CC,500 CC,OXITOCINA,2023-07-27 00:00:00,1.0,
37,2023-02-13 00:00:00,DICLOVET  100ML,100 ML,DICLOFENAC SODICO,2025-09-01 00:00:00,4.0,
38,2023-02-13 00:00:00,DIAREEX H  100CC,100 CC,,2025-02-01 00:00:00,3.0,
39,2023-02-13 00:00:00,RINGER LACTATO 500ML,500 ML,,2025-08-01 00:00:00,30.0,
40,2023-02-13 00:00:00,"CLORURO DE SODIO 0,9%","9 SODIO 0,9%",,2024-04-01 00:00:00,48.0,
41,2023-02-24 00:00:00,MASTICEN-SEC,,POMADA INTRAMAMARIA COLOR ROJO,2025-06-01 00:00:00,24.0,
42,2023-02-24 00:00:00,MASTICEN-AL5,,POMADA INTRAMAMARIA COLOR AZUL,2025-10-01 00:00:00,24.0,
43,2023-02-24 00:00:00,FUNDAS DE INSEMINACION PQ DE 50 UNI,50 UNI,FUNDAS DE INSEMINACION PQ DE 50 UNI,2020-10-01 00:00:00,2.0,
44,2023-02-24 00:00:00,RICOFORT,500 ml,RICOBENDAZOLE 18% 500ML,2024-04-01 00:00:00,1.0,
45,2023-02-24 00:00:00,AMITRAZ CALBOS 1LTR,1 LTR,AMITRAZ,2023-09-01 00:00:00,1.0,
46,2023-02-24 00:00:00,CARVISEL 500 ML,500 ML,,2024-07-01 00:00:00,1.0,
47,2023-02-24 00:00:00,PROTHEPAT M   100 ML,100 ML,MEMBUTONA,2023-10-01 00:00:00,1.0,
48,2023-02-24 00:00:00,DIAREEX H  100CC,100 CC,,2025-02-01 00:00:00,1.0,
49,2023-02-27 00:00:00,MINERALES PARA EL GANADO,,,,,
50,2023-04-13 00:00:00,Guantes quirurgicos azul ,caja 100 unid,,,100.0,
51,2023-04-13 00:00:00,suto cryl,75 cm,acido poliglicolico 3-0 trenzado 75 cm,2019-11-01 00:00:00,40.0,
52,2023-04-13 00:00:00,vixon 2-0,unidad, aguja para sutura 70cm,2026-11-01 00:00:00,3.0,
53,2023-04-13 00:00:00,vixon 1,unidad, aguja para sutura 90cm,2024-11-01 00:00:00,2.0,
54,2023-04-13 00:00:00,fosfosal 500 ml,500 ml,MINERALES,,1.0,
55,2023-04-13 00:00:00,loidocaina  100 ml,100 ml,lidocain clohidrato 2%,2023-06-01 00:00:00,2.0,
56,2023-04-13 00:00:00,seton 2% 25 ml,25 ml,xilacina,2025-03-01 00:00:00,2.0,
57,2023-04-13 00:00:00,OXITETRACICLINA 20% 250 ML,250 ML,250 ml,2024-11-01 00:00:00,6.0,
58,2023-04-20 00:00:00,CIPERMECTRINA AL 6%  1LTS,1 LTS,,,10.0,
59,2023-04-20 00:00:00,CASCO DURO 1 galon,1 galon,,,,
60,2023-04-20 00:00:00,PODOCARE,bidon  20 lts,PEDILUVIO,,20.0,
61,2023-04-20 00:00:00,CASCO FUERTE 1 LTS,1 LTS,,,2.0,
62,2023-04-20 00:00:00,OXITETRACICLINA 250 ML,250 ML,,2024-10-01 00:00:00,2.0,
63,2023-04-20 00:00:00,HOJILLAS DE BISTURI DINAMICS,unidad,,,10.0,
64,2023-04-20 00:00:00,FOSFOSEL- MINERAL 500 ML,500 ML,,2024-11-01 00:00:00,1.0,
65,2023-04-20 00:00:00,FOSFOSEL- MINERAL 500 ML,500 ML,,2025-05-01 00:00:00,1.0,
66,2023-04-20 00:00:00,HEMATOCIDE 100 ML,100 ML,,2023-11-01 00:00:00,15.0,
67,2023-04-28 00:00:00,COMBIBAC R8 250 ML,250 ML,VACUNA,2024-12-01 00:00:00,9.0,
68,2023-04-28 00:00:00,AFTOGAN,,VACUNA,2024-05-01 00:00:00,9.0,
69,2023-04-28 00:00:00,RAVAX 100 ML (CEPA ERA INACTIVA),100 ml,,2024-06-01 00:00:00,9.0,
70,2023-04-28 00:00:00,LEPECID  400ML,400 ML,,,4.0,
71,2023-04-28 00:00:00,CALBOMAX (ENDECTOXIDA-GARRAPAT 500 ML),500 ML,DORAMENTINA 1%  500ML,2025-03-01 00:00:00,1.0,
72,2023-04-28 00:00:00,DECTOMAX 500 ML,500 ML,DORAMENTINA,1905-07-17 00:00:00,3.0,
73,2023-04-28 00:00:00,TUBO ENSAYO,unidad,NO APLICA,,100.0,
74,2023-04-28 00:00:00,ALBENDAZOL 1 LTR  25%,1 ltr,ALBENDAZOL,2025-01-01 00:00:00,1.0,
75,2023-04-28 00:00:00,FUNDAS DE INSEMINACION PQ DE 50 UNI,pqt de 50 unidad,NO APLICA,,4.0,
76,2023-04-28 00:00:00,JUEGO QUIRURJICO PRESTADO DE 21 PZA,21 PZA,NO APLICA,,1.0,
77,2023-05-12 00:00:00,CEPTIFUR 100 ML,100 ML,CEFTIOFUR,2024-09-01 00:00:00,4.0,
78,2023-05-12 00:00:00,FLOXIN 100 ml,100 ml,ENROFLOXACINA,2025-01-01 00:00:00,2.0,
79,2023-05-12 00:00:00,dexium 100 ml,100 ml,dexametasona,2024-02-01 00:00:00,1.0,
80,2023-05-12 00:00:00,dex-cal 100 ml,100 ml,dexametasona,2024-10-01 00:00:00,1.0,
81,2023-05-12 00:00:00,pomada iokimb 100 gr,100 gr,analgesico antiinflamatorio,2024-05-01 00:00:00,3.0,
82,2023-05-12 00:00:00,"aguja hipodermica ""dinamics"" 18GX1 1/2""",unidad,NO APLICA,,100.0,
83,2023-05-12 00:00:00,tinta para tatuar vetco  color verde 3 onz,3 onz,NO APLICA,,2.0,
84,2023-05-12 00:00:00,MASTICEN-AL5  paq de 01 doc,01 doc,,2025-10-01 00:00:00,1.0,
85,2023-05-27 00:00:00,gentamicina 100 ml,100 ml,,2024-05-01 00:00:00,1.0,
86,2023-06-13 00:00:00,YODI7   1 LTRO,1 LTRO,,2026-03-01 00:00:00,1.0,
87,2023-06-13 00:00:00,depar ovulos ginecologicos (10 OVULOS),10 OVULOS,tetraciclina clorhidrata,2024-05-01 00:00:00,1.0,
88,2023-06-13 00:00:00,D-PAST 100 GRS,100 GRS,,2023-12-01 00:00:00,2.0,
89,2023-06-13 00:00:00,MASTICEN-SEC,,,2025-09-01 00:00:00,24.0,
90,2023-06-13 00:00:00,MASTICEN-AL5  paq de 01 doc,01 doc,,2026-03-01 00:00:00,1.0,
91,2023-06-26 00:00:00,par de guantes de tela con boton de goma,unidad,ninguno,,6.0,
92,2023-06-26 00:00:00,rodamientos  TMK 6203-2RSC3/ para puerta ,unidad,NO APLICA,,8.0,
93,2023-06-26 00:00:00,lentes de seguridad (tractor safety) ce en 166,unidad,NO APLICA,,6.0,
94,2023-06-26 00:00:00,AFTOGAN,AFTOG AFTOGAN,VACUNA,2024-05-01 00:00:00,3.0,
95,2023-06-26 00:00:00,MINERFUN 500 ML,500 ML,VITAMINAS Y MINERALES,2024-10-01 00:00:00,6.0,
96,2023-07-10 00:00:00,CALBOCOX  250 ML,250 ML,coccidicina 5%,2025-05-01 00:00:00,4.0,
97,2023-07-10 00:00:00,cocxivet 5%,,coccidicina 5%,2024-08-01 00:00:00,4.0,
98,2023-07-15 00:00:00,CEPTIFUR 100 ML,100 ML,CEFTIOFUR,2024-09-01 00:00:00,4.0,
99,2023-07-15 00:00:00,GUSAKIMB  160gr,160 gr,,2024-01-01 00:00:00,4.0,
100,2023-07-15 00:00:00,LEPECID  400ML,400 ML,,2024-07-01 00:00:00,2.0,
101,2023-07-15 00:00:00,MATA BICHEIRA CALBOS 500ML,500 ML,,2024-02-01 00:00:00,2.0,
102,2023-07-15 00:00:00,AGUJA REUSABLE 16*1/2,unidad,HIPODERMICAS USO VET 16X1/2,,12.0,
103,2023-07-15 00:00:00,AGUJA REUSABLE 14*1/2,unidad,HIPODERMICAS USO VET 14X1/2,,12.0,
104,2023-07-15 00:00:00,TILOSIN 200,,TILOSINA AL 20%,2026-02-01 00:00:00,4.0,
105,2023-07-15 00:00:00,AMOX INYECTABLE,,AMOXICILINA,2024-09-01 00:00:00,2.0,
106,2023-07-15 00:00:00,DICLOVET  100ML,100 ML,DICLOFENAC SODICO,2025-09-01 00:00:00,4.0,
107,2023-08-19 00:00:00,MULTIVIT ZOO INYECTABLE 250 ML,250 ML,MULTIVITAMINICO,2025-02-01 00:00:00,8.0,
108,2023-08-19 00:00:00,DIHIDROEXTRES 250 ML,250 ML,DIHIDROESTREPTOMICINA,2024-10-01 00:00:00,4.0,
109,2023-08-19 00:00:00,BATRIVAL,,DIMINACENO DIACETURATO,2025-02-01 00:00:00,10.0,
110,2023-08-19 00:00:00,OXITETRACICLINA 20% 250 ML,250 ML,OXITETRACICLINA,2024-08-01 00:00:00,10.0,
111,2023-08-19 00:00:00,MATA BICHEIRA CALBOS 500ML,500 ML,0,2024-02-01 00:00:00,1.0,
112,2023-08-19 00:00:00,LEPECID  400ML,400 ML,0,2024-09-01 00:00:00,5.0,
113,2023-08-26 00:00:00,SIGMA K3,,VITAMINA A,2022-11-01 00:00:00,1.0,
114,2023-08-26 00:00:00,PROTOX POUR ON  1 LTR,1 LTR,FIPRONIL AL 1%,2025-06-01 00:00:00,16.0,
115,2023-08-26 00:00:00,HERMATICINA  01 KG,01 KG,VITAMINAS,2026-01-01 00:00:00,1.0,
116,2023-08-26 00:00:00,RICOFORT,500 ML,RICOBENDAZOLE 18% 500ML,2025-06-01 00:00:00,1.0,
117,2023-08-26 00:00:00,RICOBENDAZOL ALDOR  17% 500ML,500 ML,RICOBENDAZOLE 17% 500ML,2026-05-01 00:00:00,7.0,
118,2023-08-26 00:00:00,FLUNICAL INYECTABLE  100 ML,100 ML,ANTIINFLAMATORIO NO ESTEROIDEO,2025-03-01 00:00:00,2.0,
119,2023-08-26 00:00:00,"COMISOL 22,3% 500ML",500 ML,LEVAMISOL CLORHIDRATO,2025-04-01 00:00:00,2.0,
120,2023-08-26 00:00:00,FURODEX 100 ML,100 ML,FUROSEMIDA-DEXMETASONA,2024-03-01 00:00:00,1.0,
121,2023-08-26 00:00:00,DICLOVET  100ML,100 ML,DICLOFENAC SODICO,2025-09-01 00:00:00,2.0,
122,2023-09-14 00:00:00,REPROFORTE  100 ML  (20 DOSIS),100 ML,"LEPTOSPIRA, IBR, DVB, CAMPYLOBACTER FETUS",2024-06-01 00:00:00,14.0,
123,,OXITETRACICLINA 20% 250 ML,250 ML,OXITETRACICLINA,2024-05-11 00:00:00,,
124,,HEMATOCIDE 250 ML,250 ML,DIMINACENO,2023-11-01 00:00:00,4.0,
125,,BAYTRIL 5% 100 ML,100 ML,ENROFLOXACINA,2018-11-01 00:00:00,4.0,
126,,CEPTIFUR 100 ML,100 ML,CEFTIOFUR,2025-07-21 00:00:00,9.0,
127,,DIHIDROEXTRES 250 ML,250 ML,DIHIDROESTREPTOMICINA,2021-10-19 00:00:00,1.0,
128,,DIAZIL 100 ML,100 ML,SULFADIACINA Y TRIMETOPRIN,2022-06-01 00:00:00,2.0,
129,,B-COMPLEX 500 ML,500 ML,COMPLEJO B,2024-06-01 00:00:00,3.0,
130,,MAGNEZINE 500 ML,500 ML,MINERALES,2014-11-01 00:00:00,1.0,
131,,MAGNEZINE 500 ML,500 ML,MINERALES,2013-11-01 00:00:00,1.0,
132,,B-FOX 500 ML  (USADO),500 ML,MINERALES,,,
133,,fosfosal 500 ml,500 ml,MINERALES,2023-06-01 00:00:00,1.0,
134,,SOFOCAL,,SUERO VITAMINADO Y MINERAL,2015-10-01 00:00:00,6.0,
135,,ALBENDAZOL 1 LTR  25%,1 LTR,ALBENDAZOL,2024-03-01 00:00:00,1.0,
136,,COLI-JET 1 LTR,1 LTR,ANTIDIARREICO,2025-01-01 00:00:00,2.0,
137,,AMINOVIVAL 1 LTR,1 LTR,VITAMINAS ORAL,2024-08-01 00:00:00,2.0,
138,,OSMOLAR 500 ML,500 ML,VITAMINAS,2025-07-01 00:00:00,1.0,
139,,PENTAVIVAL 500 ML,500 ML,VITAMINAS INY,2025-03-01 00:00:00,1.0,
140,,TIMPAVEX 250 ML,250 ML,ANTITIPANISMO,2024-03-01 00:00:00,3.0,
141,,TOCOSELENIO 100 ML,100 ML,VITAM. Y MINERALES,2017-10-01 00:00:00,1.0,
142,,DOHIFRAL 100 ML,100 ML,COMPLEJO B,2012-06-01 00:00:00,1.0,
143,,TOP LINE (MATAGUSANOS) 400 ML,400 ML,VARIOS CONTRA MISASIS,2023-07-01 00:00:00,2.0,
144,,YODI7   1 LTRO,1 LTR,YODO,2025-11-01 00:00:00,1.0,
145,,CASCO DURO 1 LITRO,1 LTR,VARIOS,2024-05-01 00:00:00,5.0,
146,,SYNOVEX S,,PROGRSTERONA Y ESTRAIOL,2013-06-01 00:00:00,,
147,,DECTOMAX 500 ML,500 ML,DORAMENTINA,2025-06-01 00:00:00,8.5,
148,,ONYX CYDECTIN 250 ML,250 ML,MOXIDECTINA,2017-04-01 00:00:00,6.0,
149,,D-PAST 100 GRS,100 GRS,PASTA DESCORNADORA,2017-04-01 00:00:00,2.0,
150,,AGUJA REUSABLE 16*1,unidad,,,43.0,
151,,AGUJA REUSABLE 16*1 1/4,unidad,,,95.0,
152,,TATUADORA STONE MFG,unidad,DEFECTUOSA AL Nº 8 LE FALTAN PINES,,1.0,
153,2023-10-19 00:00:00,CALBOMAX (ENDECTOXIDA-GARRAPAT 500 ML),500 ML,DORAMENTINA 1%  500ML,2025-06-01 00:00:00,4.0,
154,2023-10-19 00:00:00,LEPECID  400ML,400 ML,0,2024-11-01 00:00:00,4.0,
155,2023-10-19 00:00:00,fortmisol,500 ml,fosfato de levamisol,2024-07-01 00:00:00,2.0,
156,2023-10-19 00:00:00,LOTTAX,100 ml,DIACERUTATO DE DIMINACENO 7%,2024-07-01 00:00:00,6.0,
157,2023-10-19 00:00:00,OXITETRACICLINA 20% 250 ML,250 ML,OXITETRACICLINA,2025-05-01 00:00:00,5.0,
158,2023-10-19 00:00:00,DIAREEX H  100CC,100 CC,dimetridazol; sulfametacina; trimetropin,2025-04-01 00:00:00,5.0,
159,2023-10-19 00:00:00,CEPTIFUR 100 ML,100 ml,CEFTIOFUR 50 mg,2024-09-01 00:00:00,3.0,
160,2023-10-19 00:00:00,CEPTIFUR 100 ML,100 ml,CEFTIOFUR 50 mg,2023-11-01 00:00:00,1.0,
161,2023-10-19 00:00:00,FURODEX 100 ML,100 ml,FUROSEMIDA-DEXMETASONA,2024-03-01 00:00:00,1.0,
162,2023-10-19 00:00:00,yoda-cal,250 ml,aporte vitaminico y mineral,2024-06-01 00:00:00,2.0,
163,2023-10-19 00:00:00,RICOBENDAZOL ALDOR  17% 500ML,500 ML,RICOBENDAZOLE 17% 500ML,2026-05-01 00:00:00,6.0,
164,2023-10-19 00:00:00,YODI7   1 LTRO,1 ltr,iodo activo,2026-04-01 00:00:00,1.0,
165,2023-10-19 00:00:00,Guantes quirurgicos azul ,caja 100 unid,plastico,2026-06-01 00:00:00,1.0,
166,2023-10-19 00:00:00,guantes de inseminación,caja de 100 unidades,para palpar,,1.0,
167,2023-10-19 00:00:00,jeringas esteriles desechables 10ml  con aguja  21gx1 y 1/2 pulg,caja de 100 unid,plastico,2028-03-01 00:00:00,2.0,
168,2023-10-19 00:00:00,jeringa esterilizada desechable  20 ml con agu 21Gx1 1/2 pul,caja de 50 unid,plastico,2024-11-01 00:00:00,2.0,
169,2023-10-19 00:00:00,PROTOX POUR ON  1 LTR,1 ltr,FIPRONIL AL 1%,2025-06-01 00:00:00,35.0,
170,2023-10-19 00:00:00,AFTOGAN,100 ml,VACUNA,,18.0,
171,2023-10-19 00:00:00,RAVAX 100 ML (CEPA ERA INACTIVA),100 ml,VACUNA,,13.0,
172,2023-10-19 00:00:00,REPROFORTE  100 ML  (20 DOSIS),100 ml,"LEPTOSPIRA, IBR, DVB, CAMPYLOBACTER FETUS",,10.0,
305,2023-10-19 00:00:00,COLI-JET 1 LTR,1 ltr,ANTIDIARREICO,2025-11-01 00:00:00,2.0,
457,2023-09-22 00:00:00,Alimento para aves las tunas,sacos de 40 kg,inicio,2023-11-01 00:00:00,4.0,
458,2023-09-22 00:00:00,pollitos BB,Unidad,engorde,,296.0,001-23
459,2023-09-23 00:00:00,Alimento para aves las tunas,sacos de 40 kg,inicio,,4.0,
460,2023-10-18 00:00:00,pollitos BB,Unidad,engorde,2023-12-01 00:00:00,301.0,002-23
461,2023-11-01 00:00:00,DICLOVET  100ML,100 ml,DICLOFENAC SODICO,2025-09-01 00:00:00,2.0,
462,2023-11-01 00:00:00,RICOFORT,500 ML,RICOBENDAZOLE 18% 500ML,2025-06-01 00:00:00,5.0,
463,2023-11-02 00:00:00,Alimento para aves las tunas,sacos de 40 kg,inicio,2023-12-01 00:00:00,9.0,
464,2023-11-02 00:00:00,Alimento para Aves las tunas,sacos de 40 kg,Engorde,2023-12-01 00:00:00,4.0,
465,2023-11-09 00:00:00,Alimento para aves las tunas,sacos de 40 kg,inicio,2024-01-01 00:00:00,10.0,
466,2023-11-09 00:00:00,Alimento para Aves las tunas,sacos de 40 kg,Engorde,2024-01-01 00:00:00,12.0,
467,2023-11-09 00:00:00,pollitos BB,Unidad,engorde,,305.0,003-23
468,2023-11-16 00:00:00,Alimento para aves las tunas,sacos de 40 kg,inicio,2024-01-25 00:00:00,6.0,
469,2023-11-16 00:00:00,Alimento para Aves las tunas,sacos de 40 kg,Engorde,2024-01-25 00:00:00,15.0,
470,2023-11-28 00:00:00,COMBIBAC R8 250 ML,250 ML,VACUNA,2025-03-01 00:00:00,6.0,
471,2023-11-28 00:00:00,RAVAX 100 ML (CEPA ERA INACTIVA),100 ml,VACUNA,2025-06-01 00:00:00,6.0,
472,2023-11-28 00:00:00,AFTOGAN,100 ml,VACUNA,2025-09-01 00:00:00,6.0,
481,2023-11-28 00:00:00,jeringa Lhaura flex sin dosificación,10 cc,no,,1.0,
482,2023-11-28 00:00:00,LOTTAX,100 ml,DIACERUTATO DE DIMINACENO 7%,2024-07-01 00:00:00,4.0,
483,2023-11-28 00:00:00,tylabrin,100 ml,Tylosina tartrato,2026-09-01 00:00:00,4.0,
484,2023-11-28 00:00:00,ganapro plus,100 ml,reconstituyente,2025-07-01 00:00:00,1.0,
485,2023-11-28 00:00:00,MASTICEN-AL5,01 doc,POMADA INTRAMAMARIA COLOR AZUL,2026-10-01 00:00:00,2.0,
486,2023-11-28 00:00:00,MINERFUN 500 ML,500 ML,VITAMINAS Y MINERALES,2025-06-01 00:00:00,4.0,
487,2023-11-28 00:00:00,aretes intelitec,pqt de 30 unid,azules,,1.0,
488,2023-11-28 00:00:00,aretes intelitec,pqt de 30 unid,amarillos,,4.0,
489,2023-12-06 00:00:00,Alimento para aves las tunas,sacos de 40 kg,inicio,2024-02-01 00:00:00,1.0,
490,2023-12-06 00:00:00,Alimento para Aves las tunas,sacos de 40 kg,Engorde,2024-02-01 00:00:00,5.0,
491,2023-12-06 00:00:00,pollitos BB,Unidad,engorde,2024-02-01 00:00:00,300.0,004-23
492,2023-12-15 00:00:00,Alimento para aves las tunas,saco 40 kg,inicio,2024-01-01 00:00:00,16.0,
493,2023-12-14 00:00:00,Alimento para Aves las tunas,sacos de 40 kg,Engorde,2024-02-01 00:00:00,10.0,
494,2023-12-15 00:00:00,Alimento para Aves las tunas,sacos de 40 kg,Engorde,2024-02-01 00:00:00,14.0,
513,2024-01-19 00:00:00,SILLAS DE MONTAR,DE NYLON BLANCAS,NINGUNO,,2.0,
514,2024-01-19 00:00:00,ESTRIBOS PARA SILLAS DE MONTA,PARES,NINGUNO,,2.0,
515,2024-01-19 00:00:00,CINCHAS TAPA DE CUERO PARA MONTA,UNIDAD,NINGUNA,,8.0,
516,2024-01-19 00:00:00,CORREAS PARA SINCHAR MONTA,PARES,NINGUNA,,5.0,
517,2024-01-19 00:00:00,ARCION # 50 PARA MONTA,PARES,NINGUNA,,5.0,
518,2024-01-19 00:00:00,COBIJAS MONTA,UNIDAD,NINGUNA,,2.0,
519,2024-01-19 00:00:00,SUDADERAS FIELTRO MONTA,UNIDAD,NINGUNA,,2.0,
520,2024-01-19 00:00:00,FRENOS PARA MONTA,UNIDAD,NINGUNA,,2.0,
521,2024-01-19 00:00:00,RIENDAS NYLON  MONTA,UNIDAD,NINGUNA,,2.0,
522,2024-01-25 00:00:00,Alimento para aves las tunas,saco 40 kg,inicio,2024-03-01 00:00:00,3.0,
523,2024-01-25 00:00:00,pollitos BB,Unidad,engorde,2024-04-03 00:00:00,498.0,001-24
524,2024-01-24 00:00:00,guantes quirurgicos beis,caja 100 unid,latex,,10.0,
525,2024-01-25 00:00:00,LEPECID  400ML,400 ML,0,2025-05-01 00:00:00,5.0,
526,2024-01-24 00:00:00,linterna bk-822,unidad,0,,3.0,
527,2024-01-24 00:00:00,curabycherry,envase de 500 mg,cipermectrina,2026-02-01 00:00:00,4.0,
528,2024-01-24 00:00:00,canilla plastica lavaplatos ,unidad,0,,1.0,
529,2024-01-24 00:00:00,"tapon pvc 1/2"" ",unidad,0,,1.0,
530,2024-01-24 00:00:00,"tapon pvc 1""",unidad,0,,1.0,
531,2024-01-24 00:00:00,reduccion pvc 3/4 a 1/2,unidad,0,,1.0,
532,2024-01-24 00:00:00,semi codo pvc 1/2,unidad,0,,1.0,
533,2024-01-24 00:00:00,codo pvc 90 grad,unidad,0,,2.0,
534,2024-01-24 00:00:00,union pvc 1/2,unidad,0,,1.0,
535,2024-01-24 00:00:00,HERMATICINA  01 KG,01 KG,VITAMINAS,2026-07-01 00:00:00,1.0,
536,2024-01-24 00:00:00,CALBOCOX  250 ML,250 ml,TOLTRAZURIL AL 5%,2026-03-01 00:00:00,10.0,
537,2024-01-24 00:00:00,YODI7   1 LTRO,1 ltr,iodo activo,2026-08-01 00:00:00,2.0,
538,2024-01-24 00:00:00,yodocan,500 ml,iodo metaloide resublimado,2024-04-01 00:00:00,1.0,
539,2024-01-24 00:00:00,CEPTIFUR 100 ML,100 ml,CEFTIOFUR 50 mg,2026-01-01 00:00:00,4.0,
540,2024-01-24 00:00:00,PROTOX POUR ON  1 LTR,1 ltr,FIPRONIL AL 1%,2025-06-01 00:00:00,10.0,
541,2024-01-24 00:00:00,MINERFUN 500 ML,500 ML,VITAMINAS Y MINERALES,2025-06-01 00:00:00,4.0,
542,2024-01-24 00:00:00,REPROFORTE  100 ML  (20 DOSIS),100 ml,"LEPTOSPIRA, IBR, DVB, CAMPYLOBACTER FETUS",,8.0,
543,2024-02-07 00:00:00,Alimento para aves las tunas,saco 40 kg,inicio,2024-05-01 00:00:00,22.0,
544,2024-02-07 00:00:00,Alimento para Aves las tunas,sacos de 40 kg,Engorde,2024-05-01 00:00:00,43.0,
545,2024-02-09 00:00:00,botas de caucho,par,0,,5.0,39I-42II-40I-41I
546,2024-02-22 00:00:00,Alimento para Aves las tunas,sacos de 40 kg,inicio,2024-05-01 00:00:00,4.0,002-24
547,2024-02-22 00:00:00,pollitos BB,Unidad,engorde,,500.0,002-24
548,2024-02-29 00:00:00,TILOSINA 200,100 mg,TILOSINA AL 20%,2026-02-01 00:00:00,2.0,2302008
549,2024-02-29 00:00:00,fynacol,50 mg,flunixin meglumine,2025-04-01 00:00:00,2.0,108
550,2024-02-29 00:00:00,teat  dilators,caja de 100 unidades,0,2025-04-01 00:00:00,1.0,
551,2024-02-29 00:00:00,TILOSINA 200,100 mg,TILOSINA AL 20%,2026-02-01 00:00:00,2.0,2302008
552,2024-02-29 00:00:00,fynacol,50 mg,flunixin meglumine,2025-04-01 00:00:00,2.0,108
553,2024-02-29 00:00:00,teat  dilators,caja de 100 unidades,0,2025-04-01 00:00:00,1.0,
554,2024-03-06 00:00:00,fynacol,50 mg,flunixin meglumine,2025-04-01 00:00:00,2.0,108
555,2024-03-06 00:00:00,TILOSINA 200,100 mg,TILOSINA AL 20%,2026-02-01 00:00:00,3.0,2302008
556,2024-03-06 00:00:00,BABECIDE,250 ML,DIMINACENO DIACETURATO,2026-08-01 00:00:00,3.0,23110303
557,2024-03-06 00:00:00,BATRIVAL,0,DIMINACENO DIACETURATO,2025-02-01 00:00:00,5.0,117
558,2024-03-06 00:00:00,teat  dilators,caja de 100 unidades,0,2025-01-01 00:00:00,1.0,45313
559,2024-03-06 00:00:00,OXITETRACICLINA 20% 250 ML,250 ML,OXITETRACICLINA,2026-03-01 00:00:00,2.0,
560,2024-03-06 00:00:00,GESTAR,50 ML,HORMONA ,2026-08-01 00:00:00,1.0,
561,2024-03-06 00:00:00,LUTALYSE INJECCION,5 MG PER ML,DINOPROST TROMETAMINE,2025-09-01 00:00:00,1.0,631582
562,2024-03-06 00:00:00,POLYGLACTIN 910,12 PCS,SUTURAS,,1.0,
563,2024-03-06 00:00:00,guantes de inseminación,caja de 100 unidades,para palpar,,2.0,
564,2024-03-06 00:00:00,CYTHAMOS 1 LTS (POUR-ON),1 ltr,CIPERMETRINA Y OTROS,2025-11-01 00:00:00,11.0,
565,2024-03-11 00:00:00,Alimento para aves las tunas,saco 40 kg,inicio,2024-05-11 00:00:00,16.0,
566,2024-03-11 00:00:00,Alimento para Aves las tunas,sacos de 40 kg,Engorde,2024-05-11 00:00:00,43.0,
567,2024-04-03 00:00:00,bovino seba purolomo,sacos de 35 kg,mantenimiento,2024-05-05 00:00:00,4.0,
568,2024-04-02 00:00:00,pollitos BB,Unidad,engorde,,506.0,003-24
569,2024-04-12 00:00:00,Alimento para Aves las tunas,sacos de 40 kg,Engorde,2024-06-01 00:00:00,50.0,202880
570,2024-04-12 00:00:00,Alimento para aves las tunas,saco 40 kg,inicio,2024-06-01 00:00:00,30.0,202880
571,2024-04-16 00:00:00,DORAX,500 ML,DORAMECTINA 1%,2025-08-01 00:00:00,4.0,2337334
572,2024-04-16 00:00:00,VALVULA FLOTANTE,UNIDAD,0,,3.0,
573,2024-04-16 00:00:00,BRUSELOSIS,20 ML 10 DOCIS,BRUSELOSIS,2025-01-01 00:00:00,13.0,
574,2024-04-18 00:00:00,pollitos BB,Unidad,engorde,,402.0,004-24
575,2023-12-01 00:00:00,ALAMBRE CERCA PORTATIL,ROLLO DE 500 MTS,0,,2.0,
576,2023-12-01 00:00:00,VARILLAS CERCA PORTATIL,UNIDAD,0,,15.0,
577,2023-12-01 00:00:00,CARRETES CERCA PORTATIL,UNIDAD,0,,2.0,
578,2023-12-01 00:00:00,AISLADORES CERCA PORTATIL,PAQUETES,0,,2.0,
579,2023-12-01 00:00:00,MANILLAS CERCA PORTATIL,UNIDAD,0,,2.0,
580,2024-02-01 00:00:00,ALAMBRE CERCA PORTATIL,ROLLO DE 500 MTS,0,,5.0,
581,2024-02-01 00:00:00,VARILLAS CERCA PORTATIL,UNIDAD,0,,50.0,
582,2024-02-01 00:00:00,VARILLAS BLANCAS CERCA PORTATIL,UNIDAD,0,,6.0,
583,2024-02-01 00:00:00,AISLADORES CERCA PORTATIL,PAQUETES,0,,5.0,
584,2024-02-01 00:00:00,CARRETES CERCA PORTATIL,UNIDAD,0,,5.0,
585,2024-03-20 00:00:00,ALAMBRE CERCA PORTATIL,ROLLO DE 500 MTS,0,,8.0,
586,2024-04-26 00:00:00,resorte de traccion para brete,unidad,0,,4.0,
587,2024-05-06 00:00:00,DIHIDROEXTRES 250 ML,250 ML,DIHIDROESTREPTOMICINA,2024-10-01 00:00:00,3.0,22101323
588,2024-05-06 00:00:00,fynacol,50 mg,flunixin meglumine,2026-02-01 00:00:00,4.0,109
589,2024-05-06 00:00:00,CEPTIFUR 100 ML,100 ml,CEFTIOFUR 50 mg,2026-02-01 00:00:00,5.0,2401-0003
590,2024-05-06 00:00:00,FURODEX 100 ML,100 ml,FUROSEMIDA-DEXMETASONA,2024-03-01 00:00:00,5.0,117
591,2024-05-06 00:00:00,DIHIDRO CAL,500 ML,DIHIDROESTREPTOMICINA,2026-04-01 00:00:00,1.0,OM 230403-1
592,2024-05-06 00:00:00,CALBOTYL,250 ML,TYLOSINA,2025-09-01 00:00:00,2.0,OF 220903-1
593,2024-05-06 00:00:00,LEPECID  400ML,400 ML,0,2025-08-01 00:00:00,5.0,0023-23
594,2024-05-06 00:00:00,"aguja hipodermica ""dinamics"" 18GX1 1/2""",caja de 100 unidades,NO APLICA,,4.0,
595,2024-05-06 00:00:00,amitraz calbos,500 ml,amitraz,2023-09-01 00:00:00,4.0,026-21
596,2024-05-06 00:00:00,tattoo ink,unidad de 3oz,0,2023-09-01 00:00:00,2.0,
597,2024-05-06 00:00:00,AGUJA REUSABLE 14X1,DOCENA,0,,2.0,
598,2024-05-06 00:00:00,AGUJA REUSABLE 14X1/2,DOCENA,0,,2.0,
599,2024-05-06 00:00:00,TUBO ENSAYO,unidad,NO APLICA,,100.0,
600,2024-05-06 00:00:00,BABECIDE,250 ML,DIMINACENO DIACETURATO,2026-10-01 00:00:00,2.0,R23110309
601,2024-05-06 00:00:00,DICLOVET  100ML,100 ml,DICLOFENAC SODICO,2026-10-01 00:00:00,2.0,178
602,2024-05-06 00:00:00,LIZOVET,500 ML,ANTIMICROBIANO NATURAL,2025-10-01 00:00:00,1.0,41582310
603,2024-05-06 00:00:00,NEXGARD,UNIDAD,MATA PULGAS Y GARRAPATAS,2024-09-01 00:00:00,2.0,AAA2763/22
604,2024-05-06 00:00:00,PROTOX POUR ON  1 LTR,1 ltr,FIPRONIL AL 1%,2025-02-01 00:00:00,30.0,241802
605,2024-05-06 00:00:00,DORAX,500 ML,DORAMECTINA 1%,2025-08-01 00:00:00,6.0,2337334
606,2024-05-06 00:00:00,INYECTADORA RECARGABLE,UNIDAD,0,,1.0,
607,2024-05-06 00:00:00,REPROFORTE  100 ML  (20 DOSIS),100 ml,"LEPTOSPIRA, IBR, DVB, CAMPYLOBACTER FETUS",2025-01-01 00:00:00,23.0,
608,2024-05-10 00:00:00,BABECIDE,250 ML,DIMINACENO DIACETURATO,2026-10-01 00:00:00,8.0,223110365
609,2024-05-10 00:00:00,NEXGARD,UNIDAD,MATA PULGAS Y GARRAPATAS,2024-09-01 00:00:00,5.0,AAA255222
610,2024-05-10 00:00:00,INYECTADORA RECARGABLE 20 ML,UNIDAD,0,,4.0,
611,2024-05-10 00:00:00,INYECTADORA RECARGABLE 10 ML,UNIDAD,0,,4.0,
612,2024-05-10 00:00:00,TUBO ENSAYO TAPA ROJA,unidad,NO APLICA,,400.0,
613,2024-05-10 00:00:00,BIDAFTOGEN,20 ML,AFTOSA,2024-07-01 00:00:00,100.0,19843827D/SERIE 1055
614,2024-05-10 00:00:00,RICOBENDAZOL ALDOR  17% 500ML,500 ML,RICOBENDAZOLE 17% 500ML,2026-11-01 00:00:00,18.0,23440407
615,2024-05-20 00:00:00,"mecate de Nylon  1/2""",rollo,0,,1.0,
616,2024-04-12 00:00:00,RB 51,20 CC,VACUNA,2024-07-01 00:00:00,13.0,E-005
617,2024-05-10 00:00:00,COMBIBAC R8 250 ML,250 ML,VACUNA,,4.0,
618,2024-04-12 00:00:00,RB 51,20 CC,VACUNA,2024-07-01 00:00:00,13.0,E-005
619,2024-05-10 00:00:00,COMBIBAC R8 250 ML,250 ML,VACUNA,,4.0,
620,2024-07-15 00:00:00,fluazuron,"env de 2,5 lts",inhibidor de crecimiento de garrapatas,2026-10-01 00:00:00,10.0,pkc111223
621,2024-07-15 00:00:00,conector manual de cerca electrica,paq de 10 unid,0,,1.0,
622,2024-08-03 00:00:00,"mecate elefante nylon 1/4""",metros,0,,12.0,
623,2024-08-03 00:00:00,reverbero de 02 hornillas,unidad,0,,1.0,
624,2024-08-03 00:00:00,manguera para gas,mtrs,0,,2.0,
625,2024-08-03 00:00:00,"abrazadera metalica 5/8""",unid,0,,2.0,
626,2024-08-03 00:00:00,budare gde,unid,0,,1.0,
627,2024-08-03 00:00:00,ensaladera gde con tapa,unid,0,,1.0,
628,2024-08-03 00:00:00,taza repostera con paletas,unid,0,,1.0,
629,2024-08-03 00:00:00,caldero nro 10,unid,0,,1.0,
630,2024-08-03 00:00:00,cuchillo nro 8,unid,0,,1.0,
631,2024-08-03 00:00:00,"mecate 3/8"" nylon",mts,0,,20.0,
632,2024-08-26 00:00:00,MATA BICHEIRA CALBOS 500ML,500 ML,0,2026-01-01 00:00:00,3.0,10124
633,2024-08-26 00:00:00,Diminalav,100 ml,dizoamino,2025-06-01 00:00:00,5.0,220631
634,2024-08-26 00:00:00,OXITETRACICLINA 20% 250 ML,250 ML,OXITETRACICLINA,2025-08-01 00:00:00,5.0,367
635,2024-08-26 00:00:00,BABECIDE,250 ML,DIMINACENO DIACETURATO,2027-04-01 00:00:00,10.0,24110302
636,2024-08-26 00:00:00,DIAREEX H  100CC,100 CC,dimetridazol; sulfametacina; trimetropin,2027-04-01 00:00:00,4.0,24190101
637,2024-08-26 00:00:00,OXITOCINA,500 ML,OXITOCINA,2027-03-01 00:00:00,1.0,2402037
638,2024-08-26 00:00:00,D-PAST 100 GRS,100 GRS,PASTA DESCORNADORA,2024-08-01 00:00:00,2.0,2208
639,2024-08-26 00:00:00,"RICOBENDAZOL  (GENE VET)17,5% ",500 ML,ALBENDAZOL SULFOXIDO,2025-01-01 00:00:00,5.0,L352
640,2024-08-26 00:00:00,BFOX VITAMINAS,500 ML,VITAMINAS,2027-03-01 00:00:00,3.0,1675C
641,2024-10-04 00:00:00,SILLAS DE MONTAR,DE NYLON BLANCAS,NINGUNO,,1.0,
642,2024-10-04 00:00:00,SUDADERAS FIELTRO MONTA,UNIDAD,NINGUNA,,7.0,
643,2024-10-04 00:00:00,silla de montar de cuero,unidad,0,,1.0,
644,2024-10-04 00:00:00,FRENOS PARA MONTA,UNIDAD,NINGUNA,,1.0,
645,2024-10-04 00:00:00,frenos para burro,unidad,0,,3.0,
646,2024-10-04 00:00:00,ESTRIBOS PARA SILLAS DE MONTA,PARES,NINGUNO,,1.0,
647,2024-10-04 00:00:00,ESTRIBOS DE METAL,PARES,0,,1.0,
648,2024-10-04 00:00:00,ARCION # 50 PARA MONTA,PARES,NINGUNA,,7.0,
649,2024-10-04 00:00:00,CINCHAS TAPA DE CUERO PARA MONTA,UNIDAD,NINGUNA,,3.0,
650,2024-10-04 00:00:00,CORREAS PARA SINCHAR MONTA,PARES,NINGUNA,,8.0,
651,2024-10-04 00:00:00,CABEZALES PARA MONTA,UNIDAD,0,,7.0,
652,2024-10-04 00:00:00,COBIJAS MONTA,UNIDAD,NINGUNA,,7.0,
653,2024-10-04 00:00:00,RIENDAS NYLON  MONTA,UNIDAD,NINGUNA,,3.0,
654,2024-10-04 00:00:00,OVEROLES (MALETINES  DE MONTA),UNIDAD,0,,2.0,
655,2024-10-09 00:00:00,VOLTIMETRO DIGITAL HAGROY,UNIDAD,0,,2.0,
656,2024-10-09 00:00:00,CARGADOR ELECTRICO PARA GENERADOR DE CERCO ELECTRICO  WIRE PLUS,UNIDAD,0,,3.0,
657,2024-10-09 00:00:00,CERCO ELECTRICO GANADERO TAURUX HAGROY 40K,UNIDAD,0,,1.0,
658,2024-10-09 00:00:00,CERCO ELECTRICO GANADERO TAURUX 80K,UNIDAD,0,,1.0,
659,2024-10-17 00:00:00,AISLADORES  DE VARILLA C. PTTL,PAQUETES DE 50 UNID,0,,1.0,
660,2024-10-17 00:00:00,AISLADOR DE ARAÑA C.PTTL,PAQ DE 50 UNID,0,,2.0,
661,2024-10-17 00:00:00,AISLADOR DE ESQUINA C.PTTL,PAQ DE 50 UNID,0,,1.0,
662,2024-10-17 00:00:00,MANILLAS PARA FALSO C.FIJA,UNIDAD,0,,5.0,
663,2024-10-17 00:00:00,TERMILALES PARA CPTTL,UNIDAD,0,,5.0,
664,2024-10-17 00:00:00,ALAMBRE C.FIJA,ROLLO DE 1000 MTS,0,,2.0,
665,2024-10-17 00:00:00,CARRETES CERCA PORTATIL,UNIDAD,0,,5.0,
666,2024-10-17 00:00:00,CORDON CERCA PORTATIL,ROLLO DE 500 MTS,0,,5.0,
667,2024-10-31 00:00:00,VARILLAS CERCA PORTATIL,UNIDAD,0,,100.0,
668,2024-12-06 00:00:00,COMBIBAC R8 250 ML,250 ML,VACUNA,2026-10-01 00:00:00,6.0,co2410002
669,2024-11-16 00:00:00,AISLADORES  DE VARILLA C. PTTL,PAQUETES DE 50 UNID,,,8.0,
670,2024-11-16 00:00:00,RICOBENDAZOL ALDOR  17% 500ML,500 ML,,,25.0,
671,2024-11-16 00:00:00,babecide,100 ml,,,20.0,
672,2024-11-16 00:00:00,CEPTIFUR 100 ML,100 ml,,,4.0,
673,2024-11-16 00:00:00,LEPECID  400ML,400 ML,,,5.0,
674,2024-11-16 00:00:00,MIVIFOX,500 ML,,,4.0,
675,2024-11-16 00:00:00,TILOSINA 200,100 mg,,,5.0,
676,2024-11-16 00:00:00,EDIPRIM,UNIDAD SOBRE,,,2.0,
677,2024-11-16 00:00:00,CYTHAMOS 1 LTS (POUR-ON),1 ltr,,,25.0,
678,2024-11-07 00:00:00,AFTOGEN OLEO,100 ML 50 DOSIS,VACUNA,2025-01-01 00:00:00,26.0,"0,086956521739"
679,2024-11-07 00:00:00,RAB/FORTE,100 ML 50 DOSIS,VACUNA,2026-05-01 00:00:00,26.0,CER240504-1
680,2024-11-07 00:00:00,COMBIBAC R8 250 ML,250 ML,,2025-09-01 00:00:00,,CO2309004
681,2024-11-07 00:00:00,OXITETRACICLINA 20% 250 ML,250 ML,,,8.0,
682,2024-11-07 00:00:00,DIAREEX H  100CC,100 CC,,,5.0,
683,2024-11-07 00:00:00,REPROFORTE  100 ML  (20 DOSIS),100 ml,,2026-01-01 00:00:00,23.0,YB240101-1
684,2024-11-07 00:00:00,ARETES MOSQUICIDAS,UNIDAD,0,,100.0,
685,2024-11-30 00:00:00,RIBENZOL,250 ML,SULFOXIDO DE ALBENSDAZOLE,,1.0,
686,2024-11-30 00:00:00,RICOFORT,500 ML,RICOBENDAZOLE 18% 500ML,,1.0,
687,2024-11-30 00:00:00,COMBIBAC R8 250 ML,250 ML,VACUNA,,6.0,
688,2025-02-27 00:00:00,fluazuron,"env de 2,5 lts",inhibidor de crecimiento de garrapatas,2027-04-01 00:00:00,9.0,
689,2025-02-27 00:00:00,DORAX,1 Ltr,DORAMECTINA 1%,2025-08-01 00:00:00,2.0,2337345
690,2025-02-27 00:00:00,babecide,100 ml,0,2027-07-01 00:00:00,2.0,24190102
691,2025-02-27 00:00:00,DICLOVET  100ML,100 ml,DICLOFENAC SODICO,2027-08-01 00:00:00,3.0,189
692,2025-02-27 00:00:00,DEHORNING PASTE,114 GRM,PASTA PARA DESCORNE,2027-11-01 00:00:00,1.0,
693,2025-02-27 00:00:00,TILOSINA 200,100 mg,TILOSINA AL 20%,2027-09-01 00:00:00,2.0,24450306
694,2025-02-27 00:00:00,SOLCOM,200 ML,ISOMETAMIDIUM,2025-10-01 00:00:00,2.0,1759
695,2025-07-16 00:00:00,cwp aro y arnes,juego de dos pz,ninguno,,15.0,
696,2025-07-16 00:00:00,CWP cinta de goma para arete,unidad,ninguno,,15.0,
697,2025-07-16 00:00:00,cwp correas para uso de collar bovinos,unidades,ninguno,,15.0,
698,2025-07-16 00:00:00,cwp juego tornillo mili con tuerca de seguridad y arandelas,unidad,ninguno,,15.0,
699,2025-07-16 00:00:00,cwp macho para aretes ,unidad,ninguno,,15.0,
700,2025-07-16 00:00:00,cwp tornillo tirafondo roscable manual,unidad,ninguno,,15.0,
701,2025-07-30 00:00:00,tattoo ink,unidad de 3oz,0,,1.0,
702,2025-07-30 00:00:00,cocxivet 5%,250 ml,TOLTRAZURIL AL 5%,2027-11-01 00:00:00,4.0,2411
703,2025-07-30 00:00:00,flunik,100 ml,flunixin / megumina,2028-04-01 00:00:00,2.0,2503075
704,2025-07-30 00:00:00,anapox/200,250 ml,oxitetraciclina,2028-04-01 00:00:00,3.0,2503069
705,2025-07-30 00:00:00,CEPTIFUR 100 ML,100 ml,CEFTIOFUR 50 mg,2027-04-01 00:00:00,4.0,1595
706,2025-07-30 00:00:00,triamcinolona,10 ml,triamcinolona,2027-03-01 00:00:00,2.0,3446
707,2025-07-30 00:00:00,triamcinolona,10 ml,triamcinolona,2026-03-01 00:00:00,3.0,3446
708,2025-07-30 00:00:00,descornol,60 gr,0,2027-07-01 00:00:00,2.0,DP0724002
709,2025-07-30 00:00:00,DICLOPEN,ESTUCHE,ANTIBACTERIANO DE ALTO ESPECTRO,2027-07-01 00:00:00,4.0,2401-0011
710,2025-07-30 00:00:00,FURODEX 100 ML,100 ml,FUROSEMIDA-DEXMETASONA,2026-03-01 00:00:00,2.0,128
711,2025-07-30 00:00:00,TRIBAX 7%,100 ML,DIMINACENO,2026-03-01 00:00:00,4.0,23060690
712,2025-07-30 00:00:00,BABECIDE,250 ML,DIMINACENO DIACETURATO,2027-11-01 00:00:00,5.0,24110308
713,2025-07-30 00:00:00,GUSANACUR,360 ML,CLORPIRIFOS,,4.0,
714,2025-10-13 00:00:00,modificador organico,500 ml,vitaminico,2026-11-28 00:00:00,2.0,2028
715,2025-10-14 00:00:00,boldedona /reveex,250 ml,boldedona undecilenato,2027-01-01 00:00:00,2.0,24010012
716,2025-10-09 00:00:00,moxical,500 ml,moxidectina,,5.0,
717,2025-10-09 00:00:00,EVIGEST,1 ML,ANTICONSEPTIVO,,5.0,
718,2025-10-09 00:00:00,LEPECID  400ML,400 ML,0,,5.0,
719,2025-10-09 00:00:00,BABECIDE,250 ML,DIMINACENO DIACETURATO,,5.0,
720,2025-10-09 00:00:00,DIAREEX H  100CC,100 CC,dimetridazol; sulfametacina; trimetropin,,5.0,
721,2025-10-09 00:00:00,FENVET,1 LTR,FEBENDAZOL,,5.0,
722,2025-10-09 00:00:00,TRABUCO,200 ML,INDICUS,,10.0,
723,2025-10-09 00:00:00,CEPTIFUR 100 ML,100 ml,CEFTIOFUR 50 mg,,5.0,
724,2025-10-09 00:00:00,DICLOVET  100ML,100 ml,DICLOFENAC SODICO,,5.0,
725,2025-10-09 00:00:00,FURODEX 100 ML,100 ml,FUROSEMIDA-DEXMETASONA,,2.0,
726,2025-10-09 00:00:00,fynacol,50 mg,flunixin meglumine,,5.0,
727,2025-10-20 00:00:00,modificador organico,500 ml,vitaminico,2026-05-02 00:00:00,2.0,1880
728,2025-10-20 00:00:00,COMBIBAC R8 250 ML,250 ML,VACUNA,2026-12-01 00:00:00,4.0,CO2411019
729,2025-10-20 00:00:00,REPROFORTE  100 ML  (20 DOSIS),100 ml,"LEPTOSPIRA, IBR, DVB, CAMPYLOBACTER FETUS",2026-08-01 00:00:00,5.0,YB240804-1
730,2025-10-31 00:00:00,OXITOCINA,500 ML,OXITOCINA,2027-09-01 00:00:00,1.0,2058
731,2025-10-31 00:00:00,REPROFORTE  100 ML  (20 DOSIS),100 ml,"LEPTOSPIRA, IBR, DVB, CAMPYLOBACTER FETUS",2026-08-01 00:00:00,10.0,yb240804-1
732,2026-02-25 00:00:00,CALBOMAX (ENDECTOXIDA-GARRAPAT 500 ML),500 ML,DORAMENTINA 1%  500ML,2028-01-01 00:00:00,1.0,250758-1
733,2026-02-25 00:00:00,LEPECID  400ML,400 ML,0,2026-12-01 00:00:00,4.0,"2,1666666667"
734,2026-02-25 00:00:00,Moxical,100 ml,moxidectina 1%,2028-03-01 00:00:00,1.0,250358-1
735,2026-03-19 00:00:00,MINERFUN 500 ML,500 ML,VITAMINAS Y MINERALES,2028-11-10 00:00:00,3.0,2287
736,2026-03-19 00:00:00,arete plastico ovino,paquetes 100 unid,no aplica,,3.0,
737,2026-03-19 00:00:00,MASTICEN-AL5  paq de 01 doc,01 doc,POMADA INTRAMAMARIA COLOR ROJO,2028-06-01 00:00:00,2.0,25351006
738,2026-03-19 00:00:00,MASTICEN-secado  paq de 01 doc,01 doc,POMADA INTRAMAMARIA COLOR ROJO,2028-06-01 00:00:00,2.0,25361006
739,2026-05-14 00:00:00,maximus (Z) garrapaticida,500 ml,fluazuron/ ivermectrina,2028-05-01 00:00:00,25.0,JV-250520-1
740,2026-05-14 00:00:00,CALBOCOX  250 ML,250 ml,TOLTRAZURIL AL 5%,2028-05-01 00:00:00,5.0,OD 250509-1
741,2026-05-14 00:00:00,DIAREEX H  100CC,100 CC,dimetridazol; sulfametacina; trimetropin,2029-02-01 00:00:00,3.0,26190101
742,2026-05-14 00:00:00,Jeringa reusable con dosificador veto (10cc),unidad,10 cc,,2.0,
743,2026-05-14 00:00:00,AGUJA REUSABLE 14*1/2,unidad,HIPODERMICAS USO VET 14X1/2,,16.0,
744,2026-05-14 00:00:00,AGUJA REUSABLE 16*1/2,unidad,HIPODERMICAS USO VET 16X1/2,,17.0,
745,2026-05-14 00:00:00,orines para castrar ovinos,unidades,0,,90.0,
746,2026-06-25 00:00:00,ivegest,unidad,inividor de celo mascotas (acetato de medroxiprogesterona),2027-06-01 00:00:00,6.0,002/25
747,2026-06-25 00:00:00,VENENO PARA ROEDORES CHINO,UNIDAD,DESCONOCIDO,,10.0,
748,2026-06-25 00:00:00,POWER GOLD,UNIDAD,FLURALANEL (DESPARASITANTE PARA MASCOTAS),2028-08-01 00:00:00,10.0,029/5
749,2026-06-25 00:00:00,OXITETRACICLINA 20% 250 ML,250 ML,OXITETRACICLINA,2028-12-01 00:00:00,2.0,251220-1
750,2026-06-25 00:00:00,LEPECID  400ML,400 ML,0,2027-04-01 00:00:00,5.0,0029/25
751,2026-06-25 00:00:00,DIAREEX H  100CC,100 CC,dimetridazol; sulfametacina; trimetropin,2029-02-01 00:00:00,4.0,26190101
752,2026-06-25 00:00:00,FURODEX 100 ML,100 ml,FUROSEMIDA-DEXMETASONA,2027-12-01 00:00:00,2.0,144
753,2026-06-25 00:00:00,fynacol,50 mg,flunixin meglumine,2028-04-01 00:00:00,2.0,128
754,2026-06-25 00:00:00,DICLOVET  100ML,100 ml,DICLOFENAC SODICO,2029-05-01 00:00:00,2.0,209
755,2026-06-25 00:00:00,CEPTIFUR 100 ML,100 ml,CEFTIOFUR 50 mg,2028-11-01 00:00:00,2.0,2511-0399
756,2026-06-25 00:00:00,CALBOCOX  250 ML,250 ml,TOLTRAZURIL AL 5%,2028-09-01 00:00:00,5.0,od250911-1
757,2026-06-26 00:00:00,guantes de inseminación,caja de 100 unidades,para palpar,,1.0,
758,2026-06-26 00:00:00,CURAMIC PLATA SPRAY,440 ML,0,,1.0,
