archivo,columnas,filas_datos,tamano_bytes
_4cuartos.csv,4,283,9110
abortos.csv,4,39,1770
aretes_plasticos.csv,4,386,14005
clasificacion_animal.csv,4,260,8704
clasificacion_potencial.csv,3,479,16181
cowpro.csv,6,387,19596
descarte.csv,4,62,1922
descorne.csv,4,1012,33723
destetes.csv,5,880,38030
errores_de_pegado.csv,7,1,111
evaluacion_ordeño.csv,7,6208,337974
finca_ubicacion.csv,4,5141,223126
grupo_etareo.csv,4,3552,136354
hierro.csv,3,1800,53451
insumos_acces.csv,8,449,37253
inventario_cow_pro.csv,7,0,61
lote.csv,4,7745,289210
mortalidad.csv,9,730,74662
mortinatos.csv,4,41,1484
nacimientos.csv,6,1866,101484
observaciones.csv,2,1888,73908
ordeño.csv,15,4454,326351
pago_personal_2026.csv,20,89,11115
pagos_personal_23_25.csv,9,1171,133237
palpaciones.csv,11,3979,248969
partos.csv,12,1385,105627
pesaje_de_leche.csv,9,6960,590515
peso_romana_kg.csv,5,13176,516758
pia.csv,9,160,7346
sangrado_ps2024.csv,4,422,14243
secado.csv,4,887,28578
suero.csv,5,5,257
tatoo.csv,5,1131,41924
traslados_ext.csv,9,2602,136854
tratamientos.csv,5,11377,740127
ubicacion_potrero.csv,4,22741,814617
ventas.csv,4,104,3653
