id,nro_animal,fecha_mortinato,cria_mortinato
29,6037,2024-12-30 00:00:00,24301
30,2340,2024-12-02 00:00:00,24293
31,8066,2024-11-26 00:00:00,24267
32,8072,2024-11-22 00:00:00,24257
33,80921,2024-10-15 00:00:00,24241
34,9067,2024-09-18 00:00:00,24227
35,2051,2024-07-07 00:00:00,24175
36,8032,2024-06-26 00:00:00,24192
37,0294,2024-02-24 00:00:00,24057
38,9032,2024-01-29 00:00:00,24026
39,9137,2024-01-26 00:00:00,24022
40,9904,2023-12-27 00:00:00,23245
41,8066,2023-12-11 00:00:00,23226
42,9,2023-11-12 00:00:00,23213
43,1161,2023-10-25 00:00:00,23205
44,4147,2023-10-10 00:00:00,23199
45,S/ND,2023-08-31 00:00:00,23161
46,BU063,2023-08-23 00:00:00,BU73
47,9023,2024-12-25 00:00:00,24305
48,0294,2025-02-05 00:00:00,25019
49,0233,2025-03-24 00:00:00,25057
50,1096,2025-04-09 00:00:00,25072
51,2042,2025-04-19 00:00:00,25079
52,2500,2025-04-30 00:00:00,25092
54,0305,2025-04-30 00:00:00,25094
55,9051,2025-05-30 00:00:00,25160
56,2153,2025-09-27 00:00:00,25228
57,J422,2025-10-16 00:00:00,25245
58,3750,2025-12-08 00:00:00,25297
59,2137,2025-12-08 00:00:00,25298
60,9110A,2025-12-02 00:00:00,25312
61,5679,2026-01-02 00:00:00,26002
62,22171,2026-01-04 00:00:00,26004
63,9103,2026-01-28 00:00:00,26039
64,2200,2026-02-23 00:00:00,26070
65,0304,2026-03-06 00:00:00,26078
66,pend24,2026-03-30 00:00:00,26099
67,7092,2026-01-15 00:00:00,26018A
68,8054,2026-07-04 00:00:00,26179
69,0338,2026-09-09 00:00:00,26201
70,2037,2026-09-09 00:00:00,26202
