nro_animal,observaciones
24174,luego de ser declarada muerta el 15/09/24  (muerte emponzoñamiento) reaparecio en La Parcela el 04 de ago 2025. horas de la noche.
25146,criada por girasol
25172,muerto recien nacido en mod 02 reportado por Abraham
20001,vaca comprada a carlos ordeñador 280825/  dice tener 1 parto / esta preñada/ nacio 2020/
24178,ultimo nro difuso
24238,roj nro difuso
0313,se le murio la cria 25171 150925/
25208,morocho del 25209/  no se ve nro 140726
25209,morocho del 25208/ madre 2095A
25227,parto distocico
25199,"criado por una nodrisa, la madre lo abandono"
25045, rojo limpio/ sute
BU2507,tips nervioso (baila regueton)
5210,pintado/
pend49,pntaddo cenizo brito /lomo nro 1616 Brito/
J25001,EN EL LOMO 25001_2
25265,TATOO ALBERTO
25266,TATOO ALBERTO
25267,TATOO ALBERTO
25268,TATOO ALBERTO
25269,TATOO ALBERTO
25270,TATOO ALBERTO
25273,MARR/ TATOO ALBERTO
25253, BL CBZ ROJ/ TATTO SHYS
25254,TATTO SHYS
25255," ROJ, TATTO SHYS"
25256,TATTO SHYS
25260,TATTO SHYS
25261,TATTO SHYS
25262,TATTO SHYS
25264,TATTO SHYS
24259,MARR / CARA NEG/ peluda nor 9 borroso
24287,marr
25012,neg/ papd pint/
25020,bl
25022,ama
25024,gris
25027,bl ama/   el 16/4/26  se traslado a SS llevada por Reinaldo
25030,bl
25034,bl
25036,pint
25039,rojo
25040,rojo bet
25050,marr cara negra
25052,roja pint
25053,bl ama
25054,roj
25055,bl
25056,ama
25058,ama bet
25059,neg papada pint
25061,marr
25066,marr
25067,ama osc cara oscu
25068,ama
25069,roj limp papd pint
25070,pint
25074,roj lucero peluda
25075,ama
25076,ama suave
25082,roj
25088,gris burro
25095,marr
25099,marr suave
25100,roj
25101,rpj lunar der
25102,gris pint
25107,roj lunar der
25108,marr
25109,rojo sucio
25112,roj pelud chispeada en papad
25116,roj cara gris
25121,barcina
25124,ama
25126,bl/ ama/ criado por guariqueña (8033)
25129,neg
25130,roj
25134,ama claro
25135,marr pelud feo
25139,roj
25141,marr lucero
25145,bl cara oscura
25155,roj pap`pint
25158,bl error en oreja
25159,bl/ dspt y quem de cach 28/5/26
25167,bl
25184,neg nro difuso
25190,roj
J25002,ama bet (debajo del Nro lomo el nro 2 indica que es de una vaca de Juan)
J25049,AMA BET
J25132,ROJ BET
24136,MANCHADO
25037,MANCHADO
25164,ROJ / LUCERO GDE
8036,NEG PENACHO ROJ
25272,tatuado x carlos /descorne johandri
25274,tatuado x carlos /descorne johandri
2196A,ama/ SANG 140123
6043,"combo140123/ carvicel 250223/ se cambio registro a ""6043"""
2171,BcMto no apoyo 060323
3021A,nro  borroso/ se le aplico 4 pomos de secado 100823/ 
2169,"gris TG/  renca240123 nro ""9"" difuso/ postrada en m6 se coloco tratamiento 090923/ se mantiene postrada 100923/ se sacrifico y se salvo el becerro 110923 /"
2021,3er parto 271123/
60286,NEG CC ubre bella 60286 (2086)
3003A,bl/ DMAX/SANG/180123/ SECAR180123/ 
2226,bl sucio TG/RENCA 100223/renca 150223/ 3 pomos de secado 130723/monta nat car2 el 060224/
7028,NEG
2133A,PARIO MOROCHOS 251023/
2124A,BL CARA NEG/
31102,BL/ SECA 120223/ LPE 100723/ NRO CV  RARO/
SNA,se mando a secar y luego se mando pm lsv
2208A,GRIS CARA NEG
9389,SE APLICO MEDICMENTO 130123/ carvicel 250223/ secar 170423 becerro se murio/
6035,DTMSX/SANG140123
2148A,gris/ SE PASO A LSVB 100223
3107,NEG CACHO PA BAJO/ adopta 26045 210226
0740,marr beteada/  DMAX/DIM/MIN/SANG140123/carvicel250223
2083,BL
3026A,bl TG /2/4 para el becerro/190123/SECAR200123/ aborto a rermino en los mangos/
2234,bl TG/
4007,remarcado trapo viejo 070223/ pm lsv 041223 /separada del bec 210324/
2050,DMAX/SANG180123/SECAR 300123/ llenando 050523/pario M10/
4079,LSP 120923
4101,DMAX/SANG/140123/ secar 250323/ correccion hijo antes 2152  050523
3750,inseminacion/ en celo 010623/
2047,BL/ pm lsv 221123/ secar 230124/  hacer lavado 290524/
5033,BL CC CURVO
4147,1CLOD/POSIBLE QUISTE/SANG180123/ Carvicel250223/ murio el becerro (mortinato) 101023/
6011,combo/sang/140123/carvicel ;  se corrigió el nro 250223/ sang 230623/
4087,NEG CC
4151,1/4 al becerrro vaca lote elite se ordñ amarrada/ SANG140123/ seca 170423/
2094A,1/4 al becerrro/ MIASIS EN VULVA 100223
2219,DMAX/SANG/180123
4055,DMAX/SANG/180123/ pm lsv 041223//separada del bec 210324/
2063A,"el Nro ""6 "" difuso"
1015,bl/  DMAX/SANG/140123
2149A,"NOTA: EL ""9"" cachapeado se confunde con ""8""1/4 al becerrro/SECAR130123"
5010,ANTES 3040  se lee 5040/
5679,1579 (5072)/DMAX/MIN/SANG140123/ BEC RENCA 120223
7083,ESTA LIMANDO SUCIO 130123/ hacer lavado 290524/
0128,plateada sucia nro borroso/
9605,"2/4 al becerrro, vaca vieja  9605 (borroso)/sang140123/RENCA 120223/ carvicel 250223"
4018,SANG 140123/ RENCA 100223/ cow pro cambio de oreja 140525/
50741,BL SUCIO CC CARA NEG/ ENF PODAL 20/4/26
5144,GRIS TG/ PMLSV 070223/ parto distocico 140723//separada del bec 210324/
S/NB,negra con lucero gde blanco/ 4/4 al becerro/sang190123/separada del bec 210324/
3066A,4/4 al becerro  vaca brava se mando con lote  vacio con toro/ si no tiene bece al pie matar/murio en SS/
3066B,bl/mocha de  cola  / antes 3046 230623/los nro 6 difusos/
6021,DMAX/SANG190123/ pm lsv 070224//separada del bec 210324/piel de culebra nro pegado 140624/
4025,"GRIS TG /nro borroso/  becerro Muerto oct 22/ANTES 4025/ SANG 180123/ paso 130723/se cambio nro en registro antes ""4685"" Sarahys 131213/murio bec 9/12/24"
5070,PESONES  LESIONADOS  061222  /BENEFICIO 090123 PESO 456KG /murio en SS/
EMB 1,no da leche/ mama de rojo
EMB 2,"pintada/  POSIBLE NITRITIS, LIQUIDO 070223"
0500,neg/  pario en M10
22116,pasa a mauta 100823 / ENNUM 120923
22119,AMA SUAVE BET CC
2129,"sintomas : salibación, decaimiento, perdida de apetito /murio en SS/"
22149,CHISP
2141,bl. Ama/ 72k  ennum 040323/
22126,BL PINT PENACHO ROJ
22120,AMA
2138,cambio GE 010523
2004,neg bet lomo lagarto /
2147,"sintomas : salibación, decaimiento, perdida de apetito /murio en SS/"
21391,ama suave MANCHADA/
2053,NEG CON CHISPA/ INSEMINACION
22118,neg /EL 8 DIFUSO/ se tatuo nro de madre.
2019,AMA SUAVE   tg  PENACHO ROJ/ PASA a mauta 220223/ se ennumero y peso 77K 040323/
22085,ROJ TG OSC
2048,neg/92k  ennum 040323/ cambia mauta 200423/paso pero no peso 230623/
2143A,ama bet/ EL 3 PARECE UNA C AL REVEZ/
22150,se cambio sexo y GE 040226
22151,ROJ/ mauta 292623/
2140,MANCHADA
22121,ROJ . CC
2174,MAM BETEADA    tenia nro en oreja iz. 050523
2011A, /murio en SS/
2153,marr suave /  con cacho 
2146,LUCERO manchas bl/ INSEMINACION/ pasa amaute  050523 /pasa a novilla 010224/
2145,ROJ CLARO CC
2137,ENNUM 050523
2154,ama/ dtt 200423/ ENNUM 050523/
22125,pasa a maute 020823/ ENNUM 120923
22115,BL COLETO
22142,AMA OSC
2155,MARR TG
22117,AMA PALIDO/ CONFIRMAR SEXO 100323/ ddt y pasa amauta 95Kg 240523
2042,RROJA TG  /  eliminar berrugas 190523/ INSEMINACION/ criando hijo de rata blanca (25073) 230525/
22157,ama / lucero/
22158,rojo cuello oscuroel 8 difuso
2022,ENNUM 050523/ INSEMINACION
2159,pintado / ENNUM 050523/ se envio con mautas 130723 /ss-ca 261023/ 
22161,NEG SC
22131,ROJ/ mauta 290623/
22105,NEG/   se tatuo nro mama 040523
22122,ama oscuro /nacio en lagunon…/ la madre murio el 27/03/23/ pasa a maute 25/04/23 / plnificar ennumerar 130723// ENNUM 120923
2162,ennume 050523
22112,ROJ SUAVE CC
2123, /murio en SS/
2124, /murio en SS/
2127, /murio en SS/
22132,pintado puro/ ENNUM 120923
2133, /murio en SS/
2134, /murio en SS/
2148,paso  maute 220223 (NO APARECEN) 241123
S/NC,neg y bl MINERAL 240123/ SE LE MURIO EL BECERRO 071023/
2093A,peluda/se le murio el hijo mal calostrado el 221124/
2130,INSEMINACION/ en celo 220323
0132,neg/ criando cria de zamura (25091)
4075,ama tg  PELUDA. QLO
2073,RET. DE PLACENTA PARIO EN MOD03
2143,ama /COMBO/sang180123/ pario M10 
3043,EN CELO EL 190323
0138,cachona  BEC MUERTO  / DESCARTE  NO DA NI PAL BEC   BENEFICIO PESO 395KG /murio en SS/
2209A,"carora bonita y brava/ nro ""2"" difuso"
22164,"ROJ , OSC, TG, CC"
2165,"desceso por no recogerlo, recien nacido, a tiempo del potrero  /murio en SS/"
22166,NEG MANCHA PAPADA
4073,blanca se parece a la 3066 q tambien es brava
22114,"ama claro/  nro en oreja se corrigio sexo 250423/ se quedo con mautas 130723/ ennumerado 251023 se cambio de nro antes ""2114""/ss-ca 261023/ "
3119,BL BETEADO TG/  LSP 120723/ 1 POMO DE CKD 130723/ aborto 100925/
9904,se le murio el Becerro el  el 27/12/23 /  LSV 200324
2025A,PMLSV   120723/ LSV 120923 / limando 230124/
2136,"sintomas : salibación, decaimiento, perdida de apetito /murio en SS/"
22135,/ ENNUM 120923
2096,en celo 220223/carvicel250223/ PM LSP 120723 / LSP 120923
4047,3 /murio en SS/
2173,pasa a maute 220223 (NO APARECEN) 241123
2,marr.
1033A,bl / llenando 050523/ vacunada 130723
10391,BL.  PQ. REMARK  100323/ avanzada 230623/ pario novilla/LBB 10723//separada del bec 210324/
1056A,"bl oscura/ pario en M5 cc  3,25/ PM 050523"
1077A,RENCA DEL IZ UBRE PQ 240123
1089,bl/ aborto 100323/ /murio en SS/
1090A,"RENCA, DIMI/TETRA/MIN/MAG 300123 / LSV 120923"
1091A,BL. SC/amzdaxangel/
1112A,/ llenando 050523/ se le murio el bec 230924/ murio bec recien nac el 9/8/25
1117, BL BRAVA /LSV 120923 / (LA MOROCHA) pm lsv 070224/
1119,BL /murio en SS/
1128,MARR/ CACHO PA LANTE/ celo 190823 /
2051,MARR nro borroso/ limo sucio/ mortinato 7/07/2024
2072,ROJO LIMP UN CACHO VACA con pezon ciego pario en M10
214E,AMA OSC. CARA NEG./MACHORRA  ANDROGENIZAR  061222/ EN PIA DESDE 010323
2177A,color chocolate rojizo/ pario M10/mastitis 100723/ perdio la ubre 190823/ LSV 141223/
2217,PM LSV 230823//separada del bec 210324/
2224,marr/ CASCOS 300123/separada del bec 210324/
2340,NEG / PORNER HORMONAS 061222/ pario en manafalfa 080823 / pm lsv 070923/separada del bec 210324/
3015,MARR./renca 080323/remarcada 100323/ aborto de 7 mes/ celo 130723
3028A,BL. SUCIO/ t.g./
3038A,pario en M5  cc 3/
3093,MARRON/ pm lsv des 130423 / LSV 141223/presunto aborto 260924
3178,NOVILLA Q PARECE VIEJA/ RENCA 100223/ pm lsv 230623/ LSV 120923
3969,clod. Neg . 070223/carvicel 100323/ apartada para tto 230623/
40072,MARR CACHO NORMAL/REGISTRADA 070223/ resgitro nombre 160623/ celo 020823/ pm lsv 221123/separada del bec 210324/
4008,NEG/ REMARC
4023,gris/
4033,BL/ remarcada 070223 en celo 050523/
4053,MARR ROJISO/ LSV 141223/ PM LSV 210224/ 
4066,BL/   estaba en lote de ordeño 240523/ LBB 100723/ pmlsv 310723/
4076,T.G: GRIS
4078,bl /FLACA
4099,CC
4100,"BL SUCIA/ PARTO EN MOD 6,  CC 3,75/"
4109,GRIS /coleto sucio/ pmlsv 190823/separada del bec 210324/
4141,"BL, PENACHO y espalda AMA. / secresion vulvar, parasitos 250423/ novilla pario M10 010523/ bec pm 230523/"
4172,bl sucio/ CC
5007,ama palido. TOPA/BRAVA 061222
5016,BABE ;POSIBLE ABORTO; TIENE UN TUMBAO EXTRAÑO 210123/ descarte 080323 /murio en SS/
5035,MARRON221222  PARTO EN LOS MANGOS/RENCA120223/ LSV 120923
5041,ROJA CLARA/becerro muerto se mando el 23/11/22 con lote  vacio con toro (involucion uterina)/EN CELO 070223/ CARVICEL 100323
50501,BL CARA Y ANCA OSCURA/  remarco 50501/ llenendo 050523/ bec pm 230523/
5052,AMANCE 300123/ secrecion como lokio en la base de la cola. 280323/ pario M10/AMZDAXCARLOS/en celo 7/7/23
5060,AMA. Se confunde comn la 5050
5072,ES 2DOparto no mejoro la producccion y no se amansa 080223 / UBRE REGULAR /LSP 120923/ la Bec muy debil y por no mamar se seco 161223/
5074B,DESCARTE DA SOLO PARA E BEC. BENEFICIO 090123  PESO 488KG /murio en SS/
5076,ama suave/ sindrome genio 100723/amance walter y Antonio/
5077,"BL/ pario en M1 cc 3,75/AMZDAXCARLOS/nombre 081123/celo 091224/"
5082,PELUDA RENCA 061222 CACHO FINO/RENCA AMANCE 240123/ PARIO EN LAGUNON/ se murio cria 25198 - 020925
5090,GRIS TG
5092,"BL. T.g./ pario en manalfalfa 080823 / pm lsv 070923/separada del bec 210324/ se le murio uno de los morochos 24199, 181024"
5150,BL SUCIA/ Bec.Mto
6003,MARR. CHISPEADA  peluda /
6008,AMA SUAVE/ ERNI DER CC CARA NEG
60181,"pintada/  CC 3,5  200323"
6024,PROX A DESCARTAR 061222 /murio en SS/
6025,NEGRA  /abandonó el hijo /
6031,BET. AMA Y BL /AMANZAR  061222/ LBB 100723/  pmlsv 310723//separada del bec 210324/
6070,BL UN CACHO
7012,roja/  AMANZAR  300123/AMZDAXCARLOS
7059,AMA BETEADA/AMANZAR  300123/ amzdaxangel/
7067,ROJO OSC
7074,/blanca cacho pa tras /
7076,MARR  BETEADA TG./ PARIO NOVILLA 200723/ amnace Nelson/
7077,"ama manchada topa/parto en Mod  10,    CC 3,75/ amzdaxangel/"
7080,"AMANZAR  300123/ pario M5 cc 3,5/ / LSV 120923"
7087,roja suave  /EN ORDEÑO 061222
7092,BL. T.G  / CC
8046,amance 020923/ cow pro cambio de oreja
8051,BL SUCIO/ AMANZAR 300123/ pario M10/ se le murio el bec al nacer 260424/ la cria 25073 esta a cargo de la  vaca 2042
8067,AMA CLARA peluda
8338,"CREMA/ nro anterior ""8068"" se hizo el cambio 240524/"
8088,"BABE BAJA COND CORP 2,75"
8089,beis LUCERO /vaca de amance/ pm lsv 070923/separada del bec 210324/
8099,BL/en celo se ve esrengada 200423 /murio en SS/
9045,BL /VACA VIEJA 061222/ pm lsv para el potrero la cachama por brava indomable 220823//separada del bec 210324/ dejo sute al 25002/
9046,VACA VIEJA 061222/  avanzada 310523/ avanz 230623/ LPB 120723/pm 310723/
9047,"bl / renca 020424/VACA VIEJA 061222/ cachona , pario en Mod 6, CC 3,5 /"
9238,BL MANCHADA/ AMZDA XNELSON/ nombre 230823/ pm lsv 230823/ LSV 141223/
21027,MARR PELUDA/ EL CERO ESTA DIFUSO 061222 /MARRON PELUDA 221222  (21X27) LADO IZ DICE 2102/ REMARK 100323/pario en M6 no / lleno ubre pq.300323/ pmlsv 130423
0018,neg un cacho /clod. 070223/ NRO: 0018/
0143,bl/ cc/
GYRO,EMBRION REPITE CELO COLOCAR HORMONA  061222 /murio en SS/
S/ND,paso el 230623/vaca vieja se le murio el becerro mortinato 310823/
EMB 3,roja /4/4  TODAS PEZONES  CIEGO 061222/ lsv 221023/ NO SE PESO 230124/
EMB 6,NEG.
5013,MARR/ remark 100323 / BEC AL PIE 200324
9100,MARR CLARO/ TG SC
0331,novilla se paso para el lote  M5 061222/ descate 080323/ /murio en SS/
6042,"SANGRE 070223/ ANTES 6442/ se leyo ""6042"" el 230623/ se cambio registro  a ""6042"" 181023/"
S/NH,NEG Y BL/ FLACA RECUPERADA 061222/  en el parto del 260923 pario morochos y uno murio.
8014,BL/ CC
9007,AMA BETEADA/ 
4A,pario en mod3 301222/ la mamo el bec 170423/   PM LSP 120723
14,BL/ DESCARTE MATADERO 200323 /murio en SS/
1078A,SC. BL SUCIA
2090A,se le murio la cria 25046- 280325/
3027A,VACA CON DESPRENDIMIENTO DE UBRE 241222/ CON MASTITIS 200323/ pm lsp 010623
3132,AMA SUSVE UN CACHO
4034,BL CC
5062,NOV DESCARTE PARA ENGORDE/CACHAMA/ se quedo pegada en la laguna 300323 /murio en SS/
6020,PMLSV 070223
6053,GRIS/ 6052 con el 2 al reves 220323
8018,PARIO EN LOS MANGOS/PMLSV  080223
8096,CACHO FINO
9219,amarilla cachona/ RENCA DEL.DER 060223/RENCA120223/ LSV 120923
12164,abandono cria (26194) lo cria frescolita
20334,BL CARA NEG
4122,se le murio el Becerro el 031122/RENCA DEL IZ 240123/ pasa a lsv el 271023  aborto en M6/ patron de parto/ la fecha de aborto es estimada/
6067,ROJA chipeada  / se le murio el becerro el 040425/
4065,marr oscuro/ pm lsv 070923
2337,MARR LELUDA/ BABE 240123 /PM LSV 230823//separada del bec 210324/
4035,"4,25 211222/ EN CELO 27/03/23"
1095A,limando como en celo  160323/ PARIO VACA 250224/
20337,"costado iz ""20339""  antes ""20337"" correccion en sistema 100523/ EN SISTEMA 20339 041223/nuevamente cambio en sistema ahora ""20337"" 200424/"
3044A,MARR OSC/ vaca vieja/
8072,"AMA /mortinato 221124/ se quedo en vaquera criando un morocho 24255 hijo de 1079, 091224/"
7062,DESCARTE ESRENGADA 101222/COLOR TRAPO SUCIO /murio en SS/
7021,ama/  DX DEL 101222  NOVILLA 101222/ full garrapata 280323/ estaba esrengada ya se curo 290523/separada del bec 210324/
30212,"rojisa, remarcada /antes 3021B 030323/ cuernos tonicos 310323"
5027,ama sucio/ FOD 110523
5030,TTO HORM (BRAVA) 081222/ pario novilla 180124/ antes carolay/
5043,ama limpia/ REGISTRA UN SERVICIO 110523
5098,gris topa / MANZA UBRE PQ 081222/ pario novilla / LBB 100723/ pmlsv 310723/se le murio el becerro
5111,BL/  EN CELO 300123/celo silencioso/ FOD OV GDE 110523
5146,naranja/ en 4to parto  no fue reportado en su momento. (falla jf de vaquera)
6010,siempre temblando  250423/ pario novilla/ BEC AL PIE 200324
6017,marr el 6 difuso/
6022,pintada/  PASO 030423/ pario novilla 220623
6028,BL SUCIO TG/pario novilla/ EN OBS 100723/ pmlsv 310723
6037,MARR CLARA TG / novilla / antes lote LSPA BRAVISIMA 290623// pmlsv 310723/separada del bec 210324/
6050,chispeado /  EMBRION DE CRIA 081222/ FOI 110523/
7004,ama manchada /
7022,UBRE BONITA  COLOCAR HORM 081222  SE APLICO BUTROF/ pario novilla 261223/ cria  de inseminacion pia1/
7032,VACA ESPICHADA 081222/ SE RECUPERO 110523/ cria de inseminacion pia1/
7033,ama/  AMANZAR 300123/ pario novilla 210723/ amance Nelson/
7034,atrofia  miembro post iz/ C TONICOS- CLOID 110523
7049,UBRE PQ 081222/ 7044 ó 7049 el ultimo digito no se entiende GYR ama nara 280323/ reamark/ aborto
7050,NEO BORROSO V.AMARILLA 081222/ SE PASO 230124/
7052,nro borroso/ roja suave/RENCA 300123/ pasa a pia y novilla el  040423/ VENDIDA A LOS SAMANES
7061,GYR NEG/ PARIO NOVILLA DE INSEM PIA1/
7072,BL/ PASO CON LOS MAUTES pario novilla 250723/ pmlsv 190823
8002,muy manchada/ muy brava/ pario novilla
8003,roja / DESCARTE BRAVA NO AMANCE  JV 081222/ matadero 040423/ descarte 190523/ no c vacuno 130723/pasa a novilla 130723 / pario novilla 160124/ pm lsv 070224/
8004,ama sucio tg/ avanzada 310523/ avanz 230623/ pario novilla 150723// pm lsv 070923
8005,ROJA /arreglo podal sindrome de genio 300523/ pario novilla 280623/  LBB 100723/ pmlsv 310723
8007,ROJA /ama brava /peluda/AMANZAR 300123/ pario en M6/ bec pie 230523/ paso 230623/en celo 090823// LSV 141223/
8010,novilla 
80121,pario en cahamas y los zamuros  mataron el bec.
8013A,(EL NRO 1 ERA UN 6 Q SE DEFORMO) 081222/NOVILLA PARIO M10 /murio en SS/
8013,BL  sucio PINTADA der 80X3/ / nro (80X3) secresion sangui heces 250423/ registrada en sistema 300623/ nro repetido/ pmlsv 310723/
8016,roja chispeada en papada/ Se entrego muerta a renzo/ (confundida con otro animal que murio fue revivida en sistema el  120424)
8020,"ama. Beteado/  cura de pata, alambre incrustado 210623"
8023,neg peluda remark 030323/ /murio en SS/
8024,BABE 300123/ pario novilla 310823/ Murio ahogada en laguna
8026,chispeada/  BC INSEMINACION/ROJISA UBRE PQ /PMLSV 070223/ LSV 120923
80272,"novilla T.G.//separada del bec 210324/ cria 25288 criada por ""pend41"" brito"
8028,novilla pario en M10 brava/ amzdaxcarlos/  se le murio el bec 160424/
8030,amzdaxcarlos/
8033,neg/  cria el hijo de paraulata (25126)
8035, /murio en SS/
8037,ama cachona/ POSIBLE QUISTE 300123/ PARIO NOVILLA 260224/ DESPUNTE 260224/
8032,"ama osc/  antes 8038, remarcada 030323/FOI 110523/ sin cachos /PIA2"
8040,roja osc peluda/ lucero en frente/
8041,bl/ / pmlsv 280424
8042,roja chisp suave  en celo 310323/ FOD 110523
8043,AMA / BET / c  murio cria 26046
8045,ROJA/ CRIANDO A 26194
8048,AMA OSC CC LUNAR ANCA
8050,BL/ EL 8 ESTA DIFUSO / muy brava
8052,ama manchada/  
8054,ROJ CC
8056,marr osc peluda remark 030323/OV PQ 110523
8058,pintada marr y bl/  / manchada
8059,BL GRISACEO sucio / CLOI 110523/PARIO NOVILLA 270224/indocil 020324
8060,ROJA / NOVILLA PARIO M10 090523/ se le murio el bec 100723
8062,DESCARTE ANDROGENIZAR JV 081222 / ANDRO 300123/ pario novilla 241223/ cria de inseminacion pia1
8066,pintada/ chispeada / pario MORTINATO 121223/
8073,marr peluda fea con lucero/
8074,FOLICULOS PRIMARIOS 081222
8075,MARR/pario novilla/descarte 100723/ se le murio bec 120723/
8076, / pario novilla 121223// pario novilla 121223/ cria de inseminacion pia1/
8077,SE LESIONO EN LA ROMANA 081222/AMANCE 240123/ avanzada 230623/ pario novilla/ pm lsv 041223//separada del bec 210324/
8078,"NEG, rojo en pecho /se cambio a mauta 090223 remarcada cambio a novilla y pia 040423/"
8079,BUENA UBRE 081222/ NOVILLA PARIO EN M10/ celo 050723
8081,roja/ BUENA UBRE BUFEA COMO MACHO 081222
8082,ROJA/  EL NRO 8 ESTA DIFUSO 081222
80841,GYR ROJA lomo neg. antes8084A  030323/
8084B,toro lidia y nro que se pondra en oreja iz es el 80842/ BcM el 241222 prematuro.
8086,NARANJ
8087,pintada bonita/mastitis 140325
809,MARR.BETEADA/ novilla pario en vaquera  parto asistido/ amzdaxangel/se asigna nombre 290524/
80921,rojisa/ 80921  y en lado iz  809212  300123/ se cambio el registro el 010523/ novilla pario 010523// LSV 141223/ bec pm 230523/
8093,ROJ SUAVE
9032,se cambio a mauta 090223/
9035,BLANCO/ pario en caño arenas 220524/
9040,EL ULTIMO  NRO  ES CONFUSO 081222/ el cero esta montado y en la union parece 1  … 280323 / pario novilla120623/ amanzando no apoyó 170623/
9051,bl/ / amance Antonio/ mortinato 300525
9057,"ANDROGENIZAR, BRAVA JV  / androgenizada 030323/ /murio en SS/"
9058,bl sin cacho/ pario novilla 311223/ cria de inseminacion pia1/
9071,AMA MANCHADA TG /pm lsv 041223/ 
9082,ama beteada/NO SE PALPO 081222/ se cambio a mauta 090223/ negra en anca y patas/ paso a novilla el 040423/ aborto en CA 311023/
9092,DESCARTE NO AMANSE JV/ INFANTILISMO 081222/ ANDROG 300123/androgenizada 030323/ /murio en SS/
9095,MARR CARA GRIS / remark 030323/
9096,muerte en lagunon del programa PIA /murio en SS/
9099,BL SUCIO/90X9  210623/ pario novilla 020124/
9104,EN CELO 300123/ Blanca cachona/ pario novilla 241223/
9106,ROJO SUAVE  CAB. CHISP/ se cambio a mauta 090223/ se cambio a novilla y pia el 040423/ P.Q.O.D  110523
91091,"bl/ BRAVA 081222  NRO 910X 300123/ remarcada antes 0109, 030323 en celo 16 jun23/ / pmlsv 280424"
91121,ama.  Bet / EN CELO 300123/reamrcada antes 9112 030323/
91171,"rojisa, remarcada antes 9117 030323/ paso 230623/en marzo 23 resulto PÑ de toro vecino/ PARIO NOVILLA 161223/ se le murio el bec  el 281223/"
91242,BLANCA CON GRIS/ REMARK 030323  en celo 310323/ pario novilla 070124
91241,/ REMARCADA ANTES 9124 030323/androgenizada 030323/ /murio en SS/
9125,NEG GUZ/ pario novilla 281223/ cria de inseminacion pia1/
9136,MARR CHISPEADA/ NRO BORROSO 300123/ remark 030323/ OV DER CO 1 FOLICULO 110523/ descarte al regreso de C.A/
0225,bl cachona/ 310323 cld/ TG 110523/ VENDIDA A LOS SAMANES/ VENDIDA A LOS SAMANES
0343,ama suave /
33,"ROJO BETEADO PAPADA BL, TG;  /"
19,BL.//REMARK ANTES S2 030323/dx FOI  VACIA/ FOI 110523/ pario novilla 030324/
3120,MARR/ YA SE REUPERO RENCA 100223
1310,BL SUCIO SC.
1123,bl cachona/
8011,NEG . BRAVA/papada chispeada/ SE APLICO HORM/ PIA2
8012B,NRO RARO 80X2/ NO PASO 310323
8061,bl/ EL 8 Y 0  MONTADOS/ PARIO NOVILLA INSEMINADA PIA1 151223/ cria de inseminacion pia1/
8080,descarte 080323 /murio en SS/
8085,"bl sucio / es la misma ""8095"" se cambio a mauta 090223/ paso a pia y novilla 040423/ pario novilla 190124/ pm lsv 070224/"
9006,BLANCA/ muy brava pasa a novilla y pia 040423
9011,BLANCA PARECE BRAMAN/ pario novilla 210124/ pm lsv 070224/
9014,PARIO NOVILLA  041223/ muy brava/ NO ESTUVO EN PIA/ pasa a novilla en sistema 030723
9015,ama suave/ penacho rojo/ muy brava 030823/
9016,AMA LIMPIA TOPA /paso a pia y novilla el 040423/ C TONICO FOI 110523/ / pmlsv 280424
9022,NRO EXTRAÑO  709022  300123/
9024,chocolate
9030,ama manchada cuernos tonicos 310323
9036,neg deprimida B UBRE B VACA MED 131222/
9037,rojo suave T.G /pasa a novilla 090223/  estaba pñ de toro/ aborto / se registra vaca el 260823/
9042,roja limpia
9053,BLANCA/ SANG 300123/ FOD POSIBLE QUISTE 110523/
9061,ama/  BRAVA 300123/ pasa a novilla y pia 310323/ MURIO EN CA /
9064,MARR peluda nro difuso/ paso a ni¡ovilla y pia 040423
9073,"Blanca, paso a Novilla y pia el 040423/ PARIO NOVILLA 280224/ ABORTO 011124/"
9076,BETEADA AMA/ HORM 300123  CLOD 110523/PARIO NOVILLA 190224/
9091,"roja suave, paso a novilla y pia 040423/ en celo 230623/"
9103,MARR OSC  T.G.  /B
9109B,NEG. MED  FLACA TTO …
9110A,ama. Chispeada /aborto/ abandono cria y la crio San Cristobal 160125/ ciando al 25163/
9192,PELUDA NEG MANCHADA/
9113,se paso a novilla y pia 310323/ Pario novilla 201223/ cria de inseminacion pia1/
9116A,oscura 
9116B,MARR  TG/ RENCA 300123/ REMARCADA/ pario novilla 140124// BEC AL PIE 200324
91172,MARR OSC/ remarcada antes 9117 030323/PARIO NOVILLA DE PIA1/
9121,ama beteada / se cambio a mauta 090223/paso a novilla y pia 040423/ OV PQ 110523/pia2/ aborto 10/2/25
9122,"marr en lomo  el nro 9 difuso,"
91262,"ama con manchas /REMARCADO  91262  030323/ parto del 101223 ""MN""/"
9126A,bl chispeada / fuera de lista de PIA 110523/ cambia a novilla en sistema 240523
9128A,parece colorada multicolor
9128B,ama manchada lunar en jiba/ cambio a pia y novilla 310323/ PARIO BEC incem. 091223/ / pario novilla 121223/
9137,ama beteada /
0101,"marr beteado, topa ,tg ,/ cacho enterrado 290926"
0102,gris fea peluda  /
0107,barcino /ATIGRADA
0108,"8 booroso , chispeada con cachos"
0111,chispeasa
0114,"ama manchada / 2,5 buc  310323"
0125,dim/oxi/dtmx 300123/ amarillo suave
0201,"neg, babe 300123/ se cambio a mauta 090223/ cambia a novilla 310323  monta nat con toro carora 030423/PARIO NOVILLA 020224/"
0202,neg. El 2 parece 7 /
0204,BL/ min 300123/  TG 110523 / pario novilla 121223/
0205,"marr osc , manchapapada/ mastitis 140325/"
0206A,"FLACA, MANCHA EN ANCA GRIS  CAMBIA A PIA 310323/ TG 110523/ pasa a novilla 100823/ PARIO NOVILLA 020324/"
0206B,NEG sin cacho chocolate 310323/ EN  CELO 110523 / pmlsv 280424
0208A,PEQ EMBRION PURO ROJO 131222/ mauta med 040423
0211,ama/ MED  MUCHOS CACHOS
0215A,bl sucio falta un cacho/ en pia el 310323/ pasa a novilla en sistema 030723/ aborto 241023/ novilla de PIA1 / presento hipomagnesemia/ aborto 230524 en CA// VENDIDA A LOS SAMANES
0220,ama suave bet bl sucio
0224,ama suave/
0226,pasa a novilla 090223/ OVARIOS LISOS 110523/ PARIO NOVILLA 2802247
0229,ROJ. BET/   pario novilla 271223/ cria de inseminacion pia1/
0231A,gris TG lucero /
0231B,"MARR, PELUDA, BAJITA, FEA"
02331,roja/ remarcada antes 0233A 040423/ pasa a pia y novilla 040423/ pario en CA/
0233,ama beteada anca oscura /antes 0233B  y pasa a novilla 310323
0240,rojo osc  chispeada pasa a PIA Y novilla el 040423
0241,marr osc/pasa a pia y novilla 040423/ Quedo con lote preñado 030823/
0246,tg bl sucio ama manchada /
0249,bl manchada min 300123  / voce 310323/ PARIO NOVILLA 200224/
0252,neg /FLACA PEQ 310123/ trsal a caño a 030423 
0258,bonita gris manchada  TG /
0259,rojo limpio/ pasa a novilla y pìa el 040423/ PARIO NOVILLA 240254/
0263,marr limpia /
0267,chocolate chispeado  trsal a caño a 040423
0269, manchada ama y bl /
0270,ama betedo cara manchada/ el nro 7  parece un 1 /
0272," BL, CHISPEADA/ Pasa a novilla y pia el 310323 / pario novilla 121223/ cria de inseminacion pia1/ "
0278,bl sucio cbz ama/
0284,ama beteada/
0291,BL/ legible para Caño A  abr// pasa a novilla 100823/ PARIO NOVILLA 150224/ PM LSV 200324
0291B,COLOR TRAPO SUCIO /murio en SS/
0294,bl cbz roja  / TUVO PARTO DISTOCICO 240224/ /  LSV 200324/ 2do parto distosico 050225/
0297,"ama beteada nro ""9"" difuso/"
0298A,rojo limpia / pasa a novilla y pia 040423/ pario novilla 140124/
0299A,"bl gde / se cambio a mauta 090223/ se paso queda con toro , dx vacia F.I   010423/"
0299C,ama con manchas SUPER MAÑOSA 310323/ rojisa 280623/ pasa a novilla 7/07/23
0321,bl amarillenta. CC  /
0322,"bl , pata y anca neg/ pasa a pia y novilla 040423/ FOD 110523/ PARIO NOVILLA 240224/"
0323,TG chocolate/
0326,/ bl sucio  mrr en lomo muy braVA
0327,ama beteada / falta hierro de finca
0329,bl chispeada /
0330A,ama osc beteado inferior/
0333,"roja suave , cara neg/"
0336,ama beteada /
0338,RENCA 310123/ insem lesion podal izq /GYR PINTADA / pasa a novilla en sistema 030723/ Pario novilla 131223/
0342,gris suave /
0344,ama manchada /
0348,gris /
0349,bl insemi/  pasa novilla 200923/PARIO NOVILLA 010324/
0352,bl. Cbz gris/
0353,bl bonita /
0354,TG bl. CC /
0355,roja tg /
20,"AMARILLENTA PELUDA  / REMARK ANTES ""S3"" 030323/ se le murio la cria 060525/"
1039B,no paso 030323
1188,bl/
2018,marr chispeado /
2040,neg y bl /INSEMINACION 131222/ cowpro cambio de oreja
1109B,AMA PALIDA/ no se fue a caño a por ranca 030423/ el nro 9 difuso
2035A,neg con lucero /INSEMINACION 131222
1051,AMA BETEADO/
2063B,MARR lucero/  INSEMINACION 131222/ ennumerado 070223
1132,"BL SUCIO, cara manchada /"
0271,pintada superbrava /
0347,trapo sucio
1059,rojo suave/
1084A,gris/
1017A,T.G /  /pasa a novilla 010224/
2061,rojo/ BABE 300123/
1021,NRO EN OREJA MA  131222
9020,beteada neg y marr/ se cambio a mauta 090223/ pario novilla 200923/
S7,SIN CACHOS 131222/ ANTES S7  REMARK 030323/correccion sigue siendo S7
2002,AMA BET
1102,blanca amarillenta/
1053A,bl ojo tuerto/ INSEMINACION 131222/su cria 25146 la cria Girasol
10431,NEG pintado inf
1043A,MARR CHISPEADA /
0274,rojo esc./NRO EN OREJA MA  131222/ ennumerada 030423/ reasla a caño a 040423
1052A,rojo oscuro CC. CARA NEG./ c murio cria 26018/
1100A,ama beteada/
1074,ama suave/
2012,TRAPO SUCIO /
2007,BLANCA/ FLACA 070223/ REAS A CAÑO A 030423
1063,bl /
1004,ama suave/
1075,ama claro y bl /INSEMINACION 131222
1096,NEG/ INSEMINACION 131222/ se hizo cesaria de parto murio becerro 090425/
1009,NRO EN OREJA   131222
9023,"ROJA/ pario en M1,  PM LSV 100723/ LSV 141223/"
1094,roja /
1032,bl manchada /
2014,marr beteado/
1005,roja / pasa novilla 241023/ NRO OREJA BORROSA 131222/
9118,BL/ / VENDIDA A LOS SAMANES
1028,ama /
0332,marr// pasa a novilla en sistema 030723/ pario novilla 150124/ se le murio el bec. 270124/
1045,ROJO OSC LIMPIO /
80472,ROJA SUAVE /PASO CON LOS MAUTES EL 211222/ novilla pario en M10 050523/ no apoya todos los dias / LSV 141223/170623// pm lsv 221123
1079,ama/  INSEMINACION 131222 /pasa a novilla 010224/
2037,ama manchada /
0298,color dulce higo con arequipe/ 
2064,rojo suave /
2203,MARR   TG  /INSEM211222/ reingreso al sistema 210423
2052, neg/ INSEM211222/ reingreso al sistema 220423 /pasa a novilla 010224/
2039,neg manchada con bl/  / INSEMINACION 131222/ pasa a novilla 130723
0328,tipico Guzerat/
1023,chocolate/
2087,ama/  FLACA 131222/ l
2702,marron coleto PEQ. PELU
1073,PINT. LUNAR DER.
1065,bla/
1100B,rojo suave/
2024,bl sucio/
1104A,rojo suave /
2202,roja bl inferior//ss-ca 261023/ 
1103,bl sucio/
1093,bl/
2034,chispeada bl y neg/ aborto estimado 15/11/24
2016,ama manchado/ 
2062,LUCERO GDE/ RENCA del izq tto230123
4113,MARR PELUDA/ remark 221222/
7066,roja suave limpia/ secr sanguino en heces 250423 PM LSV  se envio con bec al pie pq se deslizaba en el orral por problemas en la cadera 181123/ 
8097,PARIO EN MOD3 BcM el 311222/NEG/DESCARTE ANDROGENIZAR 300123 / CAMB A PIA EL 020223/androgenizada 030323/ /murio en SS/
3104,"gris limpia, remark lado izq/descarte 211023/ ABANDONO LA HIJA 031123/SCRTE 230124"
7007,"NEG, CACHONA  brava 050923"
4057,"gris oscura, grande, cachona/  / BEC AL PIE 200324/ viernes santo del 2024 se pego en laguna, la sacaron y al dia siguiente la reportaron muerta."
7070,"BL, DIMINA, OXI  250123/ pario novilla 250823"
4048,GRIS CC
4095,"CARA SUCIA, PARIO EN MOD 1 291222/ PMLSP 230823 / LSP 120923"
2080,bl/  murio cria 25258 pegado en fango 060326/
8063,"PM LSP 230823,"
5079,"NEG. AMANZAR, CLOD, 300123/ amance Nelson/nombre  081123/"
1109A,BL Y NEG
2097,marr suave/ T.G/ pm lsv 070923/separada del bec 210324/
4072,"BL CARA Y ANCA OSCURA/ el nro ""4"" difuso/ BEC AL PIE 200324"
05,MARR PELUDA/ bec pm 230523/ LSV 141223/
3108,MARR CLARA CC TG/
EMB 4,"ROJA OSC, CHISPA BL EN PAPADA/ AMANZAR 200123/ pario novilla 180723/"
3084,barzina/ antes maicina/ se le murio el bec (23200) 010324/
1139A,PARIO EN MOD 03 281222 / LSP 120923
1066A,CACHO DENTRO
4143,MARR OSC CACHO FINO/ pario en M4V/ pm lsv 070923/separada del bec 210324/
2180A,"pario en Mod 10, CC 3,5/ se le murio el hijo el 9/05/23"
1168,ama palida/ /se le murio el bec 120324/
2150,"MARR CLA/ RENCA GRAVE DEL.IZ  060223/ paso 250223/ parto en Mod 6, cc 3/ en celo 170623/ se le murio el bec 190424/"
0139, bl/  LSV 120923/ PM LSV 210224/ 
80882,ROJISA CACHO PQ/ AMANZAR 300123/ amzdaxangel/
9067,BLANCA/ PÑ DEL CARORA 1 300124/MORTINATO 260924/
06,GRIS CLARO/380KG 221222/ clod 250423
1153,SE MANTUVO CAIDA 221222/ AVANZADA BEC ENCAJONADO 300123 /murio en SS/
2064A,VACA MARRON VIEJA 161222/PSO A LEN 300123/descate 080323 /murio en SS/
2028A,aborto 110124
2220,GRIS TG/  se murio cria 24304 190125/
8017,AMARILLA CASI BL UBRE BONITA INSEMINACION/ se murio cria  200525/
2215A,RENCA 271222/descarte 240123/ 522K 140223 /murio en SS/
4041,MARR CLARO CACHO FINO LARGO
9018B,SUTE/ trapo sucio/ MAÑOZIZIZISIMA/ pasa a vaca 101023/ descarte 101123 dejó sute/ metritis 180924/ abortó mes sep24/
89,"VACA MARRON PELUDA  ALTA MAÑOSA Y BRAVA COFUNDDA CON MANZANARE, LO UNICO Q SE VE ES EL Nº8/ REMARK 89 100323/ pario en el corral 240323"
7017,ama/  amzdaxangel/se le murio el bec 010723/ se le murio bec  25252 de un mes
1041A,VACA MACHORRA PESO 538KG 090123 /murio en SS/
1019,ama/  /prestado al Sr Hector vecino de Caño A./ hector baron 090823
1027A,AMA SUAVE /
1031,BL TG
1033,neg /  INSEM211222 /
1036,MARRON SUAVE TG
1039,
1048A,
1064,"se aparto en paradero por renco (inflamacion tarzo,miem.post.iz 111124)"
1067,ama con chispas
1078,gris suave /
1080A,BL /
1085,INSEM211222/ MARR BET REMARCADO /
1092A,gris TG /
1097A,Ama_cuello rojo
1095B,pintado /
1101A, AMA /NARANJA
1107, ama bet/
1133,"EN OREJA TIENE 1033 211222 / trapo sucio, cola doblada en la basetras"
2005A,NEGRO
2005B,AMARILLO BETEADO
2032,NEG /
2035,neg todo/
2039A,NEG_CHISPEADO
2041,neg y bl   / en finca vecina sr Jose 130624 CA/ entrega efectiva a Jose el 180724/
2045,TG PENACHO MARRON
2054,AMA /
2058,BEIS/  EL 8 ESTA DIFUSO SE CONFIRMO CON LA OREJA211222/se mov. A C.Arena 230223
2060,bl y neg / insem/
2065,bl y neg / insem/
2067,ROJO SUAVE
0346,ROJO/ C/C
0358,TG GRIS
1056,"ama osc/ se elimino registro duplicado becerro ""1056"" 070523"
1096A,ama bet /
2029,NEG/ 
2204,NEG.
1070A,MARR OSC211222/se mov. A C.Arena 230223
1131A,NEG / 
2088A,INSEM211222/se mov. A C.Arena 230223/ se registra en finca vecina 010923/
2088B,rojo limpio /
1130A,NEG/ INSEM211222/
2001A,INSEM211222/se mov. A C.Arena 230223/ se registra en finca vecina (Sr Ramiro) 290124 osmel  informo q a mediados de enero lo prestó/
2001B,NEG211222/se mov. A C.Arena 230223/ marr cachito con lucero/se le trato un acceso 111124/
1077,neg/ INSEM211222/ se cambio el registro antes #1177 ..220223/
2149,AMA BETEADO
1097B,FLACA 250123/
2091,chisp rojo con bl/
1068A,ama beteada cacho hacia atrás
1018,marron / SIN NRO EN LOMO (NRO OREJA)(1018/1016)211222/ emn110724/
0109A,pinto con cachos
2056,ama mancha bl en cuello /
1112,neg lomo lagarto/ INSEM211222/
1044,ROJO /
2010,NEG PAPADA MANCHADA/  211222/
2044,LUCERO GD MARRON/ existia doble registro se elimino uno 010523/
2027,neg lucero/INSEM211222/
2090,NEG/ INSEM211222/ CON LUCERO
1046A,rojo  /
1055A,neg. Lomo lagarto/
1076,ROJA /TG/
1026,rojo TOPO  100123/ impla 180423/
1029,neg implan 180423/
9080,AMA NARANJA PALIDO  10012/ 488K 140223 /murio en LA/
0100,murio infartado en los samanes
0103,bl/impl 170423
0104,0X04  /
0115,color dulce higo con arequipe/ impl 18/0423
0116A,neg/ impla 18/04/23/ paso el 020623/
0118,bl/ 
0212,marr/ impla 180423/ cacho peq.
0219,impl 18/04/23  / tipico guz/ peso de venta con ayuno
0260,tipic guz oscuro
0279,NEG  100123/ impla 17/04/23 peso de venta con ayuno
0291A,mandarina manchada
0292,NEG manchado  100123/ impl 180423
0325,NEG/ CHIPAS EN PECHO  100123
0334,neg beteado  100123
0335,impl 18/04/23  / coleto sucio/ renco  020623
MSN1,mandarina con mancha/ XXXXXX  100123/ implante 180423/
MSN2,TODO ROJISO OREJANO  100123/ sin cacho/ implan 180423/ peso de venta con ayuno
MSN3,"bl y negro/ implan 180423/retajo 150523/ se marco en paleta iz. Con nro ""5"" 300623"
MSN4,rojo OREJANO lunar bl en mejilla  100123/ implan 180423
0214,NEG chispeado dalmata 100123 antes msn5/ implantado 180423
9136A,Neg/ implanta 180423/ antes msn6
0116,mandarina /  cacho corto se implanto 180423/ antes msn7
MSN8,OREJANO  GRIS POCO CACHOS  100123 peso de venta con ayuno
MSN9,OREJANO  GRIS C/C  MAS JIBA  100123 impl 180423/
MSN10,GUZ   ALGO DE CAR mancha bl en anca  100123/ implan 180423
MSN11,BL    100123 /murio en LA/
MSN12,bl trapo viejo inseminacion 180423
MSN13,tip guz / implanta 180423
MSN14,"BL TIPO CARORA, OREJONA  100123/ retajo 150523/ marcado en paleta nro 5 300623"
MSN15,NEG
MSN16,OREJANO/AMARILLO PALIDO  100123/ implant 180423/
MSN17,"negro on chispas, con cachos,"
1007,"bl, implante 180423/ antes ""MSN18"" 030424/"
0273,ama. Ama claro parte inferior
2780,FLACO  100123/ finca vecina alexander (hijo de luna llena) 180423
9111,NEG  100123/  486K 140223 /murio en LA/
0238,(023X8)  100123/ ama/
9118A,FLACO  100123/ FLACO SE DEJO EN LA CACHAMA 140223
2781,NEG  100123
099,NEG  100123
0228,NEG  100123
0242,NEG  100123/ impla 180423/ penacho rojo/
0295,tip guz / impla 180423
0223A,NEG  100123/ con cacho impla 180423/
0223B,(0X23) 
0337,rojo con  cachos
0261,NEG  100123 (de Lagunon no aparece)
9038,BUENO XXXXXX  100123/ 487K 140223 /murio en LA/
9084,neg  peludo ALTO PERO FLACO  100123(diminac y tatracliclina) 180423 / MURIO EN LAGUNON
0251, / estaba en lagunon 050623
9135,ROJISO CON NEG  100123/ implanta 180423
0204A,ROJISO  100123/ impl 180423  (02X4)
0317,MARR/  FLACO  100123/ FLACO SE DEJO EN LA CACHAMA140223 hijo de ronaldo/ se trato gusanera en apa. Rep. 210623/
0201A,(0201)NEG  100123/ cambio de registro (0201)230223 / estaba en lagunon 050623
0207,AMARILLO  100123/ impl 180423/con cachos
0298B,CHISPEADO EN PECHO  100123
0248,LUCERO FRENTE NEG  100123
9134,913x manchado ocre /impla   180423
0277,rojo suave
0324,NEG  100123/ 435K 140223 /murio en LA/
0341,NEG  100123/ antes 0311/ implanta 180423/
2778,tip guz/  100123
0290,MARCADO  BUENO PQ  100123  vecino catire  230223/ MTE 270524 Se partio una mano.
0221,tip guz/
0216,ESPICHADO  100123/ SE DEJO EN LA CACHAMA (seleccionado Macho Rep. Para sr Genaro) 140223/se mov. A C.Arena 230223
9018,90XXX AMARILLO ALTO  100123
2779,NEG  100123 / estaba en lagunon 050623
0236,MARCADO  BUENO CACHO FINO  100123 /murio en LA/
0293,atigrado TOPO  100123/ impla 180423
0259A,NEG  100123/  / estaba en lagunon 050623
0356,BARCINO  100123
0245,bl con cachos/
5592,TORETE amarillento 2do/ m4 130723/
5529,TORETE/ marr / 477X/ paso el 210623/
5629,TORETE
5638,TORETE
22175,ROJO CARA NEGRA
22176,SUTE/ pollito/ ennum 091123/ sute murio madre
22177,NARA BET
22178,AMA / 1/2 FLACO 100323/ se corrigio nro madre en oreja040523
2179,inseminacion /murio en SS/
22180,AMA SUAVE BET
22181,NEG
22182,"ROJ, CC /SUTE// sute /"
22183,SUTE/  ennum 091123/ sute murio madre 
22184,dulce de higo
22185,ama TG/
22186, / ENNUM 181123
22187,BL CHISPEADO
22188,AMA CHISPEADO lunar ojo der.
22189,"BL, BET, CBZ AMA,"
22190,/ ENNUM 120923
22191,ROJ BET PENACHO ROJ
22192,rosado pintado / ENNUM 181123 
22193,"marr, papada pinta , TG. Ubre bonita."
22194,NEG CON CHISPAS/  INSEMINACION
22195, neg mancha en cuello/ INSEMINACION / ENNUM 181123
22197,"AMA, CBZ ROJ, 1C"
22196,/ ENNUM 120923
22199,/ ENNUM 120923 
22198,/ ENNUM 120923
22207, roj /CARA BL
22209,ROJO SUAVE SIN CACHOS
22206,ROJO SUAVE/ SC
22205,ROJ/ ENNUM 120923
2208, /murio en SS/
23003,"AM BET CC , LUNAR DER,"
23002,"ama beteado/ PEN ROJ,"
23001,"ROJ, SC"
23004,AMA/ ENNUM 120923
23006,AMA BET SC
23005,rojo suave con mancha papada SC
TORO1,ROJO OSURO
TORO2,PINTADO
TORO3,CABZ BL PINTADO EN ANCA/
TORO5,bl sucio chispeado pend pediluvio 200423/ clostri… y afto 130723/
2092,neg con lucero/ INSEMINACION / ENNUM 100323 /
2095,AMA Y BL/ ENNUM 050523
2201,ama palido casi bl cara neg/ INSEMINACION / dtt emn 070223
1066,"beteada ama y bl, cara neg /INSEMINACION /dtt 070223"
2109,roja / INSEMINACION  dtt emn 070223
2110,AMA/ NRO EN OREJA211222/destetar y ennumerar 240123/ 113k ennumerado 040323/
2111,neg/   INSEM211222/ nro difuso 88k/ remark lado iz 050523
2103,NEG Y AMA BETEADO/ INSEMINACION / ennumerado y pasa a mauta 190523
2108,ama suave/  dtt emn 070223
22098,marr chispeado en el pecho/ se cambio en registro de 2098 a 22098 301124/
2093,AMA /  dtt emn 070223/ gusano en vulva con berrugas se coloco arete de cobre 7
2215,ROJO/  BET/  SE CAMBIO EL NRO ANTES (S/NBEC) 170323
1088A,ama/  INSEMINACION  /pasa a novilla 010224/
2031,AMA/ SUTA CRIADA POR  YEISER/ emn110724/
2107,AMA/ NRO EN OREJA211222/destetar y ennumerar 240123/ 113k ennumerado 040323// ENNUM 050523/
2023,marr peluda CC CARA NEG
1082A,GRIS CON NEGRO
2200,AMA Y NEG BETEADO/ INSEMINACION / ENNUM 050523/
2094,AMA CLARO/ PENACHO AMA
22100,ROJO CHISPEADO  en lomo 2100
2101,ROJ CC/
2102,AMA/ ENNUM 050523
1091,pintada /dtt y emn 070223/
2026,rojo/ dtt emn 070223/ 
20971,AMA CC/
2030,rojo suave/ dtt emn 070223/
2059,bl sucio/ dtt emn 070223/
2036,dtt emn 070223/  
2106,BL/ remark 030323/ 
2099,gyr rojo papada chispeada/
23008, ama bete TG/ ENNUM 181123 
3009,en la necrocia se obs. Liquido oscuro en abdomen posible intoxicacion /murio en SS/
23010,"MARR CLARO, LAGARTIJO"
23011,PINTADO
BU1B,C.A./ ingreso al bebedero en horas de la noche logrando liquido en los pulmones /murio en SS/
BU2B,C.A./ comenzo a decaer  el 210223 / ya venia con tos de Cañoarena /murio en SS/
BU099,C.A./ ANTES BU3B/
BU306,C.A./ ANTES BU4B/
BU048,C.A./ ANTES BU5A/ Hija de nube de agua
BU091,C.A./ ANTES BU6A/
BU089,C.A./ ANTES BU7A/
BU308,C.A./ ANTES BU8A/
BU092,C.A./ ANTES BU9A/
BU309,C.A./ ANTES BU10/
BU310,C.A./ ANTES BU11/
BU311,C.A./ ANTES BU12/
BU078,C.A./ ANTES BU13/
BU314,C.A./ ANTES BU14/
BU315,C.A./ ANTES BU15/
BU085,C.A.  Penacho rojo ojo iz. bl./ ANTES BU16/
BU087,C.A./ ANTES BU17/ ojos claros/
BU056,C.A./ ANTES BU18/HIJO DE ONOTILLO
BU090,C.A./ ANTES BU19/
BU20,C.A./  / pesado 220523/
BU317,C.A./ ANTES BU21/
BU319,C.A./ ANTES BU22/
BU321,C.A./ ANTES BU23/
BU071,C.A./ ANTES BU24/
BU322,C.A./ ANTES BU25/ 
BU323,C.A./ ANTES BU26/
BU325,C.A./ ANTES BU27/
BU073,C.A./ C.A./ ANTES BU28/
BU326,C.A./ ANTES BU29/
BU095,C.A./ ANTES BU30/
BU327,C.A./ ANTES BU31/
BU328,C.A./ ANTES BU32/
BU313,C.A./ ANTES BU33/
BU084,C.A./ ANTES BU34/
BU35,C.A./
BU36,C.A./
BU37,C.A./ 01FEB23 LLEGAN A FINCA S/S /murio en SS/
BU38,C.A./
BU39,C.A./
BU40,C.A./
BU41,C.A./
BU42,C.A./
BU43,C.A./
BU44,C.A./ murio en CA
BU45,
BU46,
BU305,ANTES BU47/HIJO DE NEGRA TOLDA
BU48,
BU49,
BU50,C.A./se aHogo en el bebedero nuevo /murio en CA/
BU51,C.A./se aHogo en el bebedero nuevo /murio en CA/
BU52,"C.A./sintomas : salibación, decaimiento, perdida de apetito /murio en CA/"
BU307,HIJO DE GIORGINA 450KG 110123/antes bu3/
BU097,C.A./ANTES BU53/
BU304,ANTES BU54/
BU303,ANTES BU55/ flaco enfermo 030926
BU302,ANTES BU56/
BU088,ANTES BU57/
BU320,hija de azabache/ ANTES BU59/ 
BU076,ANTES BU60/
BU082,ANTES BU61/
BU318,ANTES BU62/ HIJA DE CHAPARRITA
BU3,ANTES BU63
0234,roj.
0305,"PARD OSC. TG / cambio de registro antes ""0335"" 270523/ mortinato 300425"
0306,BL. SUCIO/ pario 15 sago 24 y se murio cria  15 sep 24 / iformo Maura en marzo 25
9115,BL.  TG/ se escapo no c vacuno 020725
1501,TG BETEADA CARA NEG. ANCA NEG CC. LUCERO/ ENNUMERADA 180323
0307,BL. CC./
0308,ROJ.
0311,BL. CC. BUFEA
1500,BL. MANCHA EN ANCA/  anemia y baja cond corporal 080823
0317A,"BL. ANTES ""03XX"" 111223/"
0309,ROJ. CARA NEG.
0312,BL. / pario 15 sago 24 y se murio cria  15 sep 24 / iformo Maura en marzo 25 murio de dirrea
9500,BL.
9501,TG MAMA DE 3504
2500,ROJ. Limpia/ lunar bl en la trompa/
9503,BL.  ENNUMERADO 180323/ pario sin dx de preñez 040424/ pario en la parcela
0303,BL. CARA NEG. CC.
0304,BL
9502,BL. EMNUMERADO 180323
pend21,BL. VACA VIEJA CACHONA (osmel)/  
0310,"BL. CC  /  Sse corrigio nro antes ""0XXO"" 110624"
0314,BL. / pario sin dx de preñez/ pario en la parcela 050424/ ANTES 0X14  120624/
pend24,"INSEMI ( HIJA DE VACA BL. BRA DE OSMEL)/ fea PQ, /  anemia y baja cond corporal 080823"
0302,COLETO SUCIO
pend26,finca del sr Genaro kg 580/ tras de finca vecina para beneficio en SS/
7090,antes nro pend27/FINCA SR JUAN vecino  finca San Sebastian /
9110,gris/  FINCA SR JUAN/
0213A,Sr Pedro /ESCUELITA CAÑO A.
TSN01,ANTES NRO pend31/ FINCA SR JUAN vecino  finca San Sebastian/ ingresado al sistema  030523
pend32,SR  EUDY VECINO  AL LADO DE FINCA CAÑO A
0250,pintado BL Y Neg / antes pend34 / se recibio en SS a la 14 hrs 041223/ SR RUBEN FRENTE  A FINCA CAÑO A.
BU049,DTMAX;BABE 110123/ PARIO CON ASISTENCIA 270823
BU331,ANTES 048/ SE LE MURIO CRIA BU2501 210125/
BU106,ANTES 047/
BU052,PARIO EL 120823 Y SU HIJA BU68
BU67,nieta de sota de oro
BU72,hija de lagunon
BU75,hijo de mercedita
BU76,HIJA DE NEGRALINDA
BU301,ANTES BU58/
BU82,NACIO SANO/
BU83,hijo de azabache
BU84,hijo de cartagena
BU330,antes bu016/
BU017,450K 110123 /murio en CA/
BU023,rojisa/ ABORTO … 05/05/23/  2DO ABORTO 111223/
BU086,ANTES BU013/
BU92,inf suministrada por Miguel
BU053,DTMAX; LEVAM 110123
BU347,PARIO EL 150823 Y SU HIJA BU69/ antes BU051
BU349,UT; ESTUVO EN CELO UN MES ATRÁS 110123/ ANTES BU050/
BU062,UF; ESTUVO EN CELO UN MES ATRÁS 110123/ perdio 1/4 por descuido del personal reporte tardio 011124/
BU346,UT 011123/ ANTES BU054/
BU034,3 AÑOS 500K 110123 /murio en CA/
BU348,UT MUY DURO ; NODRIZA 110123/ ANTES BU1A/
BU4A, /murio en CA/
BU036,"el 191224 se presento con el arete nro ""30"""
BU344,NO APOYA SE LE MURIO EL BECERRO 110123/ ANTES BU028/
BU063,malpario bucerra cri atravesada parto distosico 230823
BU351,UT 110123/ ANTES BU046/ se le murio la cria bu364/
BU058,"2,5 AÑOS 480KG 110123"
BU069,"1,5 AÑOS 280KG 110123/ ANTES BU6B/"
BU345,ANTES BU045/
BU338,ANTES BU037/
BU335,UT: 110123/ ANTES BU1 / mediterraneo
BU324,ANTES BU005/ HIJA DE NOCHE OSCURA/
BU316,250 KG 011123/ pasa a bubilla 051223/ ANTES BU9/ hija de zamura
BU010,"DTMAX  1 1,5AÑOS  250KG  110123"
BU007,250 KG 011123 / pasa a butoromat 051223/antes bu4/
BU004,250 KG 011123/ pasa a bubilla 051223/ANTES BU5/ hija de mala maña
BU006,250 KG 011123/ ANTES BU6/
9010,MED 240123/descarte 080323/ /murio en SS/
3012,se dice q se mamo una vaca completa y luego no se pudo levantar del piso /murio en SS/
23013, / ciego
23014, ennum 091123/
8039,marr beteada/ EL 1ER NRO BORROSO/ FUERA DE LISTA300123/ monta natutal con toro carora 310323/ VENDIDA A LOS SAMANES
0340A,roja y bl beteada/FUERA DE LISTA 310123/ se fugo de la manga  en direcc a MOD1  030423/ pasa a novilla 200923/ ABORTO EN CAÑO ARENA  040324/ VENDIDA A LOS SAMANES
0340B,FUERA DE LISTA 310123
2066,pintda bl y neg/ INSEMI 300123
0320,MARR bete chocolate 310123/
0350,AMA 300123/
30,gris parece burro /tatuada en oreja nro 30 antes
34,ROJA limpio RENCA 310123/
8057,marr peluda CACHO TORCIDO/ pasa a novilla y pia el 040423
8006,roja suave  mancha neg pata del / pasa a novilla 090223  CUERNOS TONICOS VOCE 310323
7038,NEG 310123/ pasa a novilla y pia 310323/ Pario novilla 121223/ cria de inseminacion // BEC AL PIE 200324
S14,AMA PELUDA 310123/ pasa a novilla 090223/ ANTES S14  REMARK 030323/correccion sigue siendo S14
S15,EN CELO 310123/ pasa a novilla 090223/  ANTES S15 REMARK 030323/correccion sigue siendo S15
8015,ROJO MUERTO EN CELO 310123/remark 030323/ pasa a novilla y pia 310323/ nro difuso/  muestra IVR DVD 030823/
8071,"RABO MOCHO, MARR 310123/ ANTES 8091 / pasa a novilla 130723"
31,BL 310123/  ennum  31 antes s16  030423/
32,AMA  peluda  310123/ ennum 32 antes s17
1015A,"BL SUCIO, NRO EN OREJA ,"
2170,TG RECORTADA/ hijo de taparita ennum 050523 / ingreso al sistema 070523
2011,ingreso al sistema 070523
2013,marr/ ingreso al sistema 070523
2096A,HIJA DE CARABOBO/ ennum 050523/ ingreso al sistema 070523/
2218,AMA BET SC
2167,NEG /hijo de mariu ennum 050523/ ingreso al sistema 070523/
8098,NEG. CACHO NOR/ REMARCADA 070223/ 
213,MARR. CLARO/ PM LSV 200324
1161,NEG/ tiene edema de botella 200423/ mortinato 251023/
7,SE ENNUMERO 070223/ muy brava /amance Antonio
80682,IDEMTICA A TORO LIDIA 070223
3227,NEG/ PM LSV 230823
8034,NEG./
406,marr/ aborto de dos fetos  en los mangos/ VAGINA SUCIA 230124/ 2DO aborto ago24/
22049,"AMA, papada bl, /"
8019,BL. T.G. / MANCHADA CACHO NORMAL se registro 070223/ pario novilla 070823/ manza x antonio/ PM LSV 210224/ 
EMB 5,ROJO PALIDO  /se cambio idem donde decia gyr puro 180823// pm lsv 221123
3100,MARR. Remarcada 070223/
1098,manchada/
23015,LUNAR EN PIERNA
23016,CHISP CC
23017,AMA BET LUNAR   EN JIBA
23018,"ROJ , PAPAD CHISP"
23019,"ROJ MUY CLARO CON SOMBRAS , PENACHO Y JIBA ROJA"
BU312,"pasa a bauta 051223/ se registro ""hija de mantequilla"" 111223/ ANTES BU65"
23020, am bet tg/
23021, bl  /  BET CC
23022,CC AMA
23023,marr/SUTE/ MARR OSC SC
23024,ROJ BET SC
3025,la madre no produjo leche y no habia banco de calostro disponible /murio en SS/
23026,neg manchado / ENNUM 181123 /
9, mortinato 131123/ Estudiando posibilidad de ser nodrisa
23027,ROJISA / EMN210324
23028,OINTADO / EMN210324
23029,SUTE/ RIJISO/ CASTRADO 160523/  prueba silo de mango/ sute/ emn110724/
23030,BL/ SC
23031,SUTE/ PARDO/ prueba silo mango/ sute/ SC
3500,gris/ bl. Penacho ama./  anemia y baja cond corporal 080823/ se escapo el 21 may 2024/ el 20/08/24 Maura informo que este animal esta extraviado.
3501,NEG/  anemia y baja cond corporal 080823/ Maute 090724/
3502,bl. beteado cabez osc.
3032,parto en potrero madre no apoyo y para ese momento no habia banco de calostro /murio en SS/
23033,SUTE/ 
23034,MARR OSC SC/ EL 4 PARECE 9
23035,bl oreja roja / ENNUM 181123
23036,BET CC  /nacido en lagunon en lote PIA//
23037,rojo beteado TG/ nacido en m6 la mama no lleno / ENNUM 181123
23038,rojo suave con lunar blanco en  costado derecho / ENNUM 181123 /
23039, papada pintada / SC
23040,ama bete/ ENNUM 120923
23041,chispeasa/ ennum 120124/ 
3042,se mantuvo 03 semanas en terapia y TTO previo al deseso /murio en SS/
35,dulce higo con arequipo/ ennumerada y envida a caño a el 040423 /pasa a novilla 010224/
23043,AMA
23044,"ROJ, OSC, SC"
23046,pendiente corregir nro de madre en  oreja / EMN210324
23047,/ ENNUM 120923 
23048,rojo beteado en cuello / ENNUM 181123
23049,negrusco  / 1C
23050,rojo beteado/ SC
23053, rojo con manchas / ENNUM 181123 
23056, / EMN210324
23057,lunar lomo/SC
23058,/ ENNUM 120923 
23063,ama pintado/ ENNUM 120923
23064,"ROJO LIMPIO, CCP, LUNAR  COST DER"
23066,ROJ BET CC
23067,ROJ CC
3068,BL
23069,bl rojiso  SC
23070,neg./CBZ NEG LUNAR COST DER Y COGOTE
23072,"rejo beteado  CUELLO Y OJERAS OSCURO, CC/"
23074, / EMN210324
23075,1C  SUTE/ADTADA POR MAITA 140923/ prueba silo mango/
3076,se encontro muerto en potrero los mangos
1207,"bl, P/C"
0222,rojo  t.g./ se cambio de LG A LGNN LUIS 061223/
1055,bl sucio cuello gris
1069,bl
1154,bl falta un pico de oreja
1043,bl sucio cuello gris
0210,neg nitido  lomo lag
1189,bl
0109,"bl, mancha cuello patas y anca peso de venta con ayuno"
7065,dulce  higo con arequipe/ cambio LG por LGNN LUIS 061223/
1131,bl 
9264,bl tg
1163,"bl /  hubo confusión con el nro de este animal  se confundio con ""1136A"" se cambio a su registro original ""1163"""
1068,bl
1070,neg y bl
1053,bl
1237,"bl /   (parece 1237) 030623/ se cambio de 1231 a 1237  en sistema 120424 ""se evidencio en brete"""
1336,gris osc en anca pata y cara peso de venta con ayuno
1141,bl
1161A,roj pata negra
1148,"bl, S/C"
0118A,neg azabache
0221A,bl gris pata neg
1041,bl
1136,bl gris pata neg
1097,bl con gris
1182,bl
1090,bl pata anca osc
1095,bl
1190,bl
1156,bl/ cuello oscuro
0216A,bl
0265,neg/ se cambio de LG a LGNN 061223/
0196,bl
1063A,bl  nro 6 incompl
1165,bl
1082,bl
1030,bl
1084,bl/ Murio el algunon 290124 empozoñadura de serpiente/
1060,bl
1219,bei con mancha nro 2 disto
1048,bl mancha osc en lomo/ Se cambio LG a LGNN LUIS 061223/
1186,bl  peso aprox 350
1238,bl peso de venta con ayuno
1215,bl tg
1083,tipic guz
1257,tipic guz
0141,bl
1206,gris tg/
1080,beteado neg y gris
1202,"bl, MANCHA EN CUELLO"
1139,bl peso de venta con ayuno
1180,beis con manchas
1166,bl
1146,bl
1205,"bl , el cero incompleto"
1049,bl mancha en lomo
S/NJ,Neg.  /retajo 150523/ marcado en paleta nro 5 300623
2128,"bl, TG"
1074A,neg/ entregado en prestamo al sr jose en caño arenas 
1008,neg
1047,tipic guz peso de venta con ayuno
1037,tipic guz peso de venta con ayuno
1052,bl peso de venta con ayuno
1213,tipic guz
1187, peso de venta con ayuno
1214,"BL, CACHO BAJO"
1096B,bl./
0198,tipic guz
1106,tipic guz
0094A,tipic guz
0178,bl  el nro 7 parece 1
1134,bl
0004,bl
37,se ennumero y hierro / neg 141123/ se mantuvo una semana con tto antes de morir/ NOTA: se cambia hierro en data 30/09/24
1050,tipic guz
0127,neg
1174,tipic guz
1253,tipic guz
1057,bl
0171,gris/
1228,"bl, TG"
1212,bl peso de venta con ayuno
1101,bl
1195,bl
0094,BL  / tipic guz peso de venta con ayuno
1151,bl
0110,bl beteado/  sin hierro 030623/ 
1126,tipic guz
1027,bl con neg
1104,bl con neg
1152,"bl, C/C"
1204,bl cuello neg/
1017,dalmata
36,roj gyr ennum  y hierro lado iz
SN50,bl y mandarina/
1088,bl
0215,bl
0254,marr/ paso 030623
1130,tipic guz NITIDO S/C
1216,bl
1079A,bl
0204B,bl con tip guz
0119,neg
1092,bl peso de venta con ayuno
1162,bl
1034,bl
0103A,roj suave
0185,neg/ enfermo se aparto paradero 111124/
0357,mandarina con ojeras/ se cambio LG a LGNN LUIS 061223/
1046,bl
0351,tipic guz
1098A,bl/neg tipic guz
1324,"bl, S/C  + JIBA"
1292,"bl, S/C"
0217,neg.  Espichado 04/12/25
23077,MARR CC PATA NEG
23078,ama bet / CASTRADO 160523/ ENNUM 120923
23079,AMA OSC LUNAR LOMO CC
23080, ennum 091123/
23081,GRIS CARA OSC TG
23082, / EMN210324
3083,muerto..  
23084,color claro / EMN210324
23085,rojiso oscuro / EMN210324
23086,nro errado madre/ estuvo preñando las novillas 280826
pend41,mancha  bl y neg/  criando el 26017 de la vaca 1501/
pend35,neg de Maura ingresa la sistema 270523
pend36,marr T.G.  / ingreso al sistema 270523/ SE LE MURIO BEC/ pasa a vaca 121223/
pend37,roja / ingreso al sistema 270523/  anemia y baja cond corporal 080823
pend38,bl/ / ingreso al sistema 270523/  anemia y baja cond corporal 080823/ VENDIDA EN JUN 24/
pend39,marr osc/ ingreso al sistema 270523
3505,MARRON/ bec mal nutridos    ingreso al sistema 270523/  anemia y baja cond corporal 080823/ antes 3503/ se coloco hierro/ en oreja der 3503/
3504,MARRON / bec mal nutrido   ingreso al sistema 270523/  anemia y baja cond corporal 080823/ se corrigio sexo 110624/
pend40,gris manchado/ bec mal nutrido   ingreso al sistema 270523/  anemia y baja cond corporal /080823/  MURIO  EN LA PARCELA 070223/
23087, / EMN210324
23088, ennum 120124/ 
23089,/ emn110724/
22169A,"ingreso al sitema 290523/ el nro ""9"" difuso 010923 "
22172,ingreso al sitema 290523 /pasa a mauta 010823/ ENNUM 120923
22168,MARR TG
23090, / EMN210324
23091,NEG CON PINTAS
23092, / EMN210324
23093,"PARDO, PENACHO ROJ"
23094,NEG./ emn110724/
23095,pintado. ennum 120124/
23096,ROJO / EMN210324
23097,"MARR, LUCERO/ PATA PARTIDA 140923// emn110724/"
23098,rosado osc / EMN210324
23099, / EMN210324
23100,rosado/ emn110724/
23101,rosado / EMN210324
23102,BL/  corregir nro madre en oreja 230623/ ennum 120124/ 
3103,SUTE/ rosado tomó calostro desp de 24 hrs/ sute
23104,rojo tg / EMN210324
BU332,ANTES BU026
23105, / EMN210324
23106, ennum 120124/
23107, / EMN210324
23108, / EMN210324
23109,/ emn110724/
23110,rojo oscuro / EMN210324
23111,gris  claro con lucero ennum 120124/
23112,murio al nacer en la cachama
22221,chispeada /suta / nro 2 dif. ingresa a registro 300623/ fecha de nac APROX/
23113,murio en modulo 4
23114, tg /ennum 120124/
23115, ennum 120124/
23116, ennum 120124/
23117,no quizo agarrar teta ni tetero al nacer…
23118, / EMN210324
23119, / EMN210324
23120, / EMN210324
23121, ennum 120124/
23122, / EMN210324
23123, / EMN210324
23124, ennum 120124/ 
23125,/ emn110724/
23126,/ emn110724/
23127, / EMN210324
23128,en la oreja 3128  por defecto en tatuadora./ emn110724/
23129, ennum 120124/
23130,pintado
23131,hija de mariu / ROJ  OSC PAPAD CHISP
23132,/ emn110724/
23133,"DULCE HIGO, PNCH RJ"
23134,ROSA CLARO / EMN210324
23135,ROJ CARA NEG lucero en frente
23136,rojo escuro/ tiene una hernia/ emn110724/
23137,/ emn110724/
23138,/ pm lsv 070224/ / EMN210324
23139,rosada sc
23140, /BEC PIE  200324/ emn110724/
pend42,fecha nac y peso estimado 080823/  anemia y baja cond corporal 080823
pend43,fecha nac y peso estimado 080823/  anemia y baja cond corporal 080823 / MURIO  EN LA PARCELA 070223/
23141, ROJA/ EL 4 PARECE 9
23142,nacio en manalfalfa  es chingo… / EMN210324
BU337,ANTES BU2A/ enferma  05/12/2025
23144,/ emn110724/
23145,/ emn110724/
BU011,"DTMAX  1 1,5AÑOS  250KG  110123/ HIJO DE ZAMURA"
BU019,LLENANDO 110123
23146,se ejecuto curetaje de cuerno 011123 / EMN210324
23147,NEG. TOPO
23148,madre piso y fracturo M.D.I 190823/ por desgaste de tatuadora se puede leer en la oreja 23149/ EMNU 190724 /
BU329,/ANTES BU2/aborto 030725/
BU340,ANTES BU3A/ ABORTO 8/08/2024/ 
23149,"tatoo yenifer, nelson, abraham/ APARECIO MUERTO EN EL POTRERO 190224"
BU057,"se le murio el hijo en potrero. 270823/ SE LE MURIO LA CRIA ""BU26012"" Mal calostrado 010326/"
BU73,MURIO AL NACER EN CA (parto distosico)
23150,"tatoo yenifer, nelson, abraham / EMN210324"
23151,"tatoo yenifer, nelson, abraham / EMN210324"
23152,ROJ. LUNAR CUELLO
23153,"tatoo yenifer, nelson, abraham / EMN210324"
23154,"(animal ciego) tatoo yenifer, nelson, abraham / emn110724/"
23155,negrusco lunar pata iz/ MURIO EN MOD 02 /
BU74,HIJO  DE ENTRE 4/ aparecio muerto en el potrero
23156,color chorreado/ EMNU 190724 /
BU343,EN CELO 15 DIAS ATRÁS 110123/ ANTES BU041/
BU77,parto asistido…
23157,"NEGRO/en lomo errado ""23137"""
23158,"SUTE  a los 5 meses de edad /rosado/ se tatuo nro ""3158"" por falla tatuadora  "
23159, / EMN210324
23160,GYR BL/gris/ emn110724/
23161,MORTINATO
23162,BL. // emn110724/
23163,ROJO OSC./ emn110724/
23164,ROJO/ emn110724/
23165,ROJO CLARO/ SUTE /emn110724/
23166,ROJO OSC/ emn110724/
BU333,VA PARA 2DO PARTO 110123/ANTES BU032
23167,rojo lunar  paleta iz /nacio por cesarea (prematuro) / madre fue sacrificada por postración
23168,SUTE/  el 8 esta difuso/
BU342,UT; SE LE MURIO EL BUC 110123 /190224 mordida de serpiente/ANTES BU018/
22139,ROJ/ ingreso al sistema 140923 /fecha nac estimada con metodo de comparacion de pesos
22216,AMA CC
23169,negruzco (marron rogizo)/ emn110724/
23170,rojo con chispas papada// emn110724/
23171,rojo grande/ PENACHO ROJ
23172,chispeado neg y bl// emn110724/
23173,rojiso/ EMNU 190724 /
23174,gris// emn110724/
23175,rojo claro/PM LSV 011123/
23176,marron rojiso// emn110724/
23177,neg / emn110724/
BU014,"1,5 AÑOS 200KG 110123/ HIJO DE VIEJA LOCA"
BU339,hija de sota de oro /1ER PARTO 110123/ pasa a bufala el 050823/ Hija de sota de oro/ANTES BU022/
23178,/ pm lsv 070224/
23182,SUTE / EMNU 190724 /
23180,/ EMNU 190724 /
23179,ama.  /Se coloco hierro en CA
23183,bl// EMNU 190724 /
23184,bl CBZ OSC
23185,bl
23181,rosado/ 
23186,rojisa peluda /BEC PIE  200324
23187,SUTE/ rojo chispas bl en papada/ sute/ emn110724/
23188,Bl / mancha pierna der e izq// emn110724/
23190,ROJO/ emnum 190724 /
23189,SUTE/ rojo/abandonado por la madre/ EMNU 190724 /
23191,MURIO 071023
23193,ROJISO CENIZO/ emn110724/
23194,SUTE/ ROJA / sute abandonada por la madre / emn110724/
23195,SUTE/ ROJA / quedo sute 101123
23196,PINTADO GDE / /BEC PIE  200324
4043,marron / ingresada a sistema 111023 (vaca que ha pasado en varios trabajos pero no se habia ingresado al sitema)/ BEC AL PIE 200324
23197,ROJO / /BEC PIE  200324/ sute a las 5 mese de edad/
23198,ROSADO/
BU336,NRO ENGAÑOSO PARECE 019 ; 110123/ ANTES BU029/
BU001,"1,5 AÑOS 250KG 110123/ HIJO DE TAMBORITA"
23199,MORTINATO/ 
23200,ROJA/
23201,NEG ROJISA SC/
23202,ROJA/  
23203,ROSADO nro dif/ MOROCHO DEL 23204
23204,"neg , LUNAR COST DER /MOROCHO DEL  23203"
23205,mortinato  
23207,CHISPEADA /BEC PIE  200324
23209,Rojo grisaceo/ nro difuso/ EMNU 190724 /
23210,ROSADO/ EMNU 190724 /
23211,SUTE/ ROJA / quedo sute 101123 abandonado por la madre// EMNU 190724 /
BU002,"1,5 AÑOS 280KG 110123/  DESAPARECIO FINALES DE SEP 2024"
BU334,FODFORO DTMAX 110123/ ANTES BU5B/
BU009,"1,5 AÑOS 200KG 110123"
BU015,"1,5 AÑOS 250KG 110123/ HIJO DE SOTA DE ORO/ BENEFICIADO 260724"
BU341,EN CELO 110123/ pasa a bufaa 191023/
BU90,inicialmente se registro Hembra y el 171123 Miguel informo que nacio Macho
BU91,"nacio debil , dificultad para mamar, deficiencias en patas traseras"
23212,"PINTADO, CBZA BL /"
23213,Mortinato mama carabobo
BU350,OT 011123/ ANTES BU8/
23215,MARR BET / NRO INVERTIDO
23216,/ EMNU 190724 /
BU008,250 KG 011123/ HIJO TIEMPO DE AGUA
BU66,hijo de sota de oro
23217,rosado
23218,NEG CON MANCHAS BL/  SE HABIA DESTETADO PERO SE REVERSO LA OPERACIÓN (BEC MUY FLACO)/ EMNU 190724 /
23219,GRIS MESTIZO
23220,BEC GDE ROJO
23221,NEGRO CON BLANCO / INSEMINADO PIA(1)/ PM 290424/
23222,rosado
23223,neg/ nace inseminado
23224,neg/ nace de inseminacion
23225,neg/ nace de inseminaciòn
23226,mortinato
23227,NEG/ PATAS BL/  nace pòr inseminacion/ /BEC PIE  200324
23228,GRIS TG SC
23229,ROJISO/
23230,NEGRO/ DE INSEMINACION
23231,SUTE / rosado y blanco/ EMNU 190724 /
3503,se tomaron los datos el 11/12/23 en la parcela/ antes 3505/ se escapo no se vacuno 020524
23232,NEG Y BL/
23233,MARR CARA NEG/
23234,"rosado, mal calostrado"
23236,peludo/
23237,ROSADO CLARO
23238,"pinto, bonito"
23239,CHISPEADO
23240,MARRON
23241,NEG. PNTA COLA BL// pm lsv 070224/
23242,BL CON GRIS
23244,NEG/
23245,MORTINATO
23246,NEG/ PNTA COLA BL. /
23247,PINTADO
23248,ROSADO PALIDO/ el nro 8 difuso SE LEE COMO 6
23250,BL CON MANCHAS NEG. /
23251,MARRON// pm lsv 070224/
23252,NEGRA
24001,BL/
24002,"NEG. CON LUCERO, PECHO PINTADO"
24003,neg/ inseminacion
24004,rosa palido/ 
24005,rosado claro/ PM 290424/   SE LE PRACTICO RUMINACTOMIA FUE OPERADA)
24006,PURO CHISPEADO
24007,MARRON OSC.
24008,ROJO CON LUCERO /BEC PIE  200324
24009,MARRON
24010,negra/  muerta Nacio debil nunca camino...
24011,ROJA/ pm lsv 070224/
24012,PINTADA CHISPEADA/
24014,NEG
24013,ROSA PALIDO/ pm lsv 070224/
24015,bl con tonos rosados/ pm lsv 070224/
24016,neg / borla blanca / cria de insem pia_01/ pm lsv 070224/
24017,ROSADO CHISPEADO
24018,ROSADO FRENTE ROJISA
24019,ROJO CLARO /
24020,NEGRO
24021,NEG DE INSEM  CHISPAS EN PAPADA
24022,MORTINATO PARTO DISTOCICO
24023,marr negruzco chispeado/PENACHO ROJ
24024,"rosado claro, chispeado/ murio la madre el 221124/"
24025,ROJA/ PENACO CHISP SC
24026,mortinato
24027,rosado oscuro/ CC VENADITA
24028,GRIS nro difuso el (8) se lee (1)/ nro madre remarcado/
24029,chispeado
24030,CHISPEADA
24031,"NEG CON CHISP BL,./"
24032,rosada claro
24033,neg pardo/
24034,ROJO
24035,ROSADA CLARA
4501,ROSADO CLARO
23235,ROJ BET
pend44,FECHA DE NAC. ES ESTIMADA
24037,ROSADO CHISPEADO
24036,ROSADO CLARO/nro difuso el 6 parece 1
24038,ROJO
24039,/PM LSV  200324
24043,ROSADA
24041,ROJO
24042,ROJO
24044,ROJO
24045,ROJO
24046,ROSADO
24047,
24048,"ROSADA, el nro ""8"" en la oreja se lee como ""9"" en nro madre errado en oreja/"
24049,ROJO /   PM LSV  200324
24050,ROSADO/ nro 05 incompleto/  en tto por una pata rota en nov 2025
24051,ROJA SC/
24052,ROJO pata bl/
24053,ROSADO pintado 
24054,"ROJO, PECHO PALIDO"
24055,GRIS
24056,ROJA
24058,PINTADA
24057,PARTO DISTOCICO MALA POCICION FETAL
24059,BLANCO CBZA ROJA
24060,ROJO/ CRIADO POR GIRASOL  0284  /
PEND45,ROJO CLARO EN PARTE INFERIOR
24061,ROJO/ nro difuso
24062,BLANCO
24063,bl coleto/ TG CC/nacido en caño arenas
24064,PINTADO/    PM LSV  200324
24065,BLANCO
24066,ROJO/    PM LSV  200324
24067,"GRIS/ CARA NEG, ANCA SOMBREADA"
24068,ROJO
24069,bet
24070,ROSADO CLARO
24072,ROSA CLARO
24073,ROJO/ ennumerado 050325
24074,ROSA CLARO
24075,GRIS ROSA
24076,ROJO
24080,PINTO/ neg
24081,LUCERO EN FRENTE
24082,BLANCO
24083,ROJO PINTADO
24085,CHISPEADA/ nro 8 dif/
24086,ROJO/ nro difuso
24087,ROJA SC CARA NEG/
24088,ROJO
24089,ROSADO /  en oreja se lee 7072 y lo correcto es 1077A
24090,EN COLETA DE PARTO SE REGISTRO SEXO MACHO
24091,marr / pmlsv 280424
24092,chisp
24093,SUTE/ ROSADA/ abandono por la madre/
24094,ROJA / pmlsv 280424/criado con la vaca 9091 COLORIN/
24095,ROJA LUN CUELLO/ criada por la vaca 9122/
24096,rojo suave. Cara neg. Se camibio sexo en bd 230726
24098,nacio en caño arenas
24099,rosado beteado  / pmlsv 280424
24100,nació en la parcela/ se llevo de emergencia a SS pero fallecio.
24103,nació en la parcela
24102,ROJO
24101,blanco beteado / pmlsv 280424
24104,rojo suave
24105,rojo lucero grande
24106,rojo beteado/nro madre difuso/
24107,muerto..  
24109,CENIZO
24110,NACIO EN CAÑO ARENAS
24111, / pmlsv 280424
24114,SUTE/  CRIADO POR MANTECAL 0336/
24115,ROJO PINTADO EN PAPADA
24116,MARR/ LUCER PQ
24117,"rojo, mancha BL pata tra iz, lunar anca der"
24118,rojo suave beteado
24119,BLANCA SUTA
24120,ROJA
24121,murio al nacer en la cach
24123,PINTO
24124,ROSADA
24125,rojo con lucero y pata bl
24126,MARRON
24127,ROJO
24128,ROJO/ Se encontró convalesciente en la cachama/
24129,BEIS
24130,PINTADO
24131,MARR BET/
24132,pintado rojo con blanco
24135,el nro 03 difuso/ arete de cobre 050325
24148,marr con lucero padre Melvin/ CRIADA POR YANIRE 8017/
24149,bl con manchas rojas redondas
24152,SUTE /MURIO SU MADRE 081124/
24158,ROSADO PINTADO/ nro 8 dif
24159,ROJA CHISPEADA/
24160,ROJO CHISPEADO PEQUEÑO/ rescatado de los samanes 290726
24162,roja tiene 1/4 luna en la frente
24163,chispeado nro difuso/  TTO contra gusanera en cuernos 020924
BU352,su madre se extravio y quedo sute
24168,NRO DIFUSO
24175,MORTINATO
24182,PINTADO / el 8 diduso/
24183,MURIO EN CAÑO ARENAS RECIEN NACIDO
24185,nro de madre difuso/lunar
24186,nro 05 en oreja izq/ nro dif
BU355,hijo de toldita
24192,MORTINATO
24193,en oreja izq  tiene ambos nros madre y becerro
24195,nro difuso
24198,MOROCHO  DEL 24199
24199,MOROCHO  DEL 24198
24219,neg/nro difuso
24241,MORTINATO
24250,oreja iz mocha
24251,no paso en inventario ene2025 pero Alberto confirmo que estava en vaquera
24255,morocho del 24256/ criado por oveja la 1079/ TATOO SHYS
24256,morocho del 24255/ TATOO SHYS
24257,mortinato/ TATOO SHYS
24263,rojo
J420,NEG/
J01415,se le murio el becerro por mal manejo 271224/
J422,AMA/ SUAVE CC
J424,BL/
J425,LIGERAMENTE CENIZA/
J426,AMA/ CARA DE VACA
24300,ama oscuro/ criado por vaca San Cristobal (2226)
24307,chispeado/ en oreja el nro madre 1507
25016,en oreja el nro madre 0510
25014,NEG /CRIADO POR CARABOBO LA 9
24171,OREJA ROTA 110725
24078,ROJ PPDA CHISP / declarada muerta el 15/08/24  reaparecio en La Parcela el 04 de ago 2025. horas de la noche.
25275,tatuado x carlos /descorne johandri
25276,tatuado x carlos /descorne johandri
25277,BL / tatuado x carlos /descorne johandri
25278,"MARR, LUCERO /tatuado x carlos /descorne johandri"
25279,tatuado x carlos /descorne johandri
25280,tatuado x carlos /descorne johandri
25281,tatuado x carlos /descorne johandri
25283,tatuado x carlos /descorne johandri
25284, tatuado x carlos /descorne johandri
25285,tatuado x carlos /descorne johandri
25287,tatuado x carlos /descorne johandri
25091,neg criado por carbon/ su madre murio
23054,ama
23214,ama bet cc/LECHADO EN COSTADO
24077,beis
2025,cuello oscuro/
25292,tatt Alberto
25293,tatt Alberto
25286,tatt Alberto
25288,tatt Alberto/ criada por pend41/
25289,tatt Alberto
25290,tatt Alberto
25291,tatt Alberto
25093,nro madre errado
25115,nro borroso
25120,nro borroso en oreja
25152,nro borroso
25206,nro borroso
25223,nro borroso
23062,roj osc SC
24079,roj chispeado
24133,bl penacho roj
24137,roj/CCP/ LECHADO EN PLIEGUE PATA
24143,roj limp
24151,coleto 
24153,neg
24155,roj
24184,bet
24189,"NEG, PENACHO ROJ"
24196,bl sucio
24201,roj bet
24202,bet
24203,"roj osc, LECHADO EN CUELLO Y COSTADO"
24213,ama bet
24220,roj
24221,marr
24222,pint
24230,ama 
24239,bet
24243,"roj, papad chisp"
24244,bl
24246,roj
24271,ama
24273,no se vacuno
24274,roj/ Tiene aumento vol pat izq.
24298,nro 8 dif
24303,ama
25011,bet
25017,ama bet
25025,ama
25038,roj
25044,roj
25051,bet penacho roj
25080,ama bet
23045,"AMA MANCHA BL, LUCERO /nro dif"
23051,BET CC /retatuar
23052,CHISP SC  /retatuar
23055,ROJ SC LUNAR EN LOMO
23061,"nro 6 difu   ROJ , SUAVE SC LUNAR DER"
23073,BL TG CC
23074,REV
23092,bl coleto
23105,"rojo,"
23107,bl
23109,nro 9 dif
23129,coleto
23178,chisp
26005,ROJO LUCERO/ TTO CARLOS
26006,MANCHADO  MARR Y BL/
26007,BL/TATT CARLOS
26008,MARR/TATT CARLOS
26009,MARR/  desaparecio en la vaquera recien nacido
26010,PARDO CON PENACHO BL/TATT CARLOS
26011,BL. PENACHO ROJO/TATT CARLOS
26012,PINTADO/TATT CARLOS
26013,BL. PENACHO ROJO//TATT CARLOS
25318,pardo cbz marr/
25319,tatt jose
26015,tatt jose
25313,BL. CBZ ROJA/ tatt Carlos/
25315,CARA DE VENADO/ tatt Carlos/
25317,"ROJ, BETE/ tatt Carlos/"
26001,ROJO GYR/ tatt Carlos/
26003,tatt Carlos/
26014, BL/ tatt Carlos/
26016,ROJO
26017,ROJO PAPAD BL/  su madre murio el 120126 (huerfano)
25314,MARR CON LUCERO/TATT JOSE/
25316,TATTO JOSE/
26015,TATTO JOSE/
25319,TATTO JOSE/
26018,"roj lagarttijo, car"
26019,marr/ car
26020,gyr marr
26021,"marr, frente bl/"
26022,roja
26031,pardo. Cbz. Roja
26032,Rojo
26033,pardo beteado
26034,rojo cola neg. Pata bla/
26035,neg. Mancha bla en cuello der.
26036,bla. Cbz roj./
26037,gris cola negra cbz roja/
26038,"chispeado, lucero/"
23060,ROJ SUAVE SC CARA NEG
23065,ROJ SC
26044,"ROJA, BL INFERIOR"
26045,"ROJA, COLA BL , BL INFERIOR/ criada por 3107, 220226/"
26046,ROJA
26047,"ROJO OSC, PAPADA BL"
26048,"ROJO BET, PATA BL/"
J404,BL
J405,"NEG, CHOCOLATE"
J406,MARR OSC
J408,BET TG
J409,"AMA,"
25021,BL
24299,BL
24262,"TG, PENACHO ROJO"
24179,BET
24172,NEG/ peludo
24204,NEG
24277,ROJA
25294,"marron bet, lunar bl en frente/ tatoo Abraham"
23243,ROSADO SC
24190,EL CERO DIFUSO
23208,AMA BET CC/
26064,BL/ PINTO/ COLA MARR
25163,criado por quibor (9110A)
26065,ROJ. BET. SUAVE /
26066,BL. PINTO/
26067,ROJ /
26068,ROJ FLACO/
26069,"PINTO, FRENTE BL."
26073,tatoo / descor  Sarahys
26074,tatoo / descor  Sarahys
26075,tatoo / descor  Sarahys
26076,tatoo / descor  Sarahys
26077,tatoo / descor  Sarahys
26102,GYR GRIS LUCERO
26103,GYR ROJO SUAVE
26104,ROJO
26105,GYR ROJO PANZA BL
26106,GYR ROJO BET
26107,GYR- BL
26108,CARORA-NEG- COLA BL-
26092,"roja suave, gyr, inferior blanca"
26097,ROJA- GYR- BETEADA
26100,PINTO -ROJO Y BLANCO-CARORA
26101,ROJA-GYR
26110,ROJO PAPADA BL
25104,"NEG, LUCERO"
24200,AMA  LUNAR EN LOMO DER
25025,"AMA, CARA NEG, TG, PENACHO ROJ"
26113,NEG/
26115,MARR
26116,MARR/ BL INFERIOR/ CHISPEADO
26117,MARR/ CHISPEADO GYR
26118,MARR
26119,MARR
26120,BL/ PENACHO OSCURO GYR
26121,PINTO GYR
26122,RASADA
26123,ROJO/ LUCERO/ GYR
26125,MARR-CAR
26126,ROJO-GYR
26127,PINTO-LUCERO-GYR-COLA BL
26130,rojo bet
26131,ROJO
26132,BETEADO ROSADO
26133,ROJO BETEADO
26135,PINTADO MARMOL
26136,ROJO LIMPIO
26137,ROJA OSC
26138,ROJO BET 
26139,NEG CAR LUCERO PECHO BL
26140,ROJO  CBZ OSC LUCERO
26141,BL. CAR- PENACHO MARR
26142,ROSADA_ BETEADA
26143,ROJO.
26144,MARR/ LUCERO/ COLA BL
26147,PINTO
26148,NEG
26149,ROJO BET
26150,ROJO BET
26152,PINTO
26153,PINTO
26154,"PINTO, CBZ ROJA"
26155,CENIZO CUELLO CHISPEADO
24283,el ¨3¨ se lee ¨0¨
26156,NEG
26157,ROJO
26160,ROJO
26161,ROJO OSC.
25183,despunte y quemado de cachos 25/5/26
25211,despunte y qmado de cachos
25177,desp y quem de cachos
25224,"el hierro quedo remarcado y abajo se coloco un""2"""
25098,madre en oreja 21xx
26164,ROJO BET PATA BL
26162,BL CARORA
25232,BET
25233,MARR DESCORNE
25234,MARR
25239,MARR CHISP
25243,MARR CURA GUSANERA
25247,BET
25301,MARR LUCERO
25304,PINTO
26071,MARR CHISP
26112,MARR MANHADO LUCERO
26114,MARR LUCERO
0206B,marr lucero penacho rojo
26027,9/7/2026 se coloco hierro de cria pendiente nro en lomo
25196,enferma 140726
26027,"marr osc, solo hierro de cria 090726"
25218,EL NRO EN LOMO SE ESTA BORRANDO 150726
25174,MARR/
25215,BL/
25128,BL CBZ AMA
25214,BL CARA NEG
25170,BL
25110,MANCHA BL Y NEG
25150,BL
25123,GRIS TROMPA OSC. MANCHA EN OREJA
25231,BL
25166,MARR LUCERO CHORREADO PPD BL
25162,AMA
25165,BL
25186,"ROJ BET, CARA NEG"
25200,"AMA BET, CBZ ROJ"
25230,ROJ
25157,"ROJ, CBZ OSC"
25043,Pinto
26181,bet con lucero
26182,"chispeado, cbz marr"
26183,"MANCHADO NEG Y BL, CARGUZ"
26184,ROJO LIMPIO GYR
26185,"ROJO , CHISPEADO, FRENTE BL. GYR"
26186,PINTO BL
26187,"GRIS, LOMO ROJISO"
26188,"ROSADO, TRONCO Y CBZ ROJA"
26189,ROSADO CLARO
26190,"PINTO, BL Y MARR, LUNAR HOMBRO DER."
26191,NEG/LUCERO
26192,NEG- CAR
BU26016,NACIO EN C4. mas peq. Del promedio
24180,NRO DIFUSO/
25034B,SE ENCONTRO NRO REPETIDO EN TRABAJO DE 260626
26193,nacio ciega
26194,abandonada por la madre adoptada por frescolita(8045)
26195,"neg, car"
26196,pintada gyr
BU94,estuvo en servicio y reaparecio e l030926
26197,ROJA
26203,MARR/ MOTA BL
26204,ROJ FLACA
26163,ROJO
26168,MARR- CAR-LUCERO
26165,GYR- ROJO
26166,AMA BET/ CAR-GYR-
26167,ROJ SUAVE CARGYR
26174,AMA BET. GYR
26169,"MARR, GGYRCAR,LUNAR PALETA IZQ"
26170,"ROJA SUAVE, BETEADA, GYR"
26171,"ROJO,MANCHA EN ANCA, GYR"
26172,"ROJA, MANCHA BL EN PALETA Y PATA IZQ."
26173,"ROJO BET, GYR"
26176,"ROSADA, LUNAR EN PALETA DER"
24233,"BL/ TOPO, CARA NEG"
24191,"BL ,SC, SOMBRA EN CUELLO"
24188,"ROJ CLARO,"
24234,"ROJO BET, CC, CARA OSC"
26205,MARR CLARO MOTA NEG
26206,BL LUCERO MARR/
26207,MARR/ LUCERO BL/ MOTA BL
26208,BETEADO/ CBZ OSC/
26209,nacido en mod 2
24071,MARR
