id,codigo,finca,cargo,fecha,trabajador,cedula_nro,bono_p,apoyo_corr,amance,apoyo_plan_s,redoble,dia_festivo,préstamo_personal,labor_paralela,otro,dcto,moneda,en_letras,obs
1,Alberto,SS,Jefe Vaq,2026-01-15 00:00:00,Alberto Linares,18548376.0,100.0,0.0,0.0,0.0,0.0,0.0,0.0,0.0,0.0,0.0,,,-
2,Alberto,SS,Jefe Vaq,2026-01-31 00:00:00,Alberto Linares,18548376.0,100.0,10.0,60.0,0.0,0.0,0.0,0.0,0.0,0.0,-30.0,,,(2137-2140-22161-9110)
3,Alberto,SS,Jefe Vaq,2026-02-15 00:00:00,Alberto Linares,18548376.0,100.0,15.0,15.0,0.0,0.0,0.0,0.0,0.0,0.0,-30.0,,,(22186)
4,Alberto,SS,Jefe Vaq,2026-02-28 00:00:00,Alberto Linares,18548376.0,100.0,0.0,45.0,0.0,0.0,10.0,0.0,0.0,0.0,-20.0,,,(22160-2087-22177)
5,Alberto,SS,Jefe Vaq,2026-03-15 00:00:00,Alberto Linares,18548376.0,100.0,0.0,30.0,0.0,0.0,0.0,0.0,0.0,0.0,0.0,,,(0307-22112)
6,Alberto,SS,Jefe Vaq,2026-03-30 00:00:00,Alberto Linares,18548376.0,100.0,0.0,15.0,0.0,0.0,0.0,0.0,0.0,0.0,0.0,,, (2500)
7,Alberto,SS,Jefe Vaq,2026-04-15 00:00:00,Alberto Linares,18548376.0,100.0,0.0,0.0,0.0,0.0,40.0,0.0,0.0,0.0,0.0,,,-
8,Alberto,SS,Jefe Vaq,2026-04-30 00:00:00,Alberto Linares,18548376.0,100.0,0.0,15.0,0.0,0.0,0.0,0.0,0.0,0.0,-30.0,,,(22180)
9,Alberto,SS,Jefe Vaq,2026-05-15 00:00:00,Alberto Linares,18548376.0,100.0,0.0,30.0,0.0,0.0,20.0,0.0,0.0,0.0,-30.0,,,(22142/2026)
10,Alberto,SS,Jefe Vaq,2026-05-30 00:00:00,Alberto Linares,18548376.0,80.0,0.0,15.0,35.0,0.0,0.0,0.0,0.0,0.0,0.0,,,(23006)
11,Alberto,SS,Jefe Vaq,2026-06-15 00:00:00,Alberto Linares,18548376.0,100.0,5.0,30.0,0.0,20.0,0.0,0.0,0.0,0.0,-30.0,,,(22126-0311)
12,Alfredo CA,CA,Sup,2026-06-15 00:00:00,ALFREDO QUINTANA,18129858.0,50.0,0.0,0.0,0.0,0.0,0.0,0.0,0.0,20.0,0.0,,,-
13,Anderson,SS,Obrero,2026-06-15 00:00:00,Anderson,,0.0,0.0,0.0,0.0,0.0,0.0,0.0,0.0,10.0,0.0,,,-
14,Carlos,SS,ordeñ,2026-01-15 00:00:00,Carlos Rodriguez,22882274.0,50.0,50.0,0.0,0.0,0.0,0.0,0.0,0.0,0.0,0.0,,,-
15,Carlos,SS,ordeñ,2026-01-31 00:00:00,Carlos Rodriguez,22882274.0,50.0,20.0,0.0,0.0,0.0,0.0,0.0,0.0,0.0,0.0,,,-
16,Carlos,SS,ordeñ,2026-02-15 00:00:00,Carlos Rodriguez,22882274.0,50.0,10.0,15.0,0.0,0.0,0.0,0.0,0.0,0.0,0.0,,,(2109)
17,Carlos,SS,ordeñ,2026-02-28 00:00:00,Carlos Rodriguez,22882274.0,50.0,10.0,0.0,0.0,0.0,10.0,0.0,0.0,0.0,0.0,,,-
18,Carlos,SS,ordeñ,2026-03-15 00:00:00,Carlos Rodriguez,22882274.0,50.0,0.0,45.0,0.0,0.0,0.0,0.0,0.0,0.0,0.0,,,(9126A-2096A2011)
19,Carlos,SS,ordeñ,2026-03-30 00:00:00,Carlos Rodriguez,22882274.0,50.0,20.0,15.0,0.0,0.0,0.0,0.0,0.0,0.0,0.0,,, (22193) 
20,Carlos,SS,ordeñ,2026-04-15 00:00:00,Carlos Rodriguez,22882274.0,50.0,20.0,0.0,0.0,0.0,40.0,0.0,0.0,0.0,0.0,,,-
21,Carlos,SS,ordeñ,2026-04-30 00:00:00,Carlos Rodriguez,22882274.0,50.0,20.0,0.0,0.0,0.0,0.0,0.0,0.0,0.0,0.0,,,-
22,Carlos,SS,ordeñ,2026-05-15 00:00:00,Carlos Rodriguez,22882274.0,50.0,10.0,15.0,0.0,0.0,20.0,0.0,0.0,0.0,-20.0,,,(22116)
23,Carlos,SS,ordeñ,2026-05-30 00:00:00,Carlos Rodriguez,22882274.0,50.0,10.0,0.0,0.0,40.0,0.0,0.0,0.0,0.0,-20.0,,,-
24,Carlos,SS,ordeñ,2026-06-15 00:00:00,carlos Rodriguez,22882274.0,50.0,10.0,0.0,0.0,0.0,0.0,0.0,0.0,0.0,-20.0,,,-
25,Claudio,SS,ordeñ,2026-01-15 00:00:00,Claudio Rodriguez,22384262.0,25.0,20.0,15.0,0.0,0.0,0.0,0.0,10.0,0.0,0.0,,,(2034)
26,Claudio,SS,ordeñ,2026-01-31 00:00:00,Claudio Rodriguez,22384262.0,20.0,10.0,30.0,0.0,0.0,0.0,0.0,10.0,0.0,0.0,,,(0317A-22049)
27,Claudio,SS,ordeñ,2026-06-15 00:00:00,Claudio Rodriguez,22384262.0,0.0,0.0,0.0,0.0,0.0,0.0,0.0,0.0,35.0,0.0,,,-
28,Elio,SS,ordeñ,2026-01-31 00:00:00,DIAS PARICA ELIO JOSE,19562642.0,25.0,0.0,0.0,0.0,0.0,0.0,0.0,0.0,0.0,0.0,,,-
29,Elio,SS,ordeñ,2026-02-15 00:00:00,DIAS PARICA ELIO JOSE,19562642.0,25.0,10.0,0.0,0.0,0.0,0.0,0.0,0.0,0.0,0.0,,,-
30,FERNANDO CA,CA,Obrero,2026-06-15 00:00:00,BUROS ACOSTA FERNANDO JOSE,27862093.0,0.0,0.0,0.0,0.0,0.0,0.0,0.0,0.0,15.0,0.0,,,-
31,FRANKLIN CA,CA,Obrero,2026-06-15 00:00:00,BENAVENTE CABELLO FRANKLIN EDURADO,14195848.0,30.0,0.0,0.0,0.0,0.0,0.0,0.0,0.0,10.0,0.0,,,-
32,Ismael,SS,ordeñ,2026-01-15 00:00:00,BARBOZA PAVIQUE ISMAEL JESUS,37259941.0,25.0,0.0,0.0,0.0,0.0,0.0,0.0,0.0,0.0,0.0,,,-
33,Ismael,SS,ordeñ,2026-01-31 00:00:00,BARBOZA PAVIQUE ISMAEL JESUS,37259941.0,25.0,10.0,0.0,0.0,0.0,0.0,0.0,0.0,0.0,0.0,,,-
34,Ismael,SS,ordeñ,2026-02-15 00:00:00,BARBOZA PAVIQUE ISMAEL JESUS,37259941.0,25.0,10.0,15.0,0.0,0.0,0.0,0.0,0.0,0.0,0.0,,,(0314)
35,Ismael,SS,ordeñ,2026-02-28 00:00:00,BARBOZA PAVIQUE ISMAEL JESUS,37259941.0,25.0,5.0,30.0,0.0,0.0,20.0,0.0,0.0,0.0,0.0,,,(  1103-2110 )
36,Ismael,SS,ordeñ,2026-03-15 00:00:00,BARBOZA PAVIQUE ISMAEL JESUS,37259941.0,25.0,10.0,15.0,0.0,0.0,0.0,0.0,0.0,0.0,0.0,,,(22117)
37,Ismael,SS,ordeñ,2026-03-30 00:00:00,BARBOZA PAVIQUE ISMAEL JESUS,37259941.0,25.0,10.0,0.0,0.0,0.0,0.0,0.0,0.0,0.0,0.0,,,-
38,Ismael,SS,ordeñ,2026-04-15 00:00:00,BARBOZA PAVIQUE ISMAEL JESUS,37259941.0,25.0,10.0,0.0,0.0,0.0,40.0,0.0,0.0,0.0,0.0,,,-
39,Ismael,SS,ordeñ,2026-04-30 00:00:00,BARBOZA PAVIQUE ISMAEL JESUS,37259941.0,25.0,5.0,15.0,0.0,0.0,0.0,0.0,0.0,0.0,0.0,,,(2002)
40,Ismael,SS,ordeñ,2026-05-15 00:00:00,BARBOZA PAVIQUE ISMAEL JESUS,37259941.0,25.0,0.0,15.0,0.0,0.0,20.0,0.0,0.0,0.0,0.0,,,(2145)
41,Ismael,SS,ordeñ,2026-05-30 00:00:00,BARBOZA PAVIQUE ISMAEL JESUS,37259941.0,25.0,5.0,0.0,15.0,0.0,0.0,0.0,0.0,0.0,0.0,,,-
42,Ismael,SS,ordeñ,2026-06-15 00:00:00,BARBOZA PAVIQUE ISMAEL JESUS,37259941.0,25.0,0.0,15.0,0.0,20.0,0.0,0.0,0.0,0.0,0.0,,,(2019)
43,Jhoandri,SS,ordeñ,2026-01-15 00:00:00,Jhoandri Jose Guzman Navarro,31913747.0,25.0,0.0,0.0,0.0,0.0,0.0,0.0,0.0,0.0,0.0,,,-
44,Jonier,SS,ordeñ,2026-01-15 00:00:00,Jonier Jose Seija Parica,,25.0,20.0,0.0,0.0,0.0,0.0,0.0,0.0,0.0,0.0,,,-
45,Jonier,SS,ordeñ,2026-01-31 00:00:00,Jonier Jose Seija Parica,,25.0,10.0,0.0,0.0,0.0,0.0,0.0,0.0,0.0,0.0,,,-
46,Jonier,SS,ordeñ,2026-02-15 00:00:00,Jonier Jose Seija Parica,,25.0,10.0,0.0,0.0,0.0,0.0,0.0,0.0,0.0,0.0,,,-
47,Jonier,SS,ordeñ,2026-02-28 00:00:00,Jonier Jose Seija Parica,,20.0,0.0,30.0,0.0,0.0,20.0,0.0,0.0,0.0,-10.0,,,-
48,Jonier,SS,ordeñ,2026-03-15 00:00:00,Jonier Jose Seija Parica,,25.0,10.0,15.0,0.0,0.0,0.0,0.0,20.0,0.0,-10.0,,,-
49,Jonier,SS,ordeñ,2026-03-30 00:00:00,Jonier Jose Seija Parica,,25.0,10.0,0.0,0.0,0.0,0.0,0.0,10.0,0.0,-10.0,,,-
50,Jonier,SS,ordeñ,2026-04-15 00:00:00,Jonier Jose Seija Parica,,25.0,10.0,0.0,0.0,0.0,20.0,0.0,10.0,0.0,-10.0,,,-
51,Jonier,SS,ordeñ,2026-04-30 00:00:00,Jonier Jose Seija Parica,,25.0,10.0,15.0,0.0,0.0,0.0,0.0,10.0,0.0,-10.0,,,-
52,Jonier,SS,ordeñ,2026-05-15 00:00:00,Jonier Jose Seija Parica,,25.0,10.0,15.0,0.0,0.0,0.0,0.0,10.0,0.0,0.0,,,-
53,Jonier,SS,ordeñ,2026-05-30 00:00:00,Jonier Jose Seija Parica,,0.0,5.0,15.0,0.0,0.0,0.0,0.0,10.0,0.0,0.0,,,-
54,Jonier,SS,ordeñ,2026-06-15 00:00:00,Jonier Jose Seija Parica,,25.0,0.0,15.0,0.0,20.0,0.0,0.0,10.0,0.0,0.0,,,-
55,José CA,CA,ordeñ,2026-06-15 00:00:00,Jose Gregorio mejias Velasquez,27862062.0,50.0,0.0,0.0,0.0,0.0,0.0,0.0,0.0,40.0,0.0,,,(23036)
56,Juan G,SS,Obrero,2026-06-15 00:00:00,JUAN ENRIQUE GARCIA ALCANTARA,32895329.0,0.0,0.0,0.0,0.0,0.0,0.0,0.0,0.0,10.0,0.0,,,-
57,Luis,SS,Obrero,2026-01-31 00:00:00,CARPAVIRE LUIS MANUEL,24999641.0,10.0,0.0,0.0,0.0,0.0,0.0,0.0,0.0,0.0,0.0,,,-
58,Luis,SS,Obrero,2026-02-15 00:00:00,CARPAVIRE LUIS MANUEL,24999641.0,25.0,10.0,0.0,0.0,0.0,0.0,0.0,0.0,0.0,-25.0,,,-
59,Luis,SS,Obrero,2026-02-28 00:00:00,CARPAVIRE LUIS MANUEL,24999641.0,0.0,10.0,0.0,0.0,0.0,0.0,0.0,0.0,0.0,0.0,,,-
60,Luis,SS,Obrero,2026-03-15 00:00:00,CARPAVIRE LUIS MANUEL,24999641.0,25.0,10.0,0.0,0.0,0.0,0.0,0.0,0.0,0.0,0.0,,,-
61,Maicol,SS,Obrero,2026-02-28 00:00:00,Ramirez Pinto Maicol Jose,27454876.0,15.0,0.0,0.0,0.0,0.0,5.0,0.0,0.0,0.0,0.0,,,-
62,Miguel CA,CA,sup,2026-06-15 00:00:00,Miguel Caño Arenas,,40.0,0.0,0.0,0.0,0.0,0.0,0.0,0.0,45.0,-10.0,,,-
63,Mirian CA,CA,Obrero,2026-06-15 00:00:00,Mirian Caño arena,,20.0,0.0,0.0,0.0,0.0,0.0,0.0,0.0,0.0,0.0,,,-
64,Nixon,SS,ordeñ,2026-03-30 00:00:00,Nixon Josue Millan Serrano,32224796.0,25.0,10.0,0.0,0.0,0.0,0.0,0.0,0.0,0.0,0.0,,,-
65,Nixon,SS,ordeñ,2026-04-15 00:00:00,Nixon Josue Millan Serrano,32224796.0,25.0,10.0,0.0,0.0,0.0,20.0,0.0,0.0,0.0,0.0,,,-
66,Nixon,SS,ordeñ,2026-04-30 00:00:00,Nixon Josue Millan Serrano,32224796.0,25.0,10.0,15.0,0.0,0.0,0.0,0.0,0.0,0.0,0.0,,,(2202)
67,Nixon,SS,ordeñ,2026-05-15 00:00:00,Nixon Josue Millan Serrano,32224796.0,25.0,0.0,15.0,0.0,0.0,0.0,0.0,0.0,0.0,0.0,,,(22189)
68,Nixon,SS,ordeñ,2026-05-30 00:00:00,Nixon Josue Millan Serrano,32224796.0,25.0,0.0,15.0,10.0,0.0,0.0,0.0,0.0,0.0,0.0,,,(0294)
69,Parima,SS,Obrero,2026-02-28 00:00:00,0,0.0,0.0,10.0,0.0,0.0,0.0,20.0,0.0,0.0,0.0,0.0,,,-
70,Parima,SS,Obrero,2026-06-15 00:00:00,Parima,,0.0,0.0,0.0,0.0,0.0,0.0,0.0,0.0,25.0,0.0,,,-
71,Pozuelo,SS,ordeñ,2026-01-15 00:00:00,POZUELO ABAD ALBERTO JOSE,31917069.0,25.0,20.0,0.0,0.0,0.0,0.0,0.0,0.0,0.0,0.0,,,-
72,Pozuelo,SS,ordeñ,2026-01-31 00:00:00,POZUELO ABAD ALBERTO JOSE,31917069.0,25.0,10.0,30.0,0.0,0.0,0.0,0.0,0.0,0.0,0.0,,, (1052 y 22098) 
73,Pozuelo,SS,ordeñ,2026-02-15 00:00:00,POZUELO ABAD ALBERTO JOSE,31917069.0,25.0,5.0,0.0,0.0,0.0,0.0,0.0,0.0,0.0,0.0,,,-
74,Pozuelo,SS,ordeñ,2026-02-28 00:00:00,POZUELO ABAD ALBERTO JOSE,31917069.0,25.0,5.0,30.0,0.0,0.0,10.0,0.0,0.0,0.0,0.0,,,(22119-2162)
75,Pozuelo,SS,ordeñ,2026-03-15 00:00:00,POZUELO ABAD ALBERTO JOSE,31917069.0,25.0,10.0,15.0,0.0,0.0,0.0,0.0,0.0,0.0,0.0,,,(22085)
76,Pozuelo,SS,ordeñ,2026-03-30 00:00:00,POZUELO ABAD ALBERTO JOSE,31917069.0,25.0,10.0,0.0,0.0,0.0,0.0,0.0,0.0,0.0,0.0,,,-
77,Pozuelo,SS,ordeñ,2026-04-15 00:00:00,POZUELO ABAD ALBERTO JOSE,31917069.0,25.0,10.0,0.0,0.0,0.0,40.0,0.0,0.0,0.0,-10.0,,,-
78,Pozuelo,SS,ordeñ,2026-04-30 00:00:00,POZUELO ABAD ALBERTO JOSE,31917069.0,25.0,5.0,0.0,0.0,0.0,0.0,0.0,0.0,0.0,-10.0,,,-
79,Pozuelo,SS,ordeñ,2026-05-15 00:00:00,POZUELO ABAD ALBERTO JOSE,31917069.0,25.0,10.0,15.0,0.0,0.0,20.0,0.0,0.0,0.0,-10.0,,,(22151)
80,Pozuelo,SS,ordeñ,2026-05-30 00:00:00,POZUELO ABAD ALBERTO JOSE,31917069.0,25.0,10.0,15.0,0.0,30.0,0.0,0.0,0.0,0.0,0.0,,,(415)
81,Pozuelo,SS,ordeñ,2026-06-15 00:00:00,,31917069.0,25.0,0.0,0.0,0.0,0.0,0.0,0.0,0.0,0.0,0.0,,,-
82,Rafael,SS,Obrero,2026-02-15 00:00:00,RAFAEL JESUS ALMEIDA ROJAS,27373634.0,0.0,20.0,0.0,0.0,0.0,0.0,0.0,0.0,0.0,0.0,,,-
83,Rafael,SS,Obrero,2026-02-28 00:00:00,RAFAEL JESUS ALMEIDA ROJAS,27373634.0,0.0,10.0,0.0,0.0,0.0,0.0,0.0,0.0,0.0,0.0,,,-
84,Rafael,SS,Obrero,2026-03-15 00:00:00,RAFAEL JESUS ALMEIDA ROJAS,27373634.0,10.0,10.0,0.0,0.0,0.0,0.0,0.0,0.0,0.0,0.0,,,-
85,Rafael,SS,Obrero,2026-03-30 00:00:00,RAFAEL JESUS ALMEIDA ROJAS,27373634.0,10.0,5.0,0.0,0.0,0.0,0.0,0.0,0.0,0.0,0.0,,,-
86,Rafael,SS,Obrero,2026-04-15 00:00:00,RAFAEL JESUS ALMEIDA ROJAS,27373634.0,10.0,0.0,0.0,0.0,0.0,0.0,0.0,0.0,40.0,0.0,,,-
87,Rafael,SS,Obrero,2026-04-30 00:00:00,RAFAEL JESUS ALMEIDA ROJAS,27373634.0,10.0,0.0,0.0,0.0,0.0,0.0,0.0,0.0,0.0,0.0,,,-
88,RICARDO CA,CA,Obrero,2026-06-15 00:00:00,DIAZ JOSE RICARDO,22384048.0,30.0,0.0,0.0,0.0,0.0,0.0,0.0,0.0,20.0,0.0,,,-
89,WILDEMAR CA,CA,ordeñ,2026-06-15 00:00:00,ROJAS REQUENA WILDEMAR ENRIQUE,30129394.0,30.0,0.0,0.0,0.0,0.0,0.0,0.0,0.0,10.0,0.0,,,-
