id,nro_pia,nro_de_animal,fecha_de_servicio,hora_de_servicio,toro__semen_,practicante,servicio,obs
1,01-23,8061,2023-03-08 00:00:00,1899-12-30 16:30:00,SUPER,abraham,1.0,
2,01-23,9035,2023-03-08 00:00:00,1899-12-30 05:00:00,MELVIN,abraham,1.0,
3,01-23,0233,2023-03-09 00:00:00,1899-12-30 13:35:00,MELVIN,abraham,1.0,
4,01-23,0272,2023-03-09 00:00:00,1899-12-30 13:30:00,MELVIN,abraham,1.0,
5,01-23,7032,2023-03-09 00:00:00,1899-12-30 08:30:00,CHARMOSO,abraham,1.0,
6,01-23,8037,2023-03-09 00:00:00,1899-12-30 17:30:00,SUPER,abraham,1.0,
7,01-23,9118,2023-03-09 00:00:00,1899-12-30 13:38:00,CHARMOSO,abraham,1.0,
8,01-23,0204,2023-03-10 00:00:00,1899-12-30 15:30:00,MELVIN,abraham,1.0,
9,01-23,0215A,2023-03-10 00:00:00,1899-12-30 15:55:00,MELVIN,abraham,1.0,
10,01-23,8020,2023-03-10 00:00:00,1899-12-30 16:15:00,MELVIN,abraham,1.0,
11,01-23,8076,2023-03-10 00:00:00,1899-12-30 16:47:00,MELVIN,abraham,1.0,
12,01-23,9128B,2023-03-10 00:00:00,1899-12-30 15:00:00,CHARMOSO,abraham,1.0,
13,01-23,7038,2023-03-11 00:00:00,1899-12-30 07:35:00,MELVIN,abraham,1.0,
14,01-23,80841,2023-03-11 00:00:00,1899-12-30 06:26:00,MELVIN,abraham,1.0,
15,01-23,0332,2023-03-11 00:00:00,1899-12-30 06:57:00,MELVIN,abraham,1.0,
16,01-23,0338,2023-03-14 00:00:00,1899-12-30 06:45:00,MELVIN,abraham,1.0,
17,01-23,8041,2023-03-18 00:00:00,1899-12-30 07:40:00,MELVIN,abraham,1.0,
18,01-23,8052,2023-03-18 00:00:00,1899-12-30 07:00:00,MELVIN,abraham,1.0,
19,01-23,8062,2023-03-18 00:00:00,1899-12-30 09:15:00,MELVIN,abraham,1.0,
20,01-23,0349,2023-03-18 00:00:00,1899-12-30 07:20:00,MELVIN,abraham,1.0,
21,01-23,6050,2023-03-19 00:00:00,1899-12-30 18:20:00,MELVIN,abraham,1.0,
22,01-23,7034,2023-03-20 00:00:00,1899-12-30 08:46:00,MELVIN,abraham,1.0,
23,01-23,9113,2023-03-20 00:00:00,1899-12-30 09:00:00,MELVIN,abraham,1.0,
24,01-23,8066,2023-03-21 00:00:00,1899-12-30 20:10:00,MELVIN,abraham,1.0,
25,01-23,5030,2023-03-22 00:00:00,1899-12-30 07:00:00,SUPER,abraham,1.0,
26,01-23,7022,2023-03-22 00:00:00,1899-12-30 06:40:00,MELVIN,abraham,1.0,
27,01-23,9024,2023-03-23 00:00:00,1899-12-30 19:20:00,SUPER,abraham,1.0,
28,01-23,9110A,2023-03-23 00:00:00,1899-12-30 19:35:00,MELVIN,abraham,1.0,
29,01-23,91121,2023-03-23 00:00:00,1899-12-30 19:10:00,MELVIN,abraham,1.0,
30,01-23,0229,2023-03-25 00:00:00,1899-12-30 06:10:00,MELVIN,abraham,1.0,
31,01-23,8011,2023-03-25 00:00:00,1899-12-30 18:23:00,MELVIN,abraham,1.0,
32,01-23,9011,2023-03-25 00:00:00,1899-12-30 06:00:00,MELVIN,abraham,1.0,
33,01-23,9015,2023-03-26 00:00:00,1899-12-30 18:00:00,MELVIN,abraham,1.0,
34,01-23,9104,2023-03-26 00:00:00,1899-12-30 06:30:00,MELVIN,abraham,1.0,
35,01-23,0206A,2023-03-27 00:00:00,1899-12-30 18:07:00,MELVIN,abraham,1.0,
36,01-23,214E,2023-03-27 00:00:00,1899-12-30 06:06:00,MELVIN,abraham,1.0,
37,01-23,7061,2023-03-27 00:00:00,1899-12-30 06:26:00,MELVIN,abraham,1.0,
38,01-23,9058,2023-03-28 00:00:00,1899-12-30 06:20:00,MELVIN,abraham,1.0,
39,01-23,9099,2023-03-28 00:00:00,1899-12-30 06:35:00,SUPER,abraham,1.0,
40,01-23,9125,2023-03-28 00:00:00,1899-12-30 17:00:00,SUPER,abraham,1.0,
41,01-23,9061,2023-03-29 00:00:00,1899-12-30 07:10:00,MELVIN,abraham,1.0,
42,01-23,91242,2023-03-31 00:00:00,1899-12-30 18:06:00,MELVIN,abraham,1.0,
43,01-23,30212,2023-04-02 00:00:00,1899-12-30 06:00:00,MELVIN,abraham,1.0,
44,01-23,8006,2023-04-03 00:00:00,1899-12-30 18:30:00,MELVIN,abraham,1.0,
45,01-23,0249,2023-04-05 00:00:00,1899-12-30 18:30:00,MELVIN,abraham,1.0,
46,01-23,9037,2023-04-05 00:00:00,1899-12-30 18:10:00,MELVIN,abraham,1.0,
47,01-23,0298A,2023-04-11 00:00:00,1899-12-30 06:00:00,MELVIN,abraham,1.0,
48,01-23,8074,2023-04-12 00:00:00,1899-12-30 08:30:00,CHARMOSO,abraham,1.0,
49,01-23,8085,2023-04-13 00:00:00,1899-12-30 18:00:00,CHARMOSO,abraham,1.0,
50,01-23,5111,2023-04-14 00:00:00,1899-12-30 18:30:00,CHARMOSO,abraham,1.0,
51,01-23,91091,2023-04-14 00:00:00,1899-12-30 07:05:00,SUPER,abraham,1.0,
52,01-23,9006,2023-04-15 00:00:00,1899-12-30 18:00:00,CHARMOSO,abraham,1.0,
53,01-23,9030,2023-04-16 00:00:00,1899-12-30 06:30:00,SUPER,abraham,1.0,
54,01-23,91172,2023-04-17 00:00:00,1899-12-30 06:00:00,SUPER,abraham,1.0,
55,01-23,0241,2023-04-18 00:00:00,1899-12-30 17:00:00,SUPER,abraham,1.0,
56,01-23,9073,2023-04-19 00:00:00,1899-12-30 19:00:00,MELVIN,abraham,1.0,
57,01-23,9064,2023-04-20 00:00:00,1899-12-30 08:37:00,SUPER,abraham,1.0,
58,01-23,9091,2023-04-21 00:00:00,1899-12-30 08:10:00,SUPER,abraham,1.0,
59,01-23,9082,2023-04-24 00:00:00,1899-12-30 07:00:00,SUPER,abraham,1.0,
60,01-23,5043,2023-04-27 00:00:00,1899-12-30 18:00:00,SUPER,abraham,1.0,
61,01-23,0233,2023-03-29 00:00:00,1899-12-30 06:50:00,SUPER,abraham,2.0,
62,01-23,8037,2023-03-29 00:00:00,1899-12-30 06:56:00,MELVIN,abraham,2.0,
63,01-23,0332,2023-03-31 00:00:00,1899-12-30 18:00:00,SUPER,abraham,2.0,
64,01-23,8041,2023-04-07 00:00:00,1899-12-30 17:30:00,MELVIN,abraham,2.0,
65,01-23,8052,2023-04-07 00:00:00,1899-12-30 18:30:00,MELVIN,abraham,2.0,
66,01-23,0349,2023-04-07 00:00:00,1899-12-30 17:00:00,MELVIN,abraham,2.0,
67,01-23,5030,2023-04-12 00:00:00,1899-12-30 07:20:00,CHARMOSO,abraham,2.0,
68,01-23,9024,2023-04-12 00:00:00,1899-12-30 07:00:00,SUPER,abraham,2.0,
69,01-23,9110A,2023-04-12 00:00:00,1899-12-30 08:00:00,SUPER,abraham,2.0,
70,01-23,91121,2023-04-10 00:00:00,1899-12-30 17:30:00,MELVIN,abraham,2.0,
71,01-23,9011,2023-04-14 00:00:00,1899-12-30 06:00:00,CHARMOSO,abraham,2.0,
72,01-23,0206A,2023-04-17 00:00:00,1899-12-30 06:30:00,CHARMOSO,abraham,2.0,
73,01-23,7061,2023-04-16 00:00:00,1899-12-30 06:20:00,SUPER,abraham,2.0,
74,01-23,30212,2023-04-21 00:00:00,1899-12-30 08:00:00,MELVIN,abraham,2.0,
75,02-23,9112B,2023-08-22 00:00:00,1899-12-30 19:40:00,SUPER,Abraham,1.0,
76,02-23,91121,2023-08-22 00:00:00,1899-12-30 19:40:00,MELVIN,Abraham,1.0,
77,02-23,9064,2023-08-17 00:00:00,1899-12-30 06:40:00,SUPER,Abraham,1.0,
78,02-23,8011,2023-08-27 00:00:00,1899-12-30 08:56:00,MELVIN,Abraham,1.0,
79,02-23,0299A,2023-08-26 00:00:00,1899-12-30 18:40:00,MELVIN,Abraham,1.0,
80,001-24,2208A,2024-02-10 00:00:00,1899-12-30 05:45:00,SUPER,Abraham,1.0,
81,001-24,91171,2024-02-14 00:00:00,1899-12-30 04:20:00,MELVIN,Abraham,1.0,cuello quebrado
82,001-24,9007,2024-02-20 00:00:00,1899-12-30 10:00:00,MELVIN,Abraham,1.0,limo sucio
83,001-24,8096,2024-02-28 00:00:00,1899-12-30 01:35:00,SUPER,Abraham,1.0,
84,,,,,,,,
85,,,,,,,,
86,,,,,,,,
87,,,,,,,,
88,,,,,,,,
89,,,,,,,,
90,,,,,,,,
91,,,,,,,,
92,,,,,,,,
93,,,,,,,,
94,,,,,,,,
95,,,,,,,,
96,,,,,,,,
97,,,,,,,,
98,,,,,,,,
99,,,,,,,,
100,,,,,,,,
101,,,,,,,,
102,,,,,,,,
103,,,,,,,,
104,,,,,,,,
105,,,,,,,,
106,,,,,,,,
107,,,,,,,,
108,,,,,,,,
109,,,,,,,,
110,,,,,,,,
111,,,,,,,,
112,,,,,,,,
113,,,,,,,,
114,,,,,,,,
115,,,,,,,,
116,,,,,,,,
117,,,,,,,,
118,,,,,,,,
119,,,,,,,,
120,,,,,,,,
121,,,,,,,,
122,,,,,,,,
123,,,,,,,,
124,,,,,,,,
125,,,,,,,,
126,,,,,,,,
127,,,,,,,,
128,,,,,,,,
129,,,,,,,,
130,,,,,,,,
131,,,,,,,,
132,,,,,,,,
133,,,,,,,,
134,,,,,,,,
135,,,,,,,,
136,,,,,,,,
137,,,,,,,,
138,,,,,,,,
139,,,,,,,,
140,,,,,,,,
141,,,,,,,,
142,,,,,,,,
143,,,,,,,,
144,,,,,,,,
145,,,,,,,,
146,,,,,,,,
147,,,,,,,,
148,,,,,,,,
149,,,,,,,,
150,,,,,,,,
151,,,,,,,,
152,,,,,,,,
153,,,,,,,,
154,,,,,,,,
155,,,,,,,,
156,,,,,,,,
157,,,,,,,,
158,,,,,,,,
159,,,,,,,,
160,,,,,,,,
