id,nro_animal,fecha_sangrado,idem_muestra
1,1168,2024-05-17 00:00:00,24
2,7076,2024-05-17 00:00:00,22
3,9128B,2024-05-17 00:00:00,21
4,SNA,2024-05-17 00:00:00,25
5,TORO5,2024-05-17 00:00:00,23
6,2035,2024-05-16 00:00:00,01
7,0214,2024-05-16 00:00:00,02
8,0292,2024-05-16 00:00:00,03
9,1257,2024-05-16 00:00:00,04
10,0004,2024-05-16 00:00:00,05
11,0195,2024-05-16 00:00:00,06
12,1098A,2024-05-16 00:00:00,07
13,0223A,2024-05-16 00:00:00,08
14,0110,2024-05-16 00:00:00,09
15,0217,2024-05-16 00:00:00,10
16,0335,2024-05-16 00:00:00,11
17,0094,2024-05-16 00:00:00,12
18,MSN1,2024-05-16 00:00:00,13
19,MSN15,2024-05-16 00:00:00,14
20,0279,2024-05-16 00:00:00,15
21,1074A,2024-05-16 00:00:00,16
22,0242,2024-05-16 00:00:00,17
23,0212,2024-05-16 00:00:00,18
24,MSN4,2024-05-16 00:00:00,19
25,9136A,2024-05-16 00:00:00,20
26,0018,2024-05-30 00:00:00,153
27,0111,2024-05-30 00:00:00,242
28,0132,2024-05-30 00:00:00,189
29,0201,2024-05-30 00:00:00,229
30,0202,2024-05-30 00:00:00,144
31,0220,2024-05-30 00:00:00,140
32,0226,2024-05-30 00:00:00,215
33,0229,2024-05-30 00:00:00,201
34,0231A,2024-05-30 00:00:00,167
35,0233,2024-05-30 00:00:00,264
36,0241,2024-05-30 00:00:00,220
37,0249,2024-05-30 00:00:00,261
38,0259,2024-05-30 00:00:00,196
39,0269,2024-05-30 00:00:00,176
40,0272,2024-05-30 00:00:00,216
41,0278,2024-05-30 00:00:00,174
42,0284,2024-05-30 00:00:00,203
43,0298A,2024-05-30 00:00:00,171
44,0322,2024-05-30 00:00:00,217
45,0323,2024-05-30 00:00:00,255
46,0329,2024-05-30 00:00:00,227
47,0332,2024-05-30 00:00:00,193
48,0333,2024-05-30 00:00:00,211
49,0336,2024-05-30 00:00:00,200
50,0338,2024-05-30 00:00:00,181
51,0500,2024-05-30 00:00:00,168
52,0740,2024-05-30 00:00:00,154
53,1004,2024-05-30 00:00:00,169
54,1066A,2024-05-30 00:00:00,164
55,1091A,2024-05-30 00:00:00,236
56,1095A,2024-05-30 00:00:00,214
57,1139A,2024-05-30 00:00:00,148
58,19,2024-05-30 00:00:00,151
59,2021,2024-05-30 00:00:00,145
60,20334,2024-05-30 00:00:00,195
61,2047,2024-05-30 00:00:00,177
62,2050,2024-05-30 00:00:00,178
63,2063A,2024-05-30 00:00:00,136
64,2073,2024-05-30 00:00:00,175
65,2080,2024-05-30 00:00:00,188
66,2083,2024-05-30 00:00:00,137
67,2090A,2024-05-30 00:00:00,259
68,2094A,2024-05-30 00:00:00,163
69,2096,2024-05-30 00:00:00,228
70,2130,2024-05-30 00:00:00,237
71,2133A,2024-05-30 00:00:00,155
72,2171,2024-05-30 00:00:00,249
73,2180A,2024-05-30 00:00:00,191
74,2208A,2024-05-30 00:00:00,152
75,2209A,2024-05-30 00:00:00,218
76,2226,2024-05-30 00:00:00,139
77,30212,2024-05-30 00:00:00,241
78,3021A,2024-05-30 00:00:00,149
79,3024A,2024-05-30 00:00:00,162
80,3027A,2024-05-30 00:00:00,198
81,3043,2024-05-30 00:00:00,172
82,3066B,2024-05-30 00:00:00,150
83,3107,2024-05-30 00:00:00,180
84,3119,2024-05-30 00:00:00,134
85,3132,2024-05-30 00:00:00,161
86,34,2024-05-30 00:00:00,224
87,3750,2024-05-30 00:00:00,183
88,4025,2024-05-30 00:00:00,158
89,4035,2024-05-30 00:00:00,173
90,4087,2024-05-30 00:00:00,160
91,4095,2024-05-30 00:00:00,260
92,4141,2024-05-30 00:00:00,239
93,4A,2024-05-30 00:00:00,138
94,5007,2024-05-30 00:00:00,251
95,5010,2024-05-30 00:00:00,166
96,5030,2024-05-30 00:00:00,223
97,5033,2024-05-30 00:00:00,146
98,5052,2024-05-30 00:00:00,222
99,5060,2024-05-30 00:00:00,254
100,5076,2024-05-30 00:00:00,243
101,5150,2024-05-30 00:00:00,141
102,5529,2024-05-30 00:00:00,221
103,5592,2024-05-30 00:00:00,235
104,5629,2024-05-30 00:00:00,266
105,5638,2024-05-30 00:00:00,244
107,6035,2024-05-30 00:00:00,230
108,6043,2024-05-30 00:00:00,226
109,6067,2024-05-30 00:00:00,190
110,7007,2024-05-30 00:00:00,156
111,7012,2024-05-30 00:00:00,185
112,7017,2024-05-30 00:00:00,187
113,7022,2024-05-30 00:00:00,210
114,7028,2024-05-30 00:00:00,170
115,7059,2024-05-30 00:00:00,202
116,7061,2024-05-30 00:00:00,219
117,7077,2024-05-30 00:00:00,199
118,7080,2024-05-30 00:00:00,233
119,7083,2024-05-30 00:00:00,133
120,7087,2024-05-30 00:00:00,135
121,8006,2024-05-30 00:00:00,252
122,8011,2024-05-30 00:00:00,213
123,80121,2024-05-30 00:00:00,192
124,8017,2024-05-30 00:00:00,246
125,80272,2024-05-30 00:00:00,240
126,8030,2024-05-30 00:00:00,247
127,8036,2024-05-30 00:00:00,245
128,8037,2024-05-30 00:00:00,205
129,8046,2024-05-30 00:00:00,157
130,8050,2024-05-30 00:00:00,194
131,8054,2024-05-30 00:00:00,253
132,8061,2024-05-30 00:00:00,165
133,8062,2024-05-30 00:00:00,225
134,8063,2024-05-30 00:00:00,186
135,8076,2024-05-30 00:00:00,212
136,8079,2024-05-30 00:00:00,262
137,80882,2024-05-30 00:00:00,258
138,809,2024-05-30 00:00:00,256
139,8094,2024-05-30 00:00:00,147
140,8096,2024-05-30 00:00:00,182
141,9006,2024-05-30 00:00:00,209
142,9007,2024-05-30 00:00:00,234
143,9015,2024-05-30 00:00:00,265
144,9020,2024-05-30 00:00:00,142
145,9037,2024-05-30 00:00:00,250
146,9053,2024-05-30 00:00:00,204
147,9058,2024-05-30 00:00:00,179
148,9073,2024-05-30 00:00:00,207
149,9076,2024-05-30 00:00:00,238
150,9091,2024-05-30 00:00:00,206
151,9099,2024-05-30 00:00:00,232
152,9103,2024-05-30 00:00:00,257
153,91171,2024-05-30 00:00:00,208
154,91242,2024-05-30 00:00:00,231
155,9125,2024-05-30 00:00:00,248
156,91262,2024-05-30 00:00:00,184
157,9238,2024-05-30 00:00:00,263
158,9389,2024-05-30 00:00:00,143
159,EMB 2,2024-05-30 00:00:00,159
160,BU01251,2024-06-01 00:00:00,267
161,BU004,2024-06-01 00:00:00,268
162,BU316,2024-06-01 00:00:00,269
163,BU002,2024-06-01 00:00:00,270
164,BU329,2024-06-01 00:00:00,271
165,BU330,2024-06-01 00:00:00,272
166,BU053,2024-06-01 00:00:00,273
167,BU331,2024-06-01 00:00:00,274
168,BU062,2024-06-01 00:00:00,275
169,BU332,2024-06-01 00:00:00,276
170,BU333,2024-06-01 00:00:00,277
171,BU106,2024-06-01 00:00:00,278
172,BU334,2024-06-01 00:00:00,279
173,BU035,2024-06-01 00:00:00,280
174,BU052,2024-06-01 00:00:00,281
175,BU335,2024-06-01 00:00:00,282
176,BU336,2024-06-01 00:00:00,283
177,BU337,2024-06-01 00:00:00,284
178,BU338,2024-06-01 00:00:00,285
179,BU339,2024-06-01 00:00:00,286
180,BU340,2024-06-01 00:00:00,287
181,BU341,2024-06-01 00:00:00,288
182,BU342,2024-06-01 00:00:00,289
183,BU036,2024-06-01 00:00:00,290
184,BU343,2024-06-01 00:00:00,291
185,BU344,2024-06-01 00:00:00,292
186,BU057,2024-06-01 00:00:00,293
187,BU345,2024-06-01 00:00:00,294
188,BU346,2024-06-01 00:00:00,295
189,BU347,2024-06-01 00:00:00,296
190,BU348,2024-06-01 00:00:00,297
191,BU349,2024-06-01 00:00:00,298
192,BU019,2024-06-01 00:00:00,299
193,BU350,2024-06-01 00:00:00,300
194,BU351,2024-06-01 00:00:00,301
195,0114,2024-05-22 00:00:00,64
196,0128,2024-05-22 00:00:00,52
197,0139,2024-05-22 00:00:00,122
198,0211,2024-05-22 00:00:00,59
199,0215A,2024-05-22 00:00:00,33
200,0224,2024-05-22 00:00:00,119
201,0225,2024-05-22 00:00:00,61
202,0258,2024-05-22 00:00:00,106
203,0263,2024-05-22 00:00:00,40
204,0271,2024-05-22 00:00:00,62
205,0291,2024-05-22 00:00:00,101
206,0294,2024-05-22 00:00:00,37
207,0320,2024-05-22 00:00:00,51
208,0326,2024-05-22 00:00:00,71
209,0343,2024-05-22 00:00:00,97
210,0349,2024-05-22 00:00:00,60
211,0352,2024-05-22 00:00:00,70
212,10391,2024-05-22 00:00:00,126
213,1077A,2024-05-22 00:00:00,102
214,1109A,2024-05-22 00:00:00,112
215,1117,2024-05-22 00:00:00,27
216,1123,2024-05-22 00:00:00,103
217,1128,2024-05-22 00:00:00,73
218,1188,2024-05-22 00:00:00,96
219,12164,2024-05-22 00:00:00,105
220,1310,2024-05-22 00:00:00,77
221,2,2024-05-22 00:00:00,83
222,2025A,2024-05-22 00:00:00,114
223,20337,2024-05-22 00:00:00,79
224,2062,2024-05-22 00:00:00,58
225,2093A,2024-05-22 00:00:00,116
226,2097,2024-05-22 00:00:00,50
227,21027,2024-05-22 00:00:00,124
228,2224,2024-05-22 00:00:00,131
229,3015,2024-05-22 00:00:00,54
230,3028A,2024-05-22 00:00:00,28
231,3044A,2024-05-22 00:00:00,45
232,3084,2024-05-22 00:00:00,104
233,32,2024-05-22 00:00:00,110
234,3227,2024-05-22 00:00:00,46
235,4007,2024-05-22 00:00:00,42
236,40072,2024-05-22 00:00:00,89
237,4023,2024-05-22 00:00:00,38
238,4033,2024-05-22 00:00:00,128
239,4034,2024-05-22 00:00:00,66
240,4043,2024-05-22 00:00:00,113
241,4048,2024-05-22 00:00:00,94
242,4053,2024-05-22 00:00:00,80
243,4055,2024-05-22 00:00:00,115
244,406,2024-05-22 00:00:00,44
245,4072,2024-05-22 00:00:00,108
246,4076,2024-05-22 00:00:00,130
247,4078,2024-05-22 00:00:00,69
248,4100,2024-05-22 00:00:00,93
249,4109,2024-05-22 00:00:00,32
250,4143,2024-05-22 00:00:00,72
251,5013,2024-05-22 00:00:00,47
252,5027,2024-05-22 00:00:00,29
254,5043,2024-05-22 00:00:00,81
255,50741,2024-05-22 00:00:00,63
256,5090,2024-05-22 00:00:00,91
257,5111,2024-05-22 00:00:00,49
258,5144,2024-05-22 00:00:00,100
259,6008,2024-05-22 00:00:00,74
260,6021,2024-05-22 00:00:00,55
261,6028,2024-05-22 00:00:00,78
262,6037,2024-05-22 00:00:00,127
263,6070,2024-05-22 00:00:00,88
264,7021,2024-05-22 00:00:00,111
265,7038,2024-05-22 00:00:00,68
266,7066,2024-05-22 00:00:00,117
267,7092,2024-05-22 00:00:00,118
268,8004,2024-05-22 00:00:00,109
269,8005,2024-05-22 00:00:00,53
270,8007,2024-05-22 00:00:00,75
271,8019,2024-05-22 00:00:00,35
272,8020,2024-05-22 00:00:00,34
273,8039,2024-05-22 00:00:00,43
274,80472,2024-05-22 00:00:00,67
275,8057,2024-05-22 00:00:00,99
276,8066,2024-05-22 00:00:00,31
277,8067,2024-05-22 00:00:00,57
278,8072,2024-05-22 00:00:00,76
279,8078,2024-05-22 00:00:00,120
280,8085,2024-05-22 00:00:00,65
281,8089,2024-05-22 00:00:00,95
282,8093,2024-05-22 00:00:00,92
283,89,2024-05-22 00:00:00,82
284,9,2024-05-22 00:00:00,85
285,9011,2024-05-22 00:00:00,87
286,9014,2024-05-22 00:00:00,98
287,9018B,2024-05-22 00:00:00,86
288,9023,2024-05-22 00:00:00,121
289,9024,2024-05-22 00:00:00,30
290,9045,2024-05-22 00:00:00,129
291,9047,2024-05-22 00:00:00,26
292,9051,2024-05-22 00:00:00,56
293,9100,2024-05-22 00:00:00,48
294,9104,2024-05-22 00:00:00,123
295,9109B,2024-05-22 00:00:00,39
296,9116B,2024-05-22 00:00:00,90
297,9128A,2024-05-22 00:00:00,125
298,8338,2024-05-22 00:00:00,132
300,s/nc,2024-11-08 00:00:00,lebron
343,9042,2024-11-08 00:00:00,9042
344,5111,2024-11-08 00:00:00,5111
345,2013,2024-11-08 00:00:00,2013
346,9136,2024-11-08 00:00:00,9136
347,8020,2024-11-08 00:00:00,8020
348,s/nh,2024-11-08 00:00:00,brasilera
349,8016,2024-11-08 00:00:00,8016
350,89,2024-11-08 00:00:00,89
351,3044A,2024-11-08 00:00:00,3044A
352,2,2024-11-08 00:00:00,2
353,S/NB,2024-11-08 00:00:00,mariu
354,8007,2024-11-08 00:00:00,8007
355,8013,2024-11-08 00:00:00,8013
356,4143,2024-11-08 00:00:00,4143
357,6017,2024-11-08 00:00:00,6017
358,5035,2024-11-08 00:00:00,5035
359,8032,2024-11-08 00:00:00,8032
360,8063,2024-11-08 00:00:00,8063
361,3038A,2024-11-08 00:00:00,3038A
362,7021,2024-11-08 00:00:00,7021
363,2025A,2024-11-08 00:00:00,2025A
364,8057,2024-11-08 00:00:00,8057
365,9064,2024-11-08 00:00:00,9064
366,8338,2024-11-08 00:00:00,8338
367,5027,2024-11-08 00:00:00,5027
368,406,2024-11-08 00:00:00,406
369,8015,2024-11-08 00:00:00,8015
370,8040,2024-11-08 00:00:00,8040
371,2150,2024-11-08 00:00:00,2150
372,5013,2024-11-08 00:00:00,5013
373,32,2024-11-08 00:00:00,32
374,5043,2024-11-08 00:00:00,5043
375,2051,2024-11-08 00:00:00,2051
376,5010,2024-11-08 00:00:00,5010
377,3093,2024-11-08 00:00:00,3093
378,7049,2024-11-08 00:00:00,7049
379,5041,2024-11-08 00:00:00,5041
380,8003,2024-11-08 00:00:00,8003
381,2079,2024-11-08 00:00:00,2079
382,80921,2024-11-08 00:00:00,80921
383,7004,2024-11-08 00:00:00,7004
384,4008,2024-11-08 00:00:00,4008
385,SN50,2024-11-11 00:00:00,1
386,0127,2024-11-11 00:00:00,2
387,23011,2024-11-11 00:00:00,3
388,2094,2024-11-11 00:00:00,4
389,2154,2024-11-11 00:00:00,5
390,2167,2024-11-11 00:00:00,6
391,2067,2024-11-11 00:00:00,7
392,2039A,2024-11-11 00:00:00,8
393,2174,2024-11-11 00:00:00,9
394,22188,2024-11-11 00:00:00,10
395,1237,2024-11-11 00:00:00,11
396,2159,2024-11-11 00:00:00,12
397,22194,2024-11-11 00:00:00,13
398,22168,2024-11-11 00:00:00,14
399,1070,2024-11-11 00:00:00,15
400,22209,2024-11-11 00:00:00,16
401,0116A,2024-11-11 00:00:00,17
402,22100,2024-11-11 00:00:00,18
403,2106,2024-11-11 00:00:00,19
404,1067,2024-11-11 00:00:00,20
405,2149,2024-11-11 00:00:00,21
406,22118,2024-11-11 00:00:00,22
407,2170,2024-11-11 00:00:00,23
408,2054,2024-11-11 00:00:00,24
409,0204B,2024-11-11 00:00:00,25
410,1068A,2024-11-11 00:00:00,26
411,2058,2024-11-11 00:00:00,27
412,2001B,2024-11-11 00:00:00,28
413,22157,2024-11-11 00:00:00,29
414,23146,2024-11-11 00:00:00,30
415,22166,2024-11-11 00:00:00,31
416,22178,2024-11-11 00:00:00,32
417,22132,2024-11-11 00:00:00,33
418,2004,2024-11-11 00:00:00,34
419,23004,2024-11-11 00:00:00,35
420,1133,2024-11-11 00:00:00,36
421,1070A,2024-11-11 00:00:00,37
422,2045,2024-11-11 00:00:00,38
423,1082A,2024-11-11 00:00:00,39
424,2053,2024-11-11 00:00:00,40
425,2099,2024-11-11 00:00:00,41
426,2155,2024-11-11 00:00:00,42
427,22158,2024-11-11 00:00:00,43
428,1085,2024-11-11 00:00:00,44
429,0185,2024-11-11 00:00:00,45
430,2005B,2024-11-11 00:00:00,46
431,22115,2024-11-11 00:00:00,47
432,22185,2024-11-11 00:00:00,48
433,2010,2024-11-11 00:00:00,49
434,22206,2024-11-11 00:00:00,50
435,1044,2024-11-11 00:00:00,51
436,1104,2024-11-11 00:00:00,52
437,1092A,2024-11-11 00:00:00,53
438,2056,2024-11-11 00:00:00,54
439,2041,2024-11-11 00:00:00,55
440,2092,2024-11-11 00:00:00,56
441,0109A,2024-11-11 00:00:00,57
442,2101,2024-11-11 00:00:00,58
443,2029,2024-11-11 00:00:00,59
444,2025,2024-11-11 00:00:00,60
445,2044,2024-11-11 00:00:00,61
446,22114,2024-11-11 00:00:00,62
447,1077,2024-11-11 00:00:00,63
448,1097A,2024-11-11 00:00:00,64
449,1027A,2024-11-11 00:00:00,65
450,22120,2024-11-11 00:00:00,66
451,1093,2024-11-11 00:00:00,67
452,1055A,2024-11-11 00:00:00,68
453,1018,2024-11-11 00:00:00,69
454,23015,2024-11-11 00:00:00,70
455,1076,2024-11-11 00:00:00,71
456,1101A,2024-11-11 00:00:00,72
457,1056,2024-11-11 00:00:00,73
458,099,2024-11-11 00:00:00,74
459,1008,2024-11-11 00:00:00,75
460,1096A,2024-11-11 00:00:00,76
461,1033,2024-11-11 00:00:00,77
462,22181,2024-11-11 00:00:00,78
463,1130A,2024-11-11 00:00:00,79
464,1112,2024-11-11 00:00:00,80
465,2090,2024-11-11 00:00:00,81
466,2022,2024-11-11 00:00:00,82
467,1064,2024-11-11 00:00:00,83
