id,nro_animal,fecha_secado,peso_kg_al_secar
1,0132,2022-11-23 00:00:00,
2,0138,2022-12-03 00:00:00,
3,0500,2022-11-28 00:00:00,
4,0740,2023-07-03 00:00:00,
5,1015 ,2023-05-24 00:00:00,
6,2021,2023-05-31 00:00:00,515.0
7,2063A,2023-05-24 00:00:00,
8,2073,2022-11-23 00:00:00,
9,2083,2023-05-31 00:00:00,365.0
10,2130,2022-11-23 00:00:00,
11,2143,2022-11-23 00:00:00,
12,2169,2023-07-03 00:00:00,
13,2171,2022-12-10 00:00:00,
14,2219,2023-05-24 00:00:00,
15,2226,2023-07-10 00:00:00,
16,2234,2023-05-04 00:00:00,
17,3021A,2023-08-10 00:00:00,
18,3107,2023-02-10 00:00:00,
19,31102,2023-02-12 00:00:00,
20,3119,2023-07-13 00:00:00,466.0
21,3750,2022-12-10 00:00:00,
22,4007,2023-06-23 00:00:00,
23,40072,2023-04-01 00:00:00,
24,4018,2023-07-10 00:00:00,
25,4047,2022-12-10 00:00:00,
26,4055,2023-05-04 00:00:00,
27,4073,2022-11-23 00:00:00,
28,4075,2022-11-23 00:00:00,
29,4087,2023-05-04 00:00:00,
30,4101,2023-03-25 00:00:00,
31,4147,2023-05-04 00:00:00,
32,4151,2023-04-17 00:00:00,
33,4685,2023-07-06 00:00:00,
34,5010,2022-12-15 00:00:00,
35,5041,2022-11-23 00:00:00,
36,5070,2022-11-23 00:00:00,
37,50741,2023-06-23 00:00:00,365.0
38,5144,2023-06-23 00:00:00,
39,5679,2023-05-04 00:00:00,
40,6011,2023-03-30 00:00:00,
41,6020,2023-06-23 00:00:00,295.0
42,6021,2023-01-30 00:00:00,
43,6035,2023-03-30 00:00:00,
44,6043,2023-08-01 00:00:00,
45,7028,2022-12-15 00:00:00,
46,7083,2023-05-24 00:00:00,
47,7087,2022-12-10 00:00:00,
48,80121,2023-07-27 00:00:00,
49,8084B,2022-12-22 00:00:00,
50,9389,2023-04-17 00:00:00,
51,9904,2023-05-04 00:00:00,
52,SNA,2023-08-02 00:00:00,
53,S/NB,2023-05-04 00:00:00,
54,S/NC,2022-11-23 00:00:00,
55,EMB 1,2022-11-28 00:00:00,
56,EMB 2,2022-11-30 00:00:00,
57,2196A,2023-05-31 00:00:00,
58,3003A,2023-02-10 00:00:00,
59,2124A,2023-01-30 00:00:00,
60,2208A,2023-07-10 00:00:00,
61,2148A,2023-06-23 00:00:00,
62,3026A,2023-03-08 00:00:00,
63,2094A,2023-08-02 00:00:00,
64,3024A,2023-08-02 00:00:00,
65,2149A,2023-02-10 00:00:00,
66,2093A,2022-11-23 00:00:00,
67,3066B,2023-05-04 00:00:00,
68,9605,2023-05-31 00:00:00,291.0
69,2133A,2023-08-29 00:00:00,
70,2209A,2023-08-29 00:00:00,
71,8036,2023-08-29 00:00:00,
72,8096,2023-08-29 00:00:00,
102,EMB 1,2023-09-12 00:00:00,
103,3066A,2023-09-12 00:00:00,
104,3027A,2023-09-12 00:00:00,
105,2025A,2023-09-12 00:00:00,
106,1139A,2023-09-12 00:00:00,
107,1078A,2023-09-12 00:00:00,
108,1066A,2023-09-12 00:00:00,
109,12164,2023-09-12 00:00:00,
110,9219,2023-09-12 00:00:00,
111,8072,2023-09-12 00:00:00,
112,8026,2023-09-12 00:00:00,
113,8018,2023-09-12 00:00:00,
114,8014,2023-09-12 00:00:00,
115,7080,2023-09-12 00:00:00,
116,5082,2023-09-12 00:00:00,
117,5072,2023-09-12 00:00:00,
118,5035,2023-09-12 00:00:00,
119,4095,2023-09-12 00:00:00,
120,4079,2023-09-12 00:00:00,
121,3178,2023-09-12 00:00:00,
122,3132,2023-09-12 00:00:00,
123,2096,2023-09-12 00:00:00,
124,2086,2023-06-23 00:00:00,
127,1117,2023-09-12 00:00:00,
128,1090A,2023-09-12 00:00:00,
129,0139,2023-09-12 00:00:00,
130,4A,2023-09-12 00:00:00,
131,S/ND,2023-09-05 00:00:00,
132,5033,2023-05-05 00:00:00,
133,4035,2023-09-29 00:00:00,
134,0132,2023-09-29 00:00:00,
135,60286,2023-09-29 00:00:00,
136,6067,2023-09-29 00:00:00,
138,2130,2023-09-29 00:00:00,
139,2220,2023-11-09 00:00:00,
141,3043,2023-11-09 00:00:00,
142,4047,2023-11-09 00:00:00,
143,3120,2023-11-09 00:00:00,
144,2064A,2023-11-09 00:00:00,
145,2028A,2023-11-09 00:00:00,
146,4A,2023-11-09 00:00:00,
147,5062,2023-11-09 00:00:00,
148,5090,2023-11-09 00:00:00,
149,1168,2023-11-09 00:00:00,
150,1095A,2023-11-09 00:00:00,
151,1128,2023-11-09 00:00:00,
153,20337,2023-11-18 00:00:00,
154,2062,2023-11-18 00:00:00,
155,8017,2023-11-18 00:00:00,
156,2090A,2023-11-18 00:00:00,
157,8063,2023-11-18 00:00:00,
158,8094,2023-11-18 00:00:00,
159,4048,2023-11-18 00:00:00,
160,8054,2023-11-18 00:00:00,
161,1077A,2023-11-18 00:00:00,
162,8030,2023-11-18 00:00:00,
163,6053,2023-11-18 00:00:00,
164,89,2023-11-18 00:00:00,
165,21027,2023-11-18 00:00:00,
166,2150,2023-11-18 00:00:00,
167,4100,2023-11-18 00:00:00,
168,9047,2023-11-18 00:00:00,
169,4099,2023-11-18 00:00:00,
170,1056A,2023-11-18 00:00:00,
171,6070,2023-11-18 00:00:00,
172,8051,2023-11-18 00:00:00,
173,4141,2023-11-18 00:00:00,
174,50501,2023-11-18 00:00:00,
175,8010,2023-11-18 00:00:00,
176,9,2023-11-18 00:00:00,
177,5077,2023-11-24 00:00:00,
178,5052,2023-11-24 00:00:00,
179,1091A,2023-11-24 00:00:00,
180,2177A,2023-12-14 00:00:00,
181,3093,2023-12-14 00:00:00,
182,4053,2023-12-14 00:00:00,
183,9238,2023-12-14 00:00:00,
184,4034,2023-12-14 00:00:00,
185,8007,2023-12-14 00:00:00,
186,80921,2023-12-14 00:00:00,
187,9023,2023-12-14 00:00:00,
188,80472,2023-12-14 00:00:00,
189,1109A,2023-12-14 00:00:00,
190,05,2023-12-14 00:00:00,
191,8028,2023-12-16 00:00:00,
192,3750,2023-12-16 00:00:00,
193,3107,2023-12-16 00:00:00,
194,7077,2023-12-16 00:00:00,
195,5072,2023-12-19 00:00:00,
196,8066,2023-12-19 00:00:00,
197,7012,2023-12-20 00:00:00,
198,20337,2023-12-19 00:00:00,
199,2079,2024-01-12 00:00:00,
200,3038A,2024-01-12 00:00:00,
201,5076,2024-01-12 00:00:00,
202,4172,2024-01-12 00:00:00,
203,9100,2024-01-12 00:00:00,
204,8093,2024-01-12 00:00:00,
205,8005,2024-01-12 00:00:00,
206,8013,2024-01-12 00:00:00,
207,6028,2024-01-12 00:00:00,
208,9046,2024-01-12 00:00:00,
209,4066,2024-01-12 00:00:00,
210,4076,2024-01-12 00:00:00,
211,8004,2024-01-12 00:00:00,
212,7072,2024-01-12 00:00:00,
213,2047,2024-01-23 00:00:00,461.0
214,9071,2024-01-23 00:00:00,404.0
215,80882,2024-01-29 00:00:00,
216,809,2024-01-29 00:00:00,
217,7059,2024-01-29 00:00:00,
218,2050,2024-01-29 00:00:00,
219,8079,2024-01-29 00:00:00,
220,2079,2024-01-29 00:00:00,
221,2072,2024-02-26 00:00:00,
222,5090,2024-02-10 00:00:00,
223,7074,2024-02-26 00:00:00,
224,5146,2024-02-26 00:00:00,
225,9040,2024-02-26 00:00:00,
226,7017,2024-02-26 00:00:00,
227,0500,2024-02-26 00:00:00,
228,2234,2024-03-25 00:00:00,
229,4101,2024-03-25 00:00:00,
230,8043,2024-03-25 00:00:00,
231,8045,2024-03-25 00:00:00,
232,8050,2024-03-25 00:00:00,
233,3028A,2024-03-25 00:00:00,
235,4151,2024-03-25 00:00:00,
236,2124,2024-03-25 00:00:00,
237,8086,2024-03-25 00:00:00,
238,7076,2024-03-25 00:00:00,
239,3003A,2024-03-25 00:00:00,
240,8087,2024-03-25 00:00:00,
241,1015,2024-03-25 00:00:00,
242,7067,2024-03-09 00:00:00,
243,7028,2024-03-09 00:00:00,
244,1112A,2024-03-09 00:00:00,
245,1005,2024-03-28 00:00:00,
246,4007,2024-03-21 00:00:00,
247,4055,2024-03-21 00:00:00,
248,5144,2024-03-21 00:00:00,
249,S/NB,2024-03-21 00:00:00,
250,6021,2024-03-21 00:00:00,
251,10391,2024-03-21 00:00:00,
252,2217,2024-03-21 00:00:00,
253,2224,2024-03-21 00:00:00,
254,2340,2024-03-21 00:00:00,
255,40072,2024-03-21 00:00:00,
256,4008,2024-03-21 00:00:00,
257,4109,2024-03-21 00:00:00,
258,5092,2024-03-21 00:00:00,
259,6031,2024-03-21 00:00:00,
260,8089,2024-03-21 00:00:00,
261,9045,2024-03-21 00:00:00,
262,0143,2024-03-21 00:00:00,
263,2337,2024-03-21 00:00:00,
264,7021,2024-03-21 00:00:00,
265,6037,2024-03-21 00:00:00,
266,80272,2024-03-21 00:00:00,
267,8077,2024-03-21 00:00:00,
268,2097,2024-03-21 00:00:00,
269,4143,2024-03-21 00:00:00,
270,8019,2024-04-05 00:00:00,
271,0128,2024-04-05 00:00:00,
272,SNA,2024-04-16 00:00:00,
273,2150,2024-04-16 00:00:00,
274,8048,2024-04-16 00:00:00,
275,3084,2024-03-01 00:00:00,
276,9118,2024-03-29 00:00:00,
277,5679,2024-04-18 00:00:00,
278,31102,2024-04-29 00:00:00,
279,5079,2024-04-29 00:00:00,
280,2196a,2024-04-29 00:00:00,
281,8033,2024-04-29 00:00:00,
282,2148A,2024-04-29 00:00:00,
283,4018,2024-04-29 00:00:00,
284,8028,2024-04-29 00:00:00,
285,2063A,2024-05-02 00:00:00,
286,8046,2024-05-20 00:00:00,
287,8051,2024-05-20 00:00:00,
291,9051,2024-04-06 00:00:00,
292,2093A,2024-06-17 00:00:00,360.0
293,6008,2024-06-17 00:00:00,457.0
294,4023,2023-12-10 00:00:00,
295,5033,2024-06-27 00:00:00,425.0
296,4087,2024-06-27 00:00:00,463.0
297,2094A,2024-06-27 00:00:00,386.0
298,3119,2024-06-27 00:00:00,443.0
299,7087,2024-06-27 00:00:00,481.0
300,7007,2024-06-27 00:00:00,368.0
301,EMB 5,2024-04-24 00:00:00,482.0
302,7033,2024-06-18 00:00:00,
303,6035,2024-06-11 00:00:00,371.0
304,3024A,2024-07-11 00:00:00,
305,2208A,2024-07-11 00:00:00,
306,9389,2024-07-11 00:00:00,
307,3066B,2024-05-31 00:00:00,419.0
308,9020,2024-07-11 00:00:00,
309,EMB 4,2024-07-18 00:00:00,424.0
310,2219,2024-07-18 00:00:00,
311,2083,2024-07-18 00:00:00,354.0
312,4079,2024-07-18 00:00:00,
313,5010,2024-07-18 00:00:00,285.0
314,4075,2024-07-18 00:00:00,391.0
315,1078A,2024-07-18 00:00:00,376.0
316,SNA,2024-07-18 00:00:00,426.0
317,7032,2024-07-18 00:00:00,591.0
318,S/NH,2024-07-18 00:00:00,444.0
319,7083,2024-07-19 00:00:00,
320,2226,2024-07-19 00:00:00,
321,0740,2024-07-19 00:00:00,
322,2,2024-07-24 00:00:00,352.0
323,4078,2024-07-24 00:00:00,288.0
324,7092,2024-07-24 00:00:00,321.0
325,8067,2024-07-24 00:00:00,326.0
326,5013,2024-07-24 00:00:00,369.0
327,1310,2024-07-24 00:00:00,387.0
328,8085,2024-07-24 00:00:00,289.0
329,9014,2024-07-24 00:00:00,314.0
330,7066,2024-07-24 00:00:00,362.0
331,4072,2024-07-24 00:00:00,483.0
332,4043,2024-07-24 00:00:00,348.0
333,0018,2024-08-19 00:00:00,
334,0332,2024-08-19 00:00:00,
335,3021A,2024-08-19 00:00:00,
336,2133A,2024-08-19 00:00:00,
337,9007,2024-08-19 00:00:00,
338,91242,2024-09-02 00:00:00,
339,0202,2024-09-19 00:00:00,267.0
340,0220,2024-09-19 00:00:00,390.0
341,0271,2024-09-19 00:00:00,275.0
342,0338,2024-09-19 00:00:00,321.0
343,0343,2024-09-19 00:00:00,289.0
344,1139A,2024-09-19 00:00:00,340.0
345,2220,2024-09-19 00:00:00,405.0
346,4025,2024-09-19 00:00:00,473.0
347,4048,2024-09-19 00:00:00,453.0
348,4A,2024-09-19 00:00:00,417.0
349,7038,2024-09-19 00:00:00,297.0
350,8096,2024-09-19 00:00:00,428.0
351,9011,2024-09-19 00:00:00,396.0
352,9099,2024-09-19 00:00:00,331.0
353,9104,2024-09-19 00:00:00,427.0
354,9113,2024-09-19 00:00:00,312.0
355,9116B,2024-09-19 00:00:00,289.0
356,91172,2024-09-19 00:00:00,379.0
357,8037,2024-09-18 00:00:00,
358,91171,2024-09-18 00:00:00,
359,8061,2024-09-18 00:00:00,
361,0132,2024-09-19 00:00:00,410.0
362,BU331,2024-09-27 00:00:00,
363,2079,2024-09-28 00:00:00,
364,9042,2024-09-28 00:00:00,
365,7004,2024-09-28 00:00:00,
366,32,2024-09-28 00:00:00,
367,8003,2024-09-28 00:00:00,
368,BU351,2024-10-18 00:00:00,
369,2171,2024-10-22 00:00:00,
370,5150,2024-10-22 00:00:00,
371,3132,2024-10-22 00:00:00,
372,20334,2024-10-22 00:00:00,
373,8076,2024-10-15 00:00:00,
374,91262,2024-10-15 00:00:00,
375,89,2024-10-14 00:00:00,
376,4095,2024-09-28 00:00:00,
377,2209A,2024-11-06 00:00:00,
378,9058,2024-10-16 00:00:00,
379,9073,2024-11-06 00:00:00,
380,8036,2024-09-28 00:00:00,
381,2130,2024-11-06 00:00:00,
382,4035,2024-10-16 00:00:00,
383,7061,2024-11-06 00:00:00,
384,6067,2024-11-06 00:00:00,
385,EMB 2,2024-11-20 00:00:00,353.0
386,2037,2024-11-20 00:00:00,253.0
387,0291,2024-11-20 00:00:00,311.0
388,0326,2024-11-20 00:00:00,330.0
389,0349,2024-11-20 00:00:00,265.0
390,0206A,2024-11-20 00:00:00,297.0
391,0258,2024-11-20 00:00:00,274.0
392,19,2024-11-20 00:00:00,368.0
393,9016,2024-11-20 00:00:00,288.0
394,0233,2024-11-20 00:00:00,340.0
395,8006,2024-11-20 00:00:00,371.0
396,0114,2024-11-20 00:00:00,362.0
397,4100,2024-11-20 00:00:00,349.0
398,0246,2024-11-20 00:00:00,308.0
399,4033,2024-11-20 00:00:00,287.0
400,0327,2024-11-20 00:00:00,245.0
401,1077A,2024-11-20 00:00:00,296.0
402,0206B,2024-11-20 00:00:00,288.0
403,0321,2024-11-20 00:00:00,324.0
404,12164,2024-11-20 00:00:00,260.0
405,9091,2024-11-20 00:00:00,
406,0269,2024-11-20 00:00:00,288.0
407,91091,2024-11-20 00:00:00,366.0
408,02331,2024-11-20 00:00:00,289.0
409,4099,2024-11-20 00:00:00,390.0
410,4065,2024-11-20 00:00:00,
411,0352,2024-11-20 00:00:00,314.0
412,8041,2024-11-20 00:00:00,413.0
413,33,2024-11-20 00:00:00,286.0
414,1090A,2024-11-20 00:00:00,394.0
415,6020,2024-11-20 00:00:00,324.0
416,05,2024-11-20 00:00:00,305.0
417,9121,2024-11-20 00:00:00,323.0
418,4141,2024-11-20 00:00:00,
419,8014,2024-11-20 00:00:00,398.0
420,6043,2024-12-06 00:00:00,
421,5060,2024-12-06 00:00:00,
422,7077,2024-12-06 00:00:00,
423,5030,2024-12-06 00:00:00,
424,7022,2024-12-06 00:00:00,
425,8062,2024-12-06 00:00:00,
426,9125,2024-12-06 00:00:00,
427,0111,2024-12-06 00:00:00,
428,0201,2024-12-06 00:00:00,
429,1066A,2024-12-06 00:00:00,
430,4025,2024-12-09 00:00:00,
431,2090A,2024-11-25 00:00:00,
432,5007,2024-11-10 00:00:00,
433,0322,2024-11-08 00:00:00,
434,8066,2024-11-27 00:00:00,
435,2073,2024-12-27 00:00:00,
436,9076,2024-12-27 00:00:00,
437,0329,2024-12-27 00:00:00,
438,0298A,2024-12-27 00:00:00,
439,0226,2024-12-27 00:00:00,
440,0241,2024-12-27 00:00:00,
441,0249,2024-12-27 00:00:00,
442,0323,2024-12-27 00:00:00,
443,9006,2024-12-27 00:00:00,
444,1004,2024-12-27 00:00:00,
445,0333,2024-12-27 00:00:00,
446,34,2024-12-27 00:00:00,
447,2047,2024-12-27 00:00:00,
448,5052,2024-12-27 00:00:00,
449,3043,2024-12-27 00:00:00,
450,8030,2024-12-27 00:00:00,
451,9110A,2025-01-02 00:00:00,
452,2096,2024-10-15 00:00:00,
453,0272,2024-10-15 00:00:00,
454,0229,2024-10-16 00:00:00,
455,9015,2025-01-22 00:00:00,
456,3750,2025-01-22 00:00:00,
457,9103,2025-01-22 00:00:00,
458,3108,2025-01-22 00:00:00,419.0
459,6011,2025-01-22 00:00:00,426.0
460,3027A,2025-01-22 00:00:00,358.0
461,1056A,2025-01-22 00:00:00,430.0
462,5076,2025-01-22 00:00:00,263.0
463,9035,2025-01-22 00:00:00,439.0
464,9046,2025-01-22 00:00:00,389.0
465,3178,2025-01-22 00:00:00,349.0
466,6031,2025-01-22 00:00:00,428.0
467,0278,2025-01-22 00:00:00,363.0
468,9053,2025-01-22 00:00:00,395.0
469,9037,2025-01-22 00:00:00,345.0
470,9122,2025-01-22 00:00:00,312.0
471,8094,2025-01-22 00:00:00,
472,9045,2025-01-24 00:00:00,
473,8060,2025-01-23 00:00:00,
474,0231A,2025-01-22 00:00:00,351.0
475,2180A,2025-02-07 00:00:00,
476,30212,2025-02-07 00:00:00,
477,0259,2025-02-07 00:00:00,
478,0284,2025-02-07 00:00:00,
479,1095A,2025-01-22 00:00:00,
480,4048,2025-02-26 00:00:00,
481,3107,2025-03-05 00:00:00,
482,80121,2025-03-05 00:00:00,
483,1091,2025-03-05 00:00:00,
484,3003A,2025-03-05 00:00:00,
485,5077,2025-03-05 00:00:00,
486,8033,2025-03-05 00:00:00,
487,1091A,2025-03-05 00:00:00,
488,8079,2025-02-07 00:00:00,
489,2080,2025-03-05 00:00:00,
490,7017,2025-03-05 00:00:00,
491,2050,2025-01-22 00:00:00,
492,5079,2025-03-05 00:00:00,
493,8079,2025-02-07 00:00:00,
494,2080,2025-03-05 00:00:00,
495,7017,2025-03-05 00:00:00,
496,2050,2025-01-22 00:00:00,
497,5079,2025-03-05 00:00:00,
498,0500,2025-03-13 00:00:00,
499,80272,2025-03-20 00:00:00,370.0
500,5082,2025-03-20 00:00:00,318.0
501,8077,2025-03-20 00:00:00,298.0
502,9071,2025-03-20 00:00:00,407.0
503,2234,2025-03-20 00:00:00,386.0
504,5098,2025-03-20 00:00:00,394.0
505,2217,2025-03-20 00:00:00,480.0
506,8026,2025-03-20 00:00:00,347.0
507,0224,2025-03-20 00:00:00,338.0
508,0211,2025-03-20 00:00:00,428.0
509,7072,2025-03-20 00:00:00,455.0
510,9219,2025-03-20 00:00:00,341.0
511,7059,2025-03-20 00:00:00,
512,8054,2025-03-20 00:00:00,
513,7012,2025-03-20 00:00:00,
514,4034,2024-08-23 00:00:00,
515,1177,2024-08-23 00:00:00,
516,0139,2025-03-13 00:00:00,
517,BU053,2025-04-03 00:00:00,
518,BU332,2025-04-03 00:00:00,
519,8050,2025-01-25 00:00:00,
520,7074,2025-04-20 00:00:00,
521,9051,2025-04-20 00:00:00,
522,8051,2025-04-26 00:00:00,
523,7076,2025-04-26 00:00:00,
524,4151,2025-05-16 00:00:00,
525,80882,2025-05-16 00:00:00,
526,4101,2025-05-16 00:00:00,
527,809,2025-05-16 00:00:00,
528,8017,2025-05-22 00:00:00,
529,7028,2025-05-06 00:00:00,
530,5146,2025-05-06 00:00:00,
531,8011,2025-06-06 00:00:00,375.0
532,2124A,2025-06-06 00:00:00,447.0
533,6021,2025-06-06 00:00:00,445.0
534,EMB 5,2025-06-06 00:00:00,439.0
535,8045,2025-06-06 00:00:00,431.0
536,8019,2025-06-06 00:00:00,419.0
537,9024,2025-06-06 00:00:00,424.0
538,2196A,2025-06-06 00:00:00,396.0
539,4007,2025-06-06 00:00:00,451.0
540,2148A,2025-06-06 00:00:00,458.0
541,1015,2025-06-06 00:00:00,401.0
542,4018,2025-06-06 00:00:00,369.0
543,5092,2025-06-06 00:00:00,411.0
544,4055,2025-06-06 00:00:00,401.0
545,50501,2025-06-06 00:00:00,359.0
546,9192,2025-06-06 00:00:00,346.0
547,6008,2025-06-06 00:00:00,436.0
548,4072,2025-06-06 00:00:00,490.0
549,9126A,2025-06-06 00:00:00,326.0
550,4109,2025-06-06 00:00:00,317.0
551,0128,2025-06-06 00:00:00,362.0
552,4066,2025-06-06 00:00:00,354.0
553,3119,2025-06-06 00:00:00,465.0
554,4172,2025-06-06 00:00:00,408.0
555,50741,2025-06-06 00:00:00,337.0
556,9047,2025-06-06 00:00:00,365.0
557,BU344,2025-05-12 00:00:00,
558,BU333,2025-05-12 00:00:00,
559,BU320,2025-05-14 00:00:00,
560,BU036,2025-05-15 00:00:00,
561,BU341,2025-05-20 00:00:00,
562,2094A,2025-07-18 00:00:00,
563,2063A,2025-07-18 00:00:00,
564,5144,2025-07-18 00:00:00,
565,8086,2025-07-18 00:00:00,
566,8087,2025-07-18 00:00:00,
567,9040,2025-07-18 00:00:00,
568,0267,2025-07-18 00:00:00,
569,0353,2025-07-18 00:00:00,
570,2040,2025-07-18 00:00:00,
571,8019,2025-07-18 00:00:00,
572,BU345,2025-07-21 00:00:00,
573,BU334,2025-07-04 00:00:00,
574,BU349,2025-06-29 00:00:00,
575,BU339,2025-06-26 00:00:00,
576,BU343,2025-06-15 00:00:00,
577,BU106,2025-04-19 00:00:00,
578,4087,2025-07-24 00:00:00,
579,3024A,2025-07-24 00:00:00,
580,3066B,2025-07-24 00:00:00,
581,2072,2025-07-24 00:00:00,
582,91172,2025-07-24 00:00:00,
583,5079,2025-07-24 00:00:00,
584,1123,2025-05-29 00:00:00,
585,1088A,2025-08-07 00:00:00,
586,1053A,2025-08-07 00:00:00,
587,5679,2025-08-07 00:00:00,
588,3026A,2025-08-07 00:00:00,
589,8043,2025-08-07 00:00:00,
590,2226,2025-08-26 00:00:00,
591,2124A,2025-08-26 00:00:00,
592,6070,2025-08-26 00:00:00,
593,6067,2025-08-26 00:00:00,
594,8026,2025-08-26 00:00:00,
595,8048,2025-08-26 00:00:00,
596,0291,2025-08-26 00:00:00,
597,1017A,2025-08-26 00:00:00,
598,35,2025-08-26 00:00:00,
599,5033,2025-08-29 00:00:00,
600,4053,2025-09-05 00:00:00,344.0
601,BU338,2025-08-18 00:00:00,
602,2220,2025-09-12 00:00:00,
603,2039,2025-09-12 00:00:00,
604,60286,2025-09-12 00:00:00,
605,0298,2025-09-12 00:00:00,
606,1078A,2025-09-12 00:00:00,
607,2059,2025-09-12 00:00:00,
608,80472,2025-10-10 00:00:00,
609,2143,2025-10-10 00:00:00,
610,91262,2025-10-10 00:00:00,
611,0220,2025-10-10 00:00:00,
612,9007,2025-10-10 00:00:00,
613,1079,2025-10-10 00:00:00,
614,8036,2025-10-10 00:00:00,
615,5090,2025-10-10 00:00:00,
616,0270,2025-10-13 00:00:00,
617,7032,2025-10-13 00:00:00,
618,8082,2025-10-13 00:00:00,
619,2066,2025-10-13 00:00:00,
620,31102,2025-10-13 00:00:00,
621,7066,2025-10-13 00:00:00,
622,0332,2025-10-13 00:00:00,
623,1066,2025-10-13 00:00:00,
624,7087,2025-10-13 00:00:00,
625,0229,2025-10-13 00:00:00,
626,3132,2025-10-13 00:00:00,
627,0299C,2025-10-20 00:00:00,400.0
628,0320,2025-10-20 00:00:00,292.0
629,1109A,2025-10-20 00:00:00,365.0
630,1139A,2025-10-20 00:00:00,351.0
631,2021,2025-10-20 00:00:00,477.0
632,2096,2025-10-20 00:00:00,445.0
633,3028A,2025-10-20 00:00:00,344.0
634,7067,2025-10-20 00:00:00,354.0
635,91171,2025-10-27 00:00:00,
636,8089,2025-10-27 00:00:00,
637,4035,2025-10-27 00:00:00,
638,2208A,2025-10-27 00:00:00,
639,0342,2025-10-23 00:00:00,
640,0143,2025-10-29 00:00:00,406.0
641,0205,2025-10-29 00:00:00,325.0
642,0263,2025-10-29 00:00:00,341.0
643,0274,2025-10-29 00:00:00,271.0
644,0303,2025-10-29 00:00:00,409.0
645,0307,2025-10-29 00:00:00,418.0
646,0310,2025-10-29 00:00:00,345.0
647,0314,2025-10-29 00:00:00,396.0
648,0330A,2025-10-29 00:00:00,451.0
649,0342,2025-10-29 00:00:00,536.0
650,0344,2025-10-29 00:00:00,364.0
651,0354,2025-10-29 00:00:00,404.0
652,1023,2025-10-29 00:00:00,323.0
653,1043A,2025-10-29 00:00:00,292.0
654,1059,2025-10-29 00:00:00,317.0
655,1065,2025-10-29 00:00:00,343.0
656,1084A,2025-10-29 00:00:00,281.0
657,1117,2025-10-29 00:00:00,422.0
658,1310,2025-10-29 00:00:00,425.0
659,20334,2025-10-29 00:00:00,454.0
660,2083,2025-10-29 00:00:00,373.0
661,21027,2025-10-29 00:00:00,352.0
662,2149A,2025-10-29 00:00:00,349.0
663,4034,2025-10-29 00:00:00,356.0
664,4076,2025-10-29 00:00:00,502.0
665,4099,2025-10-29 00:00:00,445.0
666,5007,2025-10-29 00:00:00,402.0
667,7092,2025-10-29 00:00:00,401.0
668,8014,2025-10-29 00:00:00,412.0
669,8067,2025-10-29 00:00:00,324.0
670,8093,2025-10-29 00:00:00,453.0
671,9100,2025-10-29 00:00:00,398.0
672,9128B,2025-10-29 00:00:00,332.0
673,9503,2025-10-29 00:00:00,406.0
674,pend41,2025-10-29 00:00:00,437.0
675,9,2025-10-13 00:00:00,
676,8011,2025-10-30 00:00:00,
677,3015,2025-11-11 00:00:00,
678,3043,2025-11-11 00:00:00,
679,6035,2025-10-23 00:00:00,
680,1090A,2025-10-23 00:00:00,
681,BU316,2025-12-05 00:00:00,
682,BU004,2025-12-05 00:00:00,
683,BU347,2025-12-05 00:00:00,
684,BU035,2025-12-05 00:00:00,
685,BU057,2025-12-05 00:00:00,
686,BU019,2025-12-05 00:00:00,
687,0322,2025-12-11 00:00:00,
688,9058,2025-12-11 00:00:00,
689,5150,2025-12-11 00:00:00,
690,91242,2025-12-11 00:00:00,
691,2050,2025-12-11 00:00:00,
692,0220,2025-12-11 00:00:00,
693,7061,2025-12-11 00:00:00,
694,2171,2025-12-11 00:00:00,
695,2090A,2025-12-11 00:00:00,
696,1188,2025-12-11 00:00:00,
697,8079,2025-12-11 00:00:00,
698,J01415,2025-12-11 00:00:00,
699,J841,2025-12-11 00:00:00,
700,J426,2025-10-08 00:00:00,
701,0271,2025-12-18 00:00:00,
702,8033,2026-01-15 00:00:00,
703,9011,2026-01-15 00:00:00,
704,5076,2026-01-15 00:00:00,
705,5052,2026-01-15 00:00:00,
706,33,2026-01-15 00:00:00,
707,8050,2026-01-15 00:00:00,
709,BU006,2026-01-20 00:00:00,
710,2209A,2026-02-04 00:00:00,
711,0201,2026-02-04 00:00:00,
712,9015,2025-10-09 00:00:00,
713,80272,2026-02-04 00:00:00,
714,1075,2026-02-04 00:00:00,
715,0143,2026-01-05 00:00:00,
716,8050,2026-01-15 00:00:00,
717,0226,2026-02-04 00:00:00,
718,9099,2026-02-04 00:00:00,
719,4023,2026-01-10 00:00:00,
720,10391,2025-10-21 00:00:00,
721,8028,2026-01-25 00:00:00,
722,8037,2026-02-04 00:00:00,
723,1004,2026-02-04 00:00:00,
724,1100B,2026-02-04 00:00:00,
725,5060,2026-02-04 00:00:00,
726,0299A,2026-02-04 00:00:00,
727,2047,2026-02-04 00:00:00,
728,2007,2025-12-15 00:00:00,
729,2073,2026-02-04 00:00:00,
730,1091,2026-02-04 00:00:00,
731,9011,2026-01-15 00:00:00,
732,4078,2026-02-04 00:00:00,
733,2061,2026-02-11 00:00:00,
734,1056A,2026-02-11 00:00:00,
735,4A,2026-02-11 00:00:00,
736,0326,2026-02-11 00:00:00,
737,6031,2026-02-11 00:00:00,
738,0350,2026-02-11 00:00:00,
739,1132,2026-02-11 00:00:00,
740,3027A,2026-02-11 00:00:00,
741,9014,2026-02-11 00:00:00,
742,8085,2026-02-11 00:00:00,
743,0343,2026-02-11 00:00:00,
744,12164,2026-02-11 00:00:00,
745,6028,2026-02-11 00:00:00,
746,7080,2026-02-11 00:00:00,
747,31,2026-02-11 00:00:00,
748,7072,2026-02-11 00:00:00,
749,0311,2026-02-11 00:00:00,
750,0304,2026-02-11 00:00:00,
751,0325,2026-02-11 00:00:00,
752,2062,2026-02-09 00:00:00,
753,J424,2026-02-09 00:00:00,
754,7007,2026-02-09 00:00:00,
755,40072,2026-02-09 00:00:00,
756,9099,2026-02-04 00:00:00,
757,0299A,2026-02-04 00:00:00,
758,1004,2026-02-04 00:00:00,
759,2234,2026-02-09 00:00:00,
760,5060,2026-02-04 00:00:00,
761,8037,2026-02-04 00:00:00,
762,0284,2026-02-13 00:00:00,
763,7022,2026-02-13 00:00:00,
764,5079,2026-02-13 00:00:00,
765,0018,2026-02-13 00:00:00,
766,5090,2026-02-13 00:00:00,
767,9091,2026-02-26 00:00:00,
768,2201,2026-02-26 00:00:00,
769,0329,2026-02-26 00:00:00,
770,9071,2026-02-26 00:00:00,
771,30212,2026-02-26 00:00:00,
772,J425,2026-02-26 00:00:00,
773,2137,2026-02-26 00:00:00,
774,1005,2026-02-26 00:00:00,
775,2035A,2026-02-26 00:00:00,
776,0202,2026-02-26 00:00:00,
777,9113,2026-02-26 00:00:00,
778,1104A,2026-02-26 00:00:00,
779,6035,2026-02-26 00:00:00,
780,7083,2026-02-26 00:00:00,
781,BU351,2026-03-03 00:00:00,
782,BU342,2026-03-03 00:00:00,
783,BU332,2026-01-29 00:00:00,
784,8043,2026-03-05 00:00:00,
785,1052A,2026-03-05 00:00:00,
786,10431,2026-03-12 00:00:00,
787,J420,2026-03-12 00:00:00,
788,0240,2026-03-12 00:00:00,
790,8094,2026-03-12 00:00:00,
791,2203,2026-03-12 00:00:00,
792,2042,2026-03-12 00:00:00,
793,0338,2026-03-12 00:00:00,
794,9500,2026-04-07 00:00:00,
795,1102,2026-04-07 00:00:00,
796,BU312,2026-04-07 00:00:00,
797,BU329,2026-04-07 00:00:00,
798,BU346,2026-04-07 00:00:00,
799,2080,2026-04-20 00:00:00,
800,2063A,2026-04-20 00:00:00,
801,31102,2026-04-20 00:00:00,
802,2090A,2026-04-20 00:00:00,
803,22193,2026-04-20 00:00:00,
804,0342,2026-05-02 00:00:00,
805,2196A,2026-05-02 00:00:00,
806,0306,2026-05-02 00:00:00,
807,6043,2026-05-02 00:00:00,
808,5146,2026-05-02 00:00:00,
809,2014,2026-05-02 00:00:00,
810,8061,2026-05-02 00:00:00,
811,0272,2026-05-02 00:00:00,
812,7077,2026-05-02 00:00:00,
813,0297,2026-05-02 00:00:00,
814,4072,2026-05-02 00:00:00,
815,2146,2026-05-02 00:00:00,
816,8046,2026-05-02 00:00:00,
817,8017,2026-05-02 00:00:00,
818,2133A,2026-05-02 00:00:00,
819,2148A,2026-05-02 00:00:00,
820,EMB 2,2026-05-02 00:00:00,
821,1310,2026-05-02 00:00:00,
822,BU036,2026-06-04 00:00:00,
823,BU344,2026-06-04 00:00:00,
824,BU062,2026-06-04 00:00:00,
825,BU019,2026-06-04 00:00:00,
826,BU316,2026-06-04 00:00:00,
827,BU343,2026-06-04 00:00:00,
828,0298A,2026-06-09 00:00:00,
829,0241,2026-06-09 00:00:00,
830,1063,2026-06-09 00:00:00,
831,1015,2026-06-09 00:00:00,
832,9006,2026-06-09 00:00:00,
833,2095,2026-06-09 00:00:00,
834,9037,2026-06-09 00:00:00,
835,5030,2026-06-09 00:00:00,
836,3021A,2026-06-09 00:00:00,
837,BU340,2026-06-11 00:00:00,
838,BU036,2026-06-04 00:00:00,
839,BU344,2026-06-04 00:00:00,
840,BU019,2026-06-04 00:00:00,
841,BU316,2026-06-04 00:00:00,
842,BU343,2026-06-04 00:00:00,
843,BU106,2026-04-25 00:00:00,
844,BU053,2026-04-22 00:00:00,
845,BU333,2026-04-25 00:00:00,
846,BU324,2026-03-04 00:00:00,
847,BU082,2026-04-07 00:00:00,
848,BU106,2026-04-25 00:00:00,
849,BU053,2026-04-22 00:00:00,
850,BU333,2026-04-25 00:00:00,
851,BU335,2026-06-10 00:00:00,
852,4018,2026-06-22 00:00:00,338.0
853,0111,2026-06-22 00:00:00,
854,0202,2026-06-22 00:00:00,
855,0208A,2026-06-22 00:00:00,
856,0252,2026-06-22 00:00:00,
857,0298,2026-06-22 00:00:00,
858,1015A,2026-06-22 00:00:00,
859,1091A,2026-06-22 00:00:00,
860,5098,2026-06-22 00:00:00,
861,7012,2026-06-22 00:00:00,
862,7074,2026-06-22 00:00:00,
863,8062,2026-06-22 00:00:00,
864,20001,2026-06-22 00:00:00,
865,4055,2026-06-25 00:00:00,
866,9046,2026-06-25 00:00:00,
867,6020,2025-10-29 00:00:00,
868,22149,2026-06-25 00:00:00,285.0
869,5077,2026-06-22 00:00:00,
870,0205,2026-07-02 00:00:00,
871,3107,2026-07-02 00:00:00,
872,8041,2026-07-02 00:00:00,
873,8045,2026-07-02 00:00:00,
874,9020,2026-07-01 00:00:00,
875,7028,2026-07-01 00:00:00,
876,3066B,2026-07-01 00:00:00,
877,80882,2026-07-01 00:00:00,
878,9076,2026-07-01 00:00:00,
879,4151,2026-07-07 00:00:00,
880,1117,2026-05-30 00:00:00,
881,8005,2026-06-17 00:00:00,
882,0352,2026-07-09 00:00:00,379.0
883,2108,2026-07-11 00:00:00,
884,BU347,2026-07-15 00:00:00,
885,BU320,2026-07-15 00:00:00,
886,0101,2026-08-14 00:00:00,
887,0329,2026-08-14 00:00:00,
888,3021A,2026-08-14 00:00:00,
889,8096,2026-08-16 00:00:00,
890,34,2026-08-16 00:00:00,
891,22216,2026-08-16 00:00:00,
892,BU035,2026-07-30 00:00:00,
893,BU076,2026-07-25 00:00:00,
894,BU334,2026-08-08 00:00:00,
895,BU339,2026-07-30 00:00:00,
896,BU338,2026-08-19 00:00:00,
897,2037,2026-05-27 00:00:00,
898,2087,2026-09-18 00:00:00,
899,2048,2026-09-18 00:00:00,
900,0231A,2026-09-18 00:00:00,
901,2030,2026-09-18 00:00:00,
902,0323,2026-09-18 00:00:00,
903,1088A,2026-09-18 00:00:00,
904,2103,2026-09-18 00:00:00,
905,J841,2026-09-18 00:00:00,
906,2023,2026-09-18 00:00:00,
907,3026A,2026-09-18 00:00:00,
908,4007,2026-09-18 00:00:00,
909,5144,2026-09-18 00:00:00,
910,4053,2026-09-18 00:00:00,
911,4076,2026-09-18 00:00:00,
912,4099,2026-09-18 00:00:00,
913,6008,2026-09-18 00:00:00,
914,9100,2026-09-18 00:00:00,
915,20334,2026-09-18 00:00:00,
916,9104,2026-09-18 00:00:00,
917,91172,2026-09-18 00:00:00,
918,9121,2026-09-18 00:00:00,
919,9126A,2026-09-18 00:00:00,
920,0107,2026-09-18 00:00:00,
921,0246,2026-09-18 00:00:00,
922,0258,2026-09-18 00:00:00,
923,0321,2026-09-18 00:00:00,
924,2102,2026-09-18 00:00:00,
925,9115,2026-09-18 00:00:00,
926,8019,2026-09-18 00:00:00,
927,22112,2026-06-30 00:00:00,
928,9110A,,
