id,nro_animal,fecha_de_tatuado,peso_al_nacer_kg,responsable
415,24184,2024-08-07 00:00:00,26.0,
416,24182,2024-08-06 00:00:00,27.0,
417,24188,2024-08-06 00:00:00,33.0,
418,24185,2024-08-03 00:00:00,25.0,
419,24186,2024-08-03 00:00:00,24.0,
420,24187,2024-08-03 00:00:00,21.0,
421,24189,2024-08-03 00:00:00,26.0,
422,24190,2024-08-03 00:00:00,20.0,
423,24191,2024-08-03 00:00:00,27.0,
424,24193,2024-08-03 00:00:00,40.0,
425,24194,2024-08-03 00:00:00,26.0,
426,24195,2024-08-03 00:00:00,23.0,
427,24196,2024-08-03 00:00:00,23.0,
428,24110,2024-07-24 00:00:00,24.0,
430,24177,2024-07-22 00:00:00,20.0,
431,24178,2024-07-22 00:00:00,26.0,
432,24179,2024-07-22 00:00:00,18.0,
433,24180,2024-07-22 00:00:00,16.0,
434,24181,2024-07-22 00:00:00,23.0,
435,24168,2024-07-09 00:00:00,25.0,
436,24170,2024-07-09 00:00:00,26.0,
437,24165,2024-07-09 00:00:00,28.0,
438,24172,2024-07-08 00:00:00,31.0,
439,24173,2024-07-08 00:00:00,31.0,
440,24169,2024-07-08 00:00:00,18.0,
441,24171,2024-07-06 00:00:00,21.0,
442,24176,2024-07-06 00:00:00,23.0,
443,24166,2024-06-26 00:00:00,23.0,
444,24167,2024-06-26 00:00:00,24.0,
445,24164,2024-06-25 00:00:00,23.0,
446,24163,2024-06-25 00:00:00,26.0,
447,24160,2024-06-18 00:00:00,27.0,
448,24162,2024-06-18 00:00:00,22.0,
449,24141,2024-06-12 00:00:00,26.0,
451,24157,2024-06-12 00:00:00,27.0,
452,24158,2024-06-12 00:00:00,30.0,
453,24159,2024-06-12 00:00:00,24.0,
454,24144,2024-06-04 00:00:00,26.0,
455,24151,2024-06-04 00:00:00,26.0,
456,24153,2024-06-04 00:00:00,18.0,
457,24154,2024-06-04 00:00:00,30.0,
458,24155,2024-06-04 00:00:00,22.0,
459,24156,2024-06-04 00:00:00,31.0,
460,24152,2024-06-04 00:00:00,26.0,
461,24142,2024-06-04 00:00:00,25.0,
462,24143,2024-05-29 00:00:00,27.0,
463,24146,2024-05-29 00:00:00,31.0,
464,24147,2024-05-29 00:00:00,33.0,
465,24148,2024-05-29 00:00:00,24.0,
466,24149,2024-05-29 00:00:00,23.0,
467,24150,2024-05-29 00:00:00,23.0,
468,24063,2024-05-22 00:00:00,23.0,
469,24133,2024-05-20 00:00:00,32.0,
470,24134,2024-05-20 00:00:00,28.0,
471,24135,2024-05-20 00:00:00,33.0,
472,24136,2024-05-20 00:00:00,27.0,
473,24137,2024-05-20 00:00:00,24.0,
474,24139,2024-05-20 00:00:00,25.0,
475,24140,2024-05-20 00:00:00,23.0,
476,24122,2024-05-16 00:00:00,23.0,
477,24130,2024-05-14 00:00:00,29.0,
478,24131,2024-05-14 00:00:00,24.0,
479,24132,2024-05-14 00:00:00,22.0,
480,24126,2024-05-12 00:00:00,25.0,
481,24127,2024-05-11 00:00:00,28.0,
482,24128,2024-05-11 00:00:00,27.0,
483,24129,2024-05-11 00:00:00,23.0,
484,24124,2024-05-09 00:00:00,20.0,
485,24125,2024-05-09 00:00:00,27.0,
486,24123,2024-05-06 00:00:00,22.0,
487,24116,2024-04-29 00:00:00,25.0,
488,24120,2024-04-26 00:00:00,22.0,
489,24117,2024-04-25 00:00:00,26.0,
490,24118,2024-04-25 00:00:00,25.0,
491,24114,2024-04-25 00:00:00,19.0,
492,24119,2024-04-25 00:00:00,25.0,
493,24098,2024-04-23 00:00:00,25.0,
494,24109,2024-04-19 00:00:00,28.0,
495,24111,2024-04-19 00:00:00,26.0,
496,24115,2024-04-19 00:00:00,26.0,
497,24113,2024-04-16 00:00:00,21.0,
498,24099,2024-04-11 00:00:00,26.0,
499,24105,2024-04-11 00:00:00,26.0,
500,24106,2024-04-11 00:00:00,28.0,
501,24108,2024-04-11 00:00:00,28.0,
502,24101,2024-04-08 00:00:00,25.0,
503,24102,2024-04-08 00:00:00,28.0,
504,24104,2024-04-08 00:00:00,22.0,
505,24096,2024-04-02 00:00:00,25.0,
506,24097,2024-04-02 00:00:00,26.0,
507,24093,2024-04-01 00:00:00,12.0,
508,24094,2024-04-01 00:00:00,24.0,
509,24095,2024-04-01 00:00:00,27.0,
510,24092,2024-03-28 00:00:00,21.0,
511,24091,2024-03-28 00:00:00,22.0,
512,24090,2024-03-28 00:00:00,29.0,
513,24088,2024-03-26 00:00:00,25.0,
514,24089,2024-03-26 00:00:00,32.0,
515,24079,2024-03-23 00:00:00,26.0,
516,24085,2024-03-23 00:00:00,26.0,
517,24086,2024-03-23 00:00:00,26.0,
519,24087,2024-03-23 00:00:00,28.0,
520,24072,2024-03-22 00:00:00,26.0,
521,24074,2024-03-22 00:00:00,31.0,
522,24080,2024-03-22 00:00:00,26.0,
523,24081,2024-03-22 00:00:00,26.0,
524,24082,2024-03-22 00:00:00,24.0,
525,24084,2024-03-22 00:00:00,28.0,
526,24069,2024-03-15 00:00:00,33.0,
527,24070,2024-03-15 00:00:00,33.0,
528,24071,2024-03-15 00:00:00,28.0,
529,24073,2024-03-15 00:00:00,35.0,
530,24075,2024-03-15 00:00:00,27.0,
531,24076,2024-03-15 00:00:00,33.0,
532,24077,2024-03-15 00:00:00,34.0,
533,24078,2024-03-15 00:00:00,23.0,
534,24068,2024-03-05 00:00:00,23.0,
535,24064,2024-03-04 00:00:00,23.0,
536,24065,2024-03-04 00:00:00,28.0,
537,24066,2024-03-04 00:00:00,24.0,
538,24067,2024-03-04 00:00:00,32.0,
539,24061,2024-02-29 00:00:00,23.0,
540,24062,2024-02-29 00:00:00,27.0,
541,24060,2024-02-28 00:00:00,31.0,
542,24059,2024-02-27 00:00:00,36.0,
543,24058,2024-02-27 00:00:00,27.0,
544,24056,2024-02-27 00:00:00,24.0,
545,24055,2024-02-27 00:00:00,31.0,
546,24052,2024-02-23 00:00:00,26.0,
547,24053,2024-02-23 00:00:00,28.0,
548,24054,2024-02-23 00:00:00,31.0,
549,24051,2024-02-22 00:00:00,31.0,
550,24036,2024-02-20 00:00:00,24.0,
551,24037,2024-02-20 00:00:00,31.0,
552,24039,2024-02-20 00:00:00,23.0,
553,24040,2024-02-20 00:00:00,26.0,
554,24042,2024-02-20 00:00:00,31.0,
555,24043,2024-02-20 00:00:00,29.0,
556,24044,2024-02-20 00:00:00,26.0,
557,24045,2024-02-20 00:00:00,27.0,
558,24046,2024-02-20 00:00:00,32.0,
559,24047,2024-02-20 00:00:00,26.0,
560,24048,2024-02-20 00:00:00,22.0,
561,24049,2024-02-20 00:00:00,30.0,
562,24050,2024-02-20 00:00:00,25.0,
563,24031,2024-02-08 00:00:00,28.0,
564,24032,2024-02-08 00:00:00,20.0,
565,24033,2024-02-08 00:00:00,36.0,
566,24034,2024-02-08 00:00:00,30.0,
567,24035,2024-02-08 00:00:00,21.0,
568,24027,2024-02-02 00:00:00,29.0,
569,24028,2024-02-02 00:00:00,27.0,
570,24030,2024-02-02 00:00:00,21.0,
571,24029,2024-02-02 00:00:00,28.0,
572,24023,2024-01-30 00:00:00,26.0,
573,24024,2024-01-30 00:00:00,29.0,
574,24025,2024-01-30 00:00:00,25.0,
575,24011,2024-01-25 00:00:00,24.0,
576,24012,2024-01-25 00:00:00,31.0,
577,24013,2024-01-25 00:00:00,35.0,
578,24014,2024-01-25 00:00:00,32.0,
579,24015,2024-01-25 00:00:00,33.0,
580,24016,2024-01-25 00:00:00,34.0,
581,24017,2024-01-25 00:00:00,27.0,
582,24018,2024-01-25 00:00:00,24.0,
583,24019,2024-01-25 00:00:00,22.0,
585,24021,2024-01-25 00:00:00,32.0,
586,24020,2024-01-25 00:00:00,31.0,
588,24004,2024-01-16 00:00:00,31.0,
589,24005,2024-01-16 00:00:00,33.0,
590,24006,2024-01-16 00:00:00,22.0,
591,24007,2024-01-16 00:00:00,33.0,
592,24008,2024-01-16 00:00:00,28.0,
593,24009,2024-01-16 00:00:00,32.0,
594,24010,2024-01-16 00:00:00,14.0,
595,23238,2024-01-09 00:00:00,25.0,
596,23240,2024-01-09 00:00:00,27.0,
597,23241,2024-01-09 00:00:00,27.0,
598,23244,2024-01-09 00:00:00,39.0,
599,23246,2024-01-09 00:00:00,32.0,
600,23250,2024-01-09 00:00:00,30.0,
601,23252,2024-01-09 00:00:00,30.0,
602,24001,2024-01-09 00:00:00,26.0,
603,24002,2024-01-09 00:00:00,28.0,
604,24003,2024-01-09 00:00:00,35.0,
605,23232,2023-12-19 00:00:00,30.0,
606,23236,2023-12-19 00:00:00,33.0,
607,23221,2023-12-13 00:00:00,30.0,
608,23223,2023-12-13 00:00:00,30.0,
609,23224,2023-12-13 00:00:00,29.0,
610,23225,2023-12-13 00:00:00,32.0,
611,23227,2023-12-13 00:00:00,22.0,
612,23230,2023-12-13 00:00:00,25.0,
613,24100,,23.0,
614,24103,,22.0,
615,23239,2024-01-09 00:00:00,27.0,
616,23242,2024-01-09 00:00:00,26.0,
617,23243,2024-01-09 00:00:00,26.0,
618,23247,2024-01-09 00:00:00,39.0,
619,23248,2024-01-09 00:00:00,32.0,
620,23249,2024-01-09 00:00:00,25.0,
621,23251,2024-01-09 00:00:00,19.0,
622,23233,2023-12-19 00:00:00,31.0,
623,23235,2023-12-19 00:00:00,29.0,
624,23237,2023-12-19 00:00:00,29.0,
625,23220,2023-12-13 00:00:00,38.0,
626,23222,2023-12-13 00:00:00,30.0,
627,23228,2023-12-13 00:00:00,28.0,
628,23229,2023-12-13 00:00:00,27.0,
629,23231,2023-12-13 00:00:00,21.0,
630,3505,2023-12-11 00:00:00,28.0,
631,23217,2023-12-05 00:00:00,31.0,
632,23218,2023-12-05 00:00:00,30.0,
633,23219,2023-12-05 00:00:00,14.0,
634,23216,2023-12-05 00:00:00,30.0,
635,23214,2023-11-27 00:00:00,28.0,
636,23215,2023-11-27 00:00:00,26.0,
637,23208,2023-11-14 00:00:00,25.0,
638,23212,2023-11-14 00:00:00,30.0,
639,23211,2023-11-09 00:00:00,24.0,
640,23206,2023-11-02 00:00:00,20.0,
641,23207,2023-11-02 00:00:00,30.0,
642,23209,2023-11-02 00:00:00,20.0,
643,23210,2023-11-02 00:00:00,26.0,
644,23202,2023-10-27 00:00:00,28.0,
645,23203,2023-10-27 00:00:00,21.0,
646,23204,2023-10-27 00:00:00,21.0,
647,23201,2023-10-23 00:00:00,34.0,
648,23200,2023-10-19 00:00:00,19.0,
649,23197,2023-10-13 00:00:00,28.0,
650,23198,2023-10-13 00:00:00,24.0,
651,23189,2023-10-12 00:00:00,20.0,
652,23190,2023-10-12 00:00:00,36.0,
653,23193,2023-10-12 00:00:00,33.0,
654,23194,2023-10-12 00:00:00,20.0,
655,23195,2023-10-12 00:00:00,16.0,
656,23196,2023-10-12 00:00:00,31.0,
657,23181,2023-09-30 00:00:00,25.0,
658,23183,2023-09-30 00:00:00,27.0,
659,23184,2023-09-30 00:00:00,23.0,
660,23185,2023-09-30 00:00:00,24.0,
661,23186,2023-09-30 00:00:00,26.0,
662,23187,2023-09-30 00:00:00,28.0,
663,23188,2023-09-30 00:00:00,28.0,
664,23178,2023-09-27 00:00:00,21.0,
665,23179,2023-09-27 00:00:00,12.0,
666,23180,2023-09-27 00:00:00,35.0,
667,23182,2023-09-27 00:00:00,20.0,
668,23175,2023-09-23 00:00:00,22.0,
669,23176,2023-09-23 00:00:00,32.0,
671,23177,2023-09-23 00:00:00,32.0,
672,23169,2023-09-19 00:00:00,28.0,
673,23170,2023-09-19 00:00:00,44.0,
674,23171,2023-09-19 00:00:00,38.0,
675,23172,2023-09-19 00:00:00,25.0,
676,23173,2023-09-19 00:00:00,24.0,
677,23174,2023-09-19 00:00:00,21.0,
678,23166,2023-09-14 00:00:00,26.0,
679,23168,2023-09-14 00:00:00,28.0,
680,23155,2023-09-04 00:00:00,21.0,
681,23156,2023-09-04 00:00:00,28.0,
682,23157,2023-09-04 00:00:00,36.0,
683,23158,2023-09-04 00:00:00,26.0,
684,23159,2023-09-04 00:00:00,31.0,
685,23160,2023-09-04 00:00:00,25.0,
686,23162,2023-09-04 00:00:00,27.0,
687,23163,2023-09-04 00:00:00,26.0,
688,23164,2023-09-04 00:00:00,31.0,
689,23165,2023-09-04 00:00:00,36.0,
690,23150,2023-08-24 00:00:00,32.0,
691,23151,2023-08-24 00:00:00,30.0,
692,23152,2023-08-24 00:00:00,30.0,
693,23153,2023-08-24 00:00:00,38.0,
694,23154,2023-08-24 00:00:00,18.0,
695,23149,2023-08-24 00:00:00,45.0,
696,23146,2023-08-19 00:00:00,32.0,
697,23147,2023-08-19 00:00:00,31.0,
698,23148,2023-08-19 00:00:00,21.0,
699,23143,2023-08-16 00:00:00,23.0,
700,23144,2023-08-16 00:00:00,29.0,
701,23145,2023-08-16 00:00:00,44.0,
702,23139,2023-08-09 00:00:00,32.0,
703,23141,2023-08-09 00:00:00,26.0,
704,23142,2023-08-09 00:00:00,29.0,
705,23134,2023-08-08 00:00:00,29.0,
706,23135,2023-08-08 00:00:00,27.0,
707,23136,2023-08-08 00:00:00,30.0,
708,23137,2023-08-08 00:00:00,34.0,
709,23138,2023-08-08 00:00:00,33.0,
710,23140,2023-08-08 00:00:00,33.0,
711,23132,2023-08-02 00:00:00,31.0,
712,23133,2023-08-02 00:00:00,20.0,
713,23128,2023-07-26 00:00:00,36.0,
714,23129,2023-07-26 00:00:00,32.0,
715,23130,2023-07-26 00:00:00,27.0,
716,23131,2023-07-26 00:00:00,21.0,
717,23122,2023-07-19 00:00:00,34.0,
718,23123,2023-07-19 00:00:00,28.0,
719,23125,2023-07-19 00:00:00,22.0,
720,23126,2023-07-19 00:00:00,23.0,
721,23127,2023-07-19 00:00:00,26.0,
722,23124,2023-07-19 00:00:00,49.0,
723,23119,2023-07-11 00:00:00,31.0,
724,23120,2023-07-11 00:00:00,27.0,
725,23121,2023-07-11 00:00:00,20.0,
726,23110,2023-07-06 00:00:00,25.0,
727,23111,2023-07-06 00:00:00,26.0,
728,23113,2023-07-06 00:00:00,32.0,
729,23114,2023-07-06 00:00:00,36.0,
730,23115,2023-07-06 00:00:00,27.0,
731,23116,2023-07-06 00:00:00,30.0,
732,23117,2023-07-06 00:00:00,23.0,
733,23118,2023-07-06 00:00:00,22.0,
734,3103,2023-06-28 00:00:00,27.0,
735,3104A,2023-06-28 00:00:00,35.0,
736,3105,2023-06-28 00:00:00,36.0,
737,23106,2023-06-28 00:00:00,24.0,
738,3107A,2023-06-28 00:00:00,24.0,
739,3108A,2023-06-28 00:00:00,26.0,
740,23109,2023-06-28 00:00:00,36.0,
741,23100,2023-06-19 00:00:00,35.0,
742,3101,2023-06-19 00:00:00,26.0,
743,23102,2023-06-19 00:00:00,36.0,
744,3096,2023-06-12 00:00:00,36.0,
745,23097,2023-06-12 00:00:00,36.0,
746,3098,2023-06-12 00:00:00,35.0,
747,3099,2023-06-12 00:00:00,31.0,
748,23093,2023-06-07 00:00:00,23.0,
749,23094,2023-06-07 00:00:00,33.6,
750,23095,2023-06-07 00:00:00,28.3,
751,3087,2023-05-31 00:00:00,30.0,
752,23088,2023-05-31 00:00:00,26.0,
753,23089,2023-05-31 00:00:00,30.0,
754,3090,2023-05-31 00:00:00,33.0,
755,3091,2023-05-31 00:00:00,26.0,
756,3092,2023-05-31 00:00:00,24.0,
757,23086,2023-05-26 00:00:00,28.0,
758,3082,2023-05-23 00:00:00,24.0,
759,3083,2023-05-23 00:00:00,25.0,
760,3084A,2023-05-23 00:00:00,20.0,
761,3085,2023-05-23 00:00:00,33.0,
762,23080,2023-05-19 00:00:00,29.0,
763,3081,2023-05-19 00:00:00,27.0,
764,3078,2023-05-16 00:00:00,32.0,
765,3079,2023-05-16 00:00:00,26.0,
766,3072,2023-05-13 00:00:00,33.0,
767,23075,2023-05-09 00:00:00,38.0,
768,3076,2023-05-09 00:00:00,30.0,
769,3077,2023-05-09 00:00:00,31.0,
770,23071,2023-05-08 00:00:00,28.0,
771,3073,2023-05-08 00:00:00,30.0,
772,3074,2023-05-08 00:00:00,26.0,
773,23069,2023-05-05 00:00:00,28.0,
774,23070,2023-05-05 00:00:00,35.0,
775,3063,2023-05-02 00:00:00,28.0,
776,3064,2023-05-02 00:00:00,32.0,
777,23065,2023-05-02 00:00:00,24.0,
778,23066,2023-05-02 00:00:00,26.0,
779,23067,2023-05-02 00:00:00,33.0,
780,3068,2023-05-02 00:00:00,39.0,
781,23062,2023-04-26 00:00:00,21.0,
782,3061,2023-04-25 00:00:00,26.0,
783,3058,2023-04-24 00:00:00,23.0,
784,23059,2023-04-24 00:00:00,18.0,
785,23060,2023-04-24 00:00:00,19.0,
786,3056,2023-04-19 00:00:00,28.0,
787,23057,2023-04-19 00:00:00,23.0,
788,23052,2023-04-17 00:00:00,25.0,
789,3053,2023-04-17 00:00:00,24.0,
790,23054,2023-04-17 00:00:00,26.0,
791,3055,2023-04-17 00:00:00,20.0,
792,3050,2023-04-13 00:00:00,22.0,
793,23051,2023-04-13 00:00:00,23.0,
794,23044,2023-04-11 00:00:00,27.0,
795,3045,2023-04-11 00:00:00,24.0,
796,3046,2023-04-11 00:00:00,19.0,
797,3047,2023-04-11 00:00:00,29.0,
798,3048,2023-04-11 00:00:00,18.0,
799,3049,2023-04-11 00:00:00,27.0,
800,3037,2023-04-10 00:00:00,27.0,
801,3038,2023-04-10 00:00:00,30.0,
802,3039,2023-04-10 00:00:00,23.0,
803,3040,2023-04-10 00:00:00,28.0,
804,23041,2023-04-10 00:00:00,27.0,
805,3042,2023-04-10 00:00:00,35.0,
806,3043A,2023-04-10 00:00:00,30.0,
807,3034,2023-03-27 00:00:00,26.0,
808,3035,2023-03-27 00:00:00,20.0,
809,3032,2023-03-21 00:00:00,23.0,
810,23033,2023-03-21 00:00:00,14.0,
811,23030,2023-03-16 00:00:00,15.0,
812,23031,2023-03-16 00:00:00,28.0,
813,3024,2023-03-15 00:00:00,22.0,
814,3025,2023-03-15 00:00:00,19.0,
815,3026,2023-03-15 00:00:00,34.0,
816,3027,2023-03-15 00:00:00,24.0,
817,3028,2023-03-15 00:00:00,30.0,
818,23029,2023-03-15 00:00:00,26.0,
819,23020,2023-03-09 00:00:00,31.0,
820,3021,2023-03-09 00:00:00,30.0,
821,3022,2023-03-09 00:00:00,26.0,
822,3023,2023-03-09 00:00:00,25.0,
823,pend42,,20.0,
824,pend43,,21.0,
825,23234,,15.0,
826,24197,2024-08-10 00:00:00,22.0,
827,24198,2024-08-10 00:00:00,22.0,
828,24199,2024-08-10 00:00:00,23.0,
829,24200,2024-08-10 00:00:00,27.0,
830,24201,2024-08-10 00:00:00,26.0,
831,24202,2024-08-10 00:00:00,28.0,
832,24203,2024-08-10 00:00:00,19.0,
833,24211,2024-08-24 00:00:00,21.0,
834,24212,2024-08-24 00:00:00,25.0,
835,24210,2024-08-24 00:00:00,28.0,
836,24209,2024-08-24 00:00:00,32.0,
837,24208,2024-08-24 00:00:00,33.0,
838,24207,2024-08-17 00:00:00,32.0,
839,24206,2024-08-17 00:00:00,24.0,
840,24205,2024-08-17 00:00:00,20.0,
841,24204,2024-08-24 00:00:00,19.0,
842,24213,2024-08-31 00:00:00,25.0,
843,24214,2024-08-31 00:00:00,28.0,
844,24215,2024-09-07 00:00:00,26.0,
845,24216,2024-09-07 00:00:00,23.0,
846,24217,2024-09-07 00:00:00,30.0,
847,24218,2024-09-07 00:00:00,38.0,
848,22126,2022-11-07 00:00:00,24.0,
849,2019,2022-03-08 00:00:00,24.0,
850,2048,2022-03-29 00:00:00,24.0,
851,2042,2022-03-29 00:00:00,24.0,
852,22112,2022-10-01 00:00:00,24.0,
853,10431,2021-09-25 00:00:00,24.0,
855,22120,2022-10-10 00:00:00,25.0,
856,2004,2022-01-16 00:00:00,25.0,
857,22118,2022-10-06 00:00:00,25.0,
858,22115,2022-10-03 00:00:00,25.0,
859,22157,2022-11-24 00:00:00,25.0,
860,22132,2022-11-18 00:00:00,25.0,
861,2148,2021-12-18 00:00:00,25.0,
862,22166,2022-11-30 00:00:00,25.0,
863,22114,2022-10-02 00:00:00,25.0,
864,1056,2021-10-23 00:00:00,25.0,
865,1044,2021-09-25 00:00:00,25.0,
866,2044,2022-03-25 00:00:00,25.0,
867,22175,2022-12-01 00:00:00,25.0,
868,22178,2022-12-09 00:00:00,25.0,
869,22181,2022-12-06 00:00:00,25.0,
870,22185,2022-12-21 00:00:00,25.0,
871,22188,2022-12-24 00:00:00,25.0,
872,22209,2022-12-30 00:00:00,25.0,
873,22206,2022-12-30 00:00:00,25.0,
874,23004,2023-01-05 00:00:00,25.0,
875,23011,2023-01-20 00:00:00,25.0,
876,23015,2023-02-05 00:00:00,25.0,
877,24145,2024-05-17 00:00:00,25.0,
878,1046A,,25.0,
879,22122,,25.0,
880,22125,,25.0,
881,22150,,25.0,
882,22176,,25.0,
883,22183,,25.0,
884,22184,,25.0,
885,22187,,25.0,
886,22190,,25.0,
887,22192,,25.0,
888,22196,,25.0,
889,22199,,25.0,
890,22205,,25.0,
891,22207,,25.0,
892,23008,,25.0,
893,23010,,25.0,
894,23013,,25.0,
895,23014,,25.0,
896,23019,,25.0,
897,23028,,25.0,
898,23035,,25.0,
899,23046,,25.0,
900,23053,,25.0,
901,23056,,25.0,
902,23058,,25.0,
903,23063,,25.0,
904,23064,,25.0,
905,23072,,25.0,
906,23078,,25.0,
907,23084,,25.0,
908,23085,,25.0,
909,23096,,25.0,
910,23099,,25.0,
911,1045,,24.0,
912,1051,,24.0,
913,22105,,24.0,
914,22116,,24.0,
915,22117,,24.0,
916,22119,,24.0,
917,22121,,24.0,
918,22131,,24.0,
919,22139,,24.0,
920,22151,,24.0,
921,22164,,24.0,
922,22177,,24.0,
923,22180,,24.0,
924,22182,,24.0,
925,22186,,24.0,
926,22189,,24.0,
927,22191,,24.0,
928,22193,,24.0,
929,22197,,24.0,
930,22198,,24.0,
931,22216,,24.0,
932,23001,,24.0,
933,23002,,24.0,
934,23003,,24.0,
935,23005,,24.0,
936,23006,,24.0,
937,23016,,24.0,
938,23017,,24.0,
939,23018,,24.0,
940,23021,,24.0,
941,23022,,24.0,
942,23023,,24.0,
943,23024,,24.0,
944,23027,,24.0,
945,23034,,24.0,
946,23036,,24.0,
947,23037,,24.0,
948,23038,,24.0,
949,23039,,24.0,
950,23040,,24.0,
951,23043,,24.0,
952,23045,,24.0,
953,23049,,24.0,
954,23050,,24.0,
955,23055,,24.0,
956,23061,,24.0,
957,23073,,24.0,
958,23074,,24.0,
959,23077,,24.0,
960,23079,,24.0,
961,23081,,24.0,
962,23082,,24.0,
963,23098,,24.0,
964,23101,,24.0,
965,23105,,24.0,
966,23107,,24.0,
967,24219,2024-09-14 00:00:00,30.0,
968,24220,2024-09-14 00:00:00,27.0,
969,24221,2024-09-14 00:00:00,22.0,
970,24222,2024-09-14 00:00:00,26.0,
971,24223,2024-09-21 00:00:00,27.0,
972,24224,2024-09-21 00:00:00,23.0,
973,24225,2024-09-21 00:00:00,19.0,
974,24228,2024-09-21 00:00:00,24.0,
975,24229,2024-09-21 00:00:00,20.0,
976,24230,2024-09-21 00:00:00,26.0,
977,24231,2024-10-10 00:00:00,30.0,
978,24232,2024-10-10 00:00:00,29.0,
979,24233,2024-10-10 00:00:00,26.0,
980,24234,2024-10-10 00:00:00,27.0,
981,24235,2024-10-10 00:00:00,24.0,
982,24236,2024-10-10 00:00:00,17.0,
983,24237,2024-10-12 00:00:00,25.0,
984,24238,2024-10-12 00:00:00,30.0,
985,24239,2024-10-12 00:00:00,20.0,
986,24240,2024-10-12 00:00:00,25.0,
987,24244,2024-10-19 00:00:00,28.0,
988,24243,2024-10-19 00:00:00,21.0,
989,24242,2024-10-19 00:00:00,28.0,
990,24245,2024-11-19 00:00:00,23.0,
991,24246,2024-11-19 00:00:00,24.0,
992,24247,2024-11-19 00:00:00,23.0,
993,24248,2024-11-19 00:00:00,26.0,
994,24249,2024-11-19 00:00:00,22.0,
995,24250,2024-11-19 00:00:00,16.0,
996,24251,2024-11-19 00:00:00,22.0,
997,24252,2024-11-19 00:00:00,21.0,
1006,24255,2024-11-30 00:00:00,25.0,
1007,24256,2024-11-30 00:00:00,26.0,
1008,24258,2024-11-30 00:00:00,26.0,
1009,24259,2024-11-30 00:00:00,25.0,
1010,24260,2024-11-30 00:00:00,26.0,
1011,24261,2024-11-30 00:00:00,26.0,
1012,24262,2024-11-30 00:00:00,25.0,
1013,24263,2024-11-30 00:00:00,24.0,
1014,24254,2024-12-07 00:00:00,23.0,
1015,24264,2024-12-07 00:00:00,26.0,
1016,24265,2024-12-07 00:00:00,24.0,
1017,24268,2024-12-07 00:00:00,24.0,
1018,24269,2024-12-07 00:00:00,23.0,
1019,24270,2024-12-07 00:00:00,23.0,
1020,24271,2024-12-07 00:00:00,23.0,
1021,24272,2024-12-07 00:00:00,24.0,
1022,24273,2024-12-11 00:00:00,30.0,
1023,24274,2024-12-11 00:00:00,29.0,
1024,24275,2024-12-11 00:00:00,28.0,
1025,24276,2024-12-11 00:00:00,20.0,
1026,24277,2024-12-11 00:00:00,26.0,
1027,24278,2024-12-11 00:00:00,25.0,
1028,24279,2024-12-11 00:00:00,26.0,
1029,24280,2024-12-11 00:00:00,18.0,
1030,24282,2024-12-11 00:00:00,25.0,
1031,24283,2024-12-11 00:00:00,24.0,
1032,24284,2024-12-11 00:00:00,18.0,
1033,24285,2024-12-18 00:00:00,16.0,
1034,24286,2024-12-18 00:00:00,24.0,
1035,24287,2024-12-18 00:00:00,18.0,
1036,24288,2024-12-18 00:00:00,23.0,
1037,24289,2025-01-14 00:00:00,22.0,
1038,24290,2025-01-14 00:00:00,23.0,
1039,24291,2025-01-14 00:00:00,26.0,
1040,24292,2025-01-14 00:00:00,26.0,
1041,24296,2025-01-14 00:00:00,15.0,
1042,24297,2025-01-14 00:00:00,21.0,
1043,24298,2025-01-14 00:00:00,24.0,
1044,24304,2025-01-14 00:00:00,25.0,
1045,25001,2025-01-14 00:00:00,32.0,
1046,25002,2025-01-14 00:00:00,23.0,
1047,25003,2025-01-14 00:00:00,31.0,
1048,25004,2025-01-14 00:00:00,24.0,
1049,25005,2025-01-14 00:00:00,26.0,
1050,25014,2025-01-29 00:00:00,21.0,
1051,25012,2025-01-29 00:00:00,28.0,
1052,25011,2025-01-29 00:00:00,28.0,
1053,J25001,2025-01-29 00:00:00,27.0,
1054,25010,2025-01-29 00:00:00,22.0,
1055,25009,2025-01-29 00:00:00,26.0,
1056,25008,2025-01-29 00:00:00,20.0,
1057,25007,2025-01-29 00:00:00,16.0,
1058,24300,2025-01-29 00:00:00,24.0,
1059,24299,2025-01-29 00:00:00,23.0,
1060,25020,2025-02-08 00:00:00,30.0,
1061,25021,2025-02-08 00:00:00,29.0,
1062,25022,2025-02-08 00:00:00,21.0,
1063,25023,2025-02-08 00:00:00,27.0,
1064,25017,2025-02-08 00:00:00,26.0,
1065,25018,2025-02-08 00:00:00,23.0,
1066,25024,2025-02-22 00:00:00,23.0,
1067,25025,2025-02-22 00:00:00,26.0,
1068,25026,2025-02-22 00:00:00,23.0,
1069,25027,2025-02-22 00:00:00,26.0,
1070,25028,2025-02-22 00:00:00,25.0,
1071,25030,2025-02-22 00:00:00,25.0,
1072,J25031,2025-02-22 00:00:00,30.0,
1073,25034,2025-02-22 00:00:00,28.0,
1074,25035,2025-02-22 00:00:00,27.0,
1075,25036,2025-02-22 00:00:00,30.0,
1076,25037,2025-03-08 00:00:00,23.0,
1077,25046,2025-03-08 00:00:00,30.0,
1078,25047,2025-03-08 00:00:00,25.0,
1079,25048,2025-03-08 00:00:00,25.0,
1080,25039,2025-03-22 00:00:00,23.0,
1081,j25049,2025-03-22 00:00:00,26.0,
1082,25050,2025-03-22 00:00:00,26.0,
1083,25051,2025-03-22 00:00:00,26.0,
1084,25052,2025-03-22 00:00:00,24.0,
1085,25040,2025-03-29 00:00:00,26.0,
1086,25053,2025-03-29 00:00:00,23.0,
1087,25054,2025-03-29 00:00:00,27.0,
1088,25055,2025-03-29 00:00:00,28.0,
1089,25056,2025-03-29 00:00:00,29.0,
1090,25058,2025-03-29 00:00:00,29.0,
1091,25059,2025-03-29 00:00:00,30.0,
1092,25060,2025-03-29 00:00:00,19.0,
1093,25061,2025-03-29 00:00:00,26.0,
1094,25062,2025-04-12 00:00:00,27.0,
1095,25063,2025-04-12 00:00:00,27.0,
1096,25064,2025-04-12 00:00:00,26.0,
1097,25065,2025-04-12 00:00:00,15.0,
1098,25066,2025-04-12 00:00:00,30.0,
1099,25067,2025-04-12 00:00:00,26.0,
1100,25068,2025-04-12 00:00:00,26.0,
1101,25069,2025-04-12 00:00:00,25.0,
1102,25070,2025-04-12 00:00:00,21.0,
1104,24302,2025-04-14 00:00:00,23.0,
1105,24303,2025-04-14 00:00:00,23.0,
1106,25006,2025-04-14 00:00:00,23.0,
1107,25013,2025-04-14 00:00:00,23.0,
1108,25015,2025-04-14 00:00:00,23.0,
1109,25029,2025-04-14 00:00:00,23.0,
1110,25032,2025-04-14 00:00:00,23.0,
1111,25033,2025-04-14 00:00:00,23.0,
1112,25038,2025-04-14 00:00:00,23.0,
1113,25044,2025-04-14 00:00:00,23.0,
1114,25045,2025-04-14 00:00:00,23.0,
1115,25071,2025-04-14 00:00:00,23.0,
1116,25074,2025-04-14 00:00:00,23.0,
1117,25073,2025-04-26 00:00:00,19.0,
1118,25075,2025-04-26 00:00:00,39.0,
1119,25076,2025-04-26 00:00:00,29.0,
1120,25077,2025-04-26 00:00:00,29.0,
1121,25078,2025-04-26 00:00:00,31.0,
1122,25080,2025-04-26 00:00:00,27.0,
1123,25081,2025-04-26 00:00:00,17.0,
1124,25082,2025-04-26 00:00:00,20.0,
1125,25083,2025-04-26 00:00:00,23.0,
1126,25084,2025-04-26 00:00:00,18.0,
1127,25085,2025-04-26 00:00:00,18.0,
1128,25086,2025-04-26 00:00:00,25.0,
1129,25087,2025-05-03 00:00:00,16.0,
1130,25088,2025-05-03 00:00:00,27.0,
1131,25089,2025-05-03 00:00:00,27.0,
1132,25090,2025-05-03 00:00:00,23.0,
1133,25091,2025-05-03 00:00:00,27.0,
1134,25093,2025-05-03 00:00:00,25.0,
1135,25095,2025-05-03 00:00:00,21.0,
1136,25096,2025-05-03 00:00:00,22.0,
1137,25097,2025-05-03 00:00:00,25.0,
1138,25098,2025-05-03 00:00:00,26.0,
1139,25099,2025-05-10 00:00:00,25.0,
1140,25100,2025-05-10 00:00:00,23.0,
1141,25101,2025-05-10 00:00:00,28.0,
1142,25102,2025-05-10 00:00:00,23.0,
1143,25104,2025-05-10 00:00:00,25.0,
1144,25103,2025-05-17 00:00:00,23.0,
1145,25105,2025-05-17 00:00:00,24.0,
1146,25106,2025-05-17 00:00:00,27.0,
1147,25107,2025-05-17 00:00:00,24.0,
1148,25108,2025-05-17 00:00:00,25.0,
1149,25109,2025-05-17 00:00:00,25.0,
1150,25110,2025-05-17 00:00:00,30.0,
1151,25111,2025-05-23 00:00:00,30.0,
1152,25112,2025-05-23 00:00:00,23.0,
1153,25113,2025-05-23 00:00:00,30.0,
1154,25114,2025-05-23 00:00:00,26.0,
1155,25115,2025-05-23 00:00:00,26.0,
1156,25116,2025-05-23 00:00:00,27.0,
1157,25117,2025-05-23 00:00:00,23.0,
1158,25119,2025-05-23 00:00:00,25.0,
1159,25120,2025-05-23 00:00:00,26.0,
1160,25121,2025-05-23 00:00:00,22.0,
1161,25118,2025-06-13 00:00:00,25.0,
1165,25122,2025-06-13 00:00:00,20.0,
1166,25123,2025-06-13 00:00:00,21.0,
1167,25124,2025-06-13 00:00:00,21.0,
1168,25125,2025-06-13 00:00:00,23.0,
1169,25126,2025-06-13 00:00:00,25.0,
1170,25127,2025-06-13 00:00:00,23.0,
1171,25128,2025-06-13 00:00:00,23.0,
1172,25129,2025-06-13 00:00:00,23.0,
1173,25130,2025-06-13 00:00:00,31.0,
1174,25131,2025-06-13 00:00:00,27.0,
1175,25132,2025-06-13 00:00:00,28.0,
1176,25133,2025-06-13 00:00:00,30.0,
1177,25135,2025-06-13 00:00:00,28.0,
1178,25136,2025-06-13 00:00:00,27.0,
1179,25134,2025-06-23 00:00:00,27.0,
1180,25138,2025-06-23 00:00:00,25.0,
1181,25139,2025-06-23 00:00:00,27.0,
1182,25140,2025-06-23 00:00:00,25.0,
1183,25141,2025-06-23 00:00:00,27.0,
1184,25142,2025-06-23 00:00:00,28.0,
1185,25143,2025-06-23 00:00:00,32.0,
1186,25144,2025-06-23 00:00:00,29.0,
1187,25145,2025-06-23 00:00:00,28.0,
1188,25146,2025-06-23 00:00:00,17.0,
1189,25147,2025-06-23 00:00:00,26.0,
1190,25026,2025-06-23 00:00:00,23.0,
1191,25070,2025-06-23 00:00:00,21.0,
1192,J25002,2025-06-23 00:00:00,23.0,
1193,25137,2025-06-27 00:00:00,26.0,
1194,25043,2025-07-02 00:00:00,23.0,
1195,25152,2025-07-02 00:00:00,23.0,
1196,25125,2025-07-02 00:00:00,23.0,
1197,25148,2025-07-07 00:00:00,27.0,
1198,25149,2025-07-07 00:00:00,30.0,
1199,25150,2025-07-07 00:00:00,23.0,
1200,25154,2025-07-07 00:00:00,28.0,
1201,25155,2025-07-07 00:00:00,25.0,
1202,25156,2025-07-07 00:00:00,28.0,
1203,25157,2025-07-07 00:00:00,33.0,
1204,25158,2025-07-19 00:00:00,25.0,
1205,25159,2025-07-19 00:00:00,25.0,
1206,25161,2025-07-19 00:00:00,26.0,
1207,25162,2025-07-19 00:00:00,29.0,
1208,25163,2025-07-19 00:00:00,29.0,
1209,BU2510,,39.0,
1210,BU2505,,55.0,
1211,BU2507,,29.0,
1212,BU2511,,31.0,
1213,BU2508,,28.0,
1214,BU2509,,32.0,
1215,BU2504,,39.0,
1216,BU2506,,44.0,
1221,BU2515,,29.0,
1222,BU2514,,44.0,
1223,BU2513,,39.0,
1224,BU2512,,36.0,
1225,25164,2025-08-02 00:00:00,26.0,
1226,25165,2025-08-02 00:00:00,27.0,
1227,25166,2025-08-02 00:00:00,23.0,
1228,25167,2025-08-02 00:00:00,28.0,
1229,25168,2025-08-02 00:00:00,20.0,
1230,25169,2025-08-02 00:00:00,29.0,
1231,25170,2025-08-04 00:00:00,27.0,
1232,25171,2025-08-04 00:00:00,27.0,
1234,25173,2025-08-22 00:00:00,32.0,
1235,25174,2025-08-22 00:00:00,35.0,
1236,25175,2025-08-22 00:00:00,26.0,
1237,25176,2025-08-22 00:00:00,24.0,
1238,25177,2025-08-22 00:00:00,19.0,
1239,25178,2025-08-22 00:00:00,35.0,
1240,25179,2025-08-22 00:00:00,31.0,
1241,25181,2025-08-22 00:00:00,26.0,
1242,25182,2025-08-22 00:00:00,34.0,
1243,25183,2025-08-22 00:00:00,24.0,
1244,25184,2025-08-22 00:00:00,24.0,
1245,25173,2025-08-23 00:00:00,29.0,
1246,25174,2025-08-23 00:00:00,30.0,
1247,25175,2025-08-23 00:00:00,23.0,
1248,25176,2025-08-23 00:00:00,20.0,
1249,25177,2025-08-23 00:00:00,18.0,
1250,25178,2025-08-23 00:00:00,31.0,
1251,25179,2025-08-23 00:00:00,30.0,
1252,25181,2025-08-23 00:00:00,25.0,
1253,25182,2025-08-23 00:00:00,35.0,
1254,25183,2025-08-23 00:00:00,24.0,
1255,25184,2025-08-23 00:00:00,24.0,
1256,25185,2025-08-28 00:00:00,40.0,
1257,25186,2025-08-28 00:00:00,26.0,
1258,25187,2025-08-28 00:00:00,31.0,
1259,25189,2025-08-28 00:00:00,28.0,
1260,25190,2025-08-28 00:00:00,26.0,
1261,25191,2025-08-28 00:00:00,23.0,
1262,25185,2025-08-29 00:00:00,40.0,
1263,25186,2025-08-29 00:00:00,26.0,
1264,25187,2025-08-29 00:00:00,31.0,
1265,25189,2025-08-29 00:00:00,28.0,
1266,25190,2025-08-29 00:00:00,26.0,
1267,25191,2025-08-29 00:00:00,23.0,
1268,25188,2025-08-30 00:00:00,36.0,
1269,25192,2025-08-30 00:00:00,25.0,
1270,25193,2025-08-30 00:00:00,33.0,
1271,25194,2025-08-30 00:00:00,32.0,
1272,25195,2025-09-02 00:00:00,29.0,
1273,25196,2025-09-02 00:00:00,23.0,
1274,25197,2025-09-02 00:00:00,26.0,
1275,25198,2025-09-09 00:00:00,18.0,
1276,25199,2025-09-09 00:00:00,19.0,
1277,25200,2025-09-09 00:00:00,37.0,
1278,25201,2025-09-09 00:00:00,26.0,
1279,25202,2025-09-09 00:00:00,27.0,
1280,25203,2025-09-17 00:00:00,24.0,
1281,25204,2025-09-17 00:00:00,35.0,
1282,25205,2025-09-17 00:00:00,35.0,
1283,25206,2025-09-17 00:00:00,21.0,
1284,25207,2025-09-17 00:00:00,33.0,
1285,25208,2025-09-17 00:00:00,22.0,
1286,25209,2025-09-17 00:00:00,30.0,
1287,25210,2025-09-17 00:00:00,35.0,
1288,25211,2025-09-17 00:00:00,44.0,
1289,25212,2025-09-17 00:00:00,31.0,
1290,25213,2025-09-17 00:00:00,28.0,
1291,25214,2025-09-17 00:00:00,25.0,
1292,25215,2025-09-17 00:00:00,27.0,
1293,25216,2025-09-23 00:00:00,32.0,
1294,25217,2025-09-23 00:00:00,27.0,
1295,25218,2025-09-23 00:00:00,27.0,
1296,25219,2025-09-23 00:00:00,30.0,
1297,25220,2025-09-23 00:00:00,31.0,
1298,25221,2025-09-23 00:00:00,29.0,
1299,25222,2025-10-01 00:00:00,37.0,
1300,25223,2025-10-01 00:00:00,37.0,
1301,25224,2025-10-01 00:00:00,23.0,
1302,25225,2025-10-01 00:00:00,21.0,
1303,25226,2025-10-01 00:00:00,32.0,
1304,25229,2025-10-01 00:00:00,24.0,
1305,25230,2025-10-01 00:00:00,33.0,
1306,25231,2025-10-01 00:00:00,34.0,
1308,25232,2025-10-17 00:00:00,30.0,
1309,25233,2025-10-17 00:00:00,34.0,
1310,25234,2025-10-17 00:00:00,23.0,
1311,25235,2025-10-17 00:00:00,26.0,
1312,25237,2025-10-17 00:00:00,27.0,
1313,25238,2025-10-17 00:00:00,26.0,
1314,25239,2025-10-17 00:00:00,38.0,
1315,25241,2025-10-17 00:00:00,26.0,
1316,25242,2025-10-17 00:00:00,29.0,
1317,25243,2025-10-17 00:00:00,25.0,
1318,BU2527,,37.0,
1319,25244,2025-10-21 00:00:00,30.0,
1320,25246,2025-10-21 00:00:00,27.0,
1321,25240,2025-10-21 00:00:00,34.0,
1322,25236,2025-10-21 00:00:00,26.0,
1323,25219,2025-10-21 00:00:00,30.0,
1324,25250,2025-10-25 00:00:00,30.0,
1325,25249,2025-10-25 00:00:00,30.0,
1326,25247,2025-10-25 00:00:00,28.0,
1327,25248,2025-10-25 00:00:00,28.0,
1328,25253,2025-11-04 00:00:00,28.0,
1329,25254,2025-11-04 00:00:00,28.0,
1330,25255,2025-11-04 00:00:00,23.0,
1331,25256,2025-11-04 00:00:00,31.0,
1332,25257,2025-11-04 00:00:00,39.0,
1333,25258,2025-11-04 00:00:00,35.0,
1334,25259,2025-11-04 00:00:00,32.0,
1335,25260,2025-11-04 00:00:00,21.0,
1336,25261,2025-11-04 00:00:00,29.0,
1337,25262,2025-11-04 00:00:00,22.0,
1338,25264,2025-11-04 00:00:00,27.0,
1339,25265,2025-11-14 00:00:00,28.0,
1340,25266,2025-11-14 00:00:00,27.0,
1341,25267,2025-11-14 00:00:00,26.0,
1342,25268,2025-11-14 00:00:00,31.0,
1343,25269,2025-11-14 00:00:00,31.0,
1344,25270,2025-11-14 00:00:00,26.0,
1345,25273,2025-11-14 00:00:00,22.0,
1346,25272,2025-11-24 00:00:00,30.0,
1347,25274,2025-11-24 00:00:00,28.0,
1348,25275,2025-11-24 00:00:00,32.0,
1349,25276,2025-11-24 00:00:00,34.0,
1350,25277,2025-11-24 00:00:00,33.0,
1351,25278,2025-11-24 00:00:00,28.0,
1352,25279,2025-11-24 00:00:00,31.0,
1353,25280,2025-11-24 00:00:00,42.0,
1354,25281,2025-11-24 00:00:00,25.0,
1355,25283,2025-11-24 00:00:00,31.0,
1356,25284,2025-11-24 00:00:00,29.0,
1357,25285,2025-11-24 00:00:00,27.0,
1358,25287,2025-11-24 00:00:00,15.0,
1359,25263,2025-11-25 00:00:00,,
1360,25271,2025-12-09 00:00:00,23.0,
1361,25282,2025-12-09 00:00:00,23.0,
1362,25286,2025-12-09 00:00:00,26.0,
1363,25288,2025-12-03 00:00:00,23.0,
1364,25289,2025-12-03 00:00:00,29.0,
1365,25290,2025-12-03 00:00:00,29.0,
1366,25291,2025-12-03 00:00:00,29.0,
1367,25292,2025-12-03 00:00:00,22.0,
1368,25293,2025-12-03 00:00:00,26.0,
1369,25296,2025-12-11 00:00:00,30.0,
1370,25299,2025-12-11 00:00:00,25.0,
1371,25300,2025-12-11 00:00:00,27.0,
1373,25315,2026-01-08 00:00:00,32.0,
1374,25317,2026-01-08 00:00:00,22.0,
1375,26001,2026-01-08 00:00:00,24.0,
1376,26003,2026-01-08 00:00:00,29.0,
1377,26005,2026-01-08 00:00:00,35.0,
1378,26007,2026-01-08 00:00:00,33.0,
1379,26008,2026-01-08 00:00:00,26.0,
1380,26010,2026-01-08 00:00:00,26.0,
1381,26011,2026-01-08 00:00:00,26.0,
1382,26012,2026-01-08 00:00:00,23.0,
1383,26013,2026-01-08 00:00:00,35.0,
1384,26014,2026-01-08 00:00:00,24.0,Carlos
1385,25318,2026-01-08 00:00:00,24.0,
1386,25314,2026-01-08 00:00:00,23.0,
1387,25316,2026-01-08 00:00:00,30.0,
1388,26015,2026-01-08 00:00:00,35.0,
1389,25319,2026-01-08 00:00:00,35.0,
1390,26016,2026-01-22 00:00:00,28.0,
1391,26017,2026-01-22 00:00:00,28.0,
1392,26018,2026-01-22 00:00:00,30.0,
1393,26019,2026-01-22 00:00:00,29.0,
1394,26020,2026-01-22 00:00:00,29.0,
1395,26021,2026-01-22 00:00:00,31.0,
1396,26022,2026-01-22 00:00:00,29.0,
1397,26023,2026-01-22 00:00:00,26.0,
1398,26024,2026-01-22 00:00:00,19.0,
1399,26025,2026-01-22 00:00:00,28.0,
1400,26026,2026-01-22 00:00:00,28.0,
1401,26027,2026-01-22 00:00:00,28.0,
1402,26028,2026-01-22 00:00:00,27.0,
1403,26029,2026-01-22 00:00:00,23.0,
1404,26030,2026-01-22 00:00:00,18.0,
1405,25302,2026-01-15 00:00:00,23.0,
1406,25307,2025-12-16 00:00:00,23.0,
1407,25308,2025-12-16 00:00:00,23.0,
1408,25310,2025-12-16 00:00:00,23.0,
1409,25306,2025-12-16 00:00:00,23.0,
1411,25294,2026-02-11 00:00:00,23.0,
1412,26031,2026-02-07 00:00:00,32.0,
1413,26032,2026-02-07 00:00:00,25.0,
1414,26033,2026-02-07 00:00:00,33.0,
1415,26034,2026-02-07 00:00:00,35.0,
1416,26035,2026-02-07 00:00:00,35.0,
1417,26036,2026-02-07 00:00:00,23.0,
1418,26037,2026-02-07 00:00:00,30.0,
1419,26038,2026-02-07 00:00:00,23.0,
1420,26040,2026-02-07 00:00:00,26.0,
1421,26041,2026-02-07 00:00:00,25.0,
1422,26042,2026-02-21 00:00:00,30.0,
1423,26044,2026-02-21 00:00:00,27.0,
1424,26045,2026-02-21 00:00:00,22.0,
1425,26051,2026-02-21 00:00:00,22.0,
1426,26052,2026-02-21 00:00:00,26.0,
1427,26054,2026-02-21 00:00:00,32.0,
1428,26057,2026-02-21 00:00:00,27.0,
1429,26058,2026-02-21 00:00:00,26.0,
1430,26059,2026-02-21 00:00:00,25.0,
1431,26060,2026-02-21 00:00:00,32.0,
1432,26062,2026-02-21 00:00:00,28.0,
1433,26064,2026-02-21 00:00:00,27.0,
1434,26047,2026-02-25 00:00:00,33.0,
1435,26049,2026-02-25 00:00:00,32.0,
1436,26050,2026-02-25 00:00:00,35.0,
1437,26053,2026-02-25 00:00:00,32.0,
1438,26055,2026-02-25 00:00:00,26.0,
1439,26063,2026-02-25 00:00:00,29.0,
1440,26065,2026-02-25 00:00:00,30.0,
1441,26066,2026-02-25 00:00:00,26.0,
1442,26067,2026-02-25 00:00:00,31.0,
1443,26068,2026-02-25 00:00:00,32.0,
1444,26069,2026-02-25 00:00:00,26.0,
1445,26072,2026-02-25 00:00:00,26.0,
1446,26043,2026-02-07 00:00:00,23.0,
1447,26061,2026-02-21 00:00:00,23.0,
1448,26073,2026-03-04 00:00:00,28.0,
1449,26074,2026-03-04 00:00:00,24.0,
1450,26075,2026-03-04 00:00:00,29.0,
1451,26076,2026-03-04 00:00:00,26.0,
1452,26077,2026-03-04 00:00:00,40.0,
1459,26079,2026-03-11 00:00:00,31.0,
1460,26071,2026-03-19 00:00:00,24.0,sarahys/Jonier
1461,26080,2026-03-19 00:00:00,28.0,sarahys/Jonier
1462,26081,2026-03-19 00:00:00,25.0,sarahys/Jonier
1463,26082,2026-03-19 00:00:00,27.0,sarahys/Jonier
1464,26084,2026-03-19 00:00:00,21.0,sarahys/Jonier
1465,26085,2026-03-19 00:00:00,16.0,sarahys/Jonier
1466,26086,2026-03-19 00:00:00,15.0,sarahys/Jonier
1467,26083,2026-03-27 00:00:00,25.0,Sarahys
1468,26087,2026-03-27 00:00:00,28.0,Sarahys
1469,26088,2026-03-27 00:00:00,29.0,Sarahys
1470,26090,2026-03-27 00:00:00,37.0,Sarahys
1471,26091,2026-03-27 00:00:00,32.0,Sarahys
1472,26093,2026-03-27 00:00:00,26.0,Sarahys
1473,26094,2026-03-27 00:00:00,33.0,Sarahys
1474,26095,2026-03-27 00:00:00,27.0,Sarahys
1475,26096,2026-03-27 00:00:00,32.0,Sarahys
1476,26098,2026-03-27 00:00:00,26.0,Sarahys
1477,26101,2026-04-06 00:00:00,20.0,Carlos
1478,26102,2026-04-11 00:00:00,36.0,Sarahys/ Nixon
1479,26103,2026-04-11 00:00:00,24.0,Sarahys/ Nixon
1480,26104,2026-04-11 00:00:00,29.0,Sarahys/ Nixon
1481,26105,2026-04-11 00:00:00,27.0,Sarahys/ Nixon
1482,26106,2026-04-11 00:00:00,22.0,Sarahys/ Nixon
1483,26108,2026-04-11 00:00:00,42.0,Sarahys/ Nixon
1484,26092,2026-04-14 00:00:00,34.0,Sarahys/ anderson
1485,26111,2026-04-14 00:00:00,20.0,Sarahys/ anderson
1486,26100,2026-04-14 00:00:00,29.0,Sarahys/ anderson
1487,26107,2026-04-14 00:00:00,27.0,Sarahys/ anderson
1489,26097,2026-04-24 00:00:00,,Sarahys Anderson
1490,26110,2026-04-24 00:00:00,26.0,Sarahys Anderson
1491,26112,2026-04-24 00:00:00,25.0,Sarahys Anderson
1492,26113,2026-04-24 00:00:00,26.0,Sarahys Anderson
1493,26115,2026-04-24 00:00:00,24.0,Sarahys Anderson
1494,26116,2026-04-24 00:00:00,24.0,Sarahys Anderson
1495,26118,2026-04-24 00:00:00,28.0,Sarahys Anderson
1496,26119,2026-04-24 00:00:00,20.0,Sarahys Anderson
1497,26120,2026-04-24 00:00:00,29.0,Sarahys Anderson
1498,26121,2026-04-24 00:00:00,24.0,Sarahys Anderson
1499,26122,2026-04-24 00:00:00,20.0,Sarahys Anderson
1500,26123,2026-04-24 00:00:00,22.0,Sarahys Anderson
1501,26124,2026-04-24 00:00:00,28.0,Sarahys Anderson
1502,26109,2026-05-02 00:00:00,32.0,Sarahys/Carlos
1503,26125,2026-05-02 00:00:00,26.0,Sarahys/Carlos
1504,26127,2026-05-02 00:00:00,30.0,Sarahys/Carlos
1505,26128,2026-05-02 00:00:00,28.0,Sarahys/Carlos
1506,26129,2026-05-02 00:00:00,28.0,Sarahys/Carlos
1507,26119,2026-05-02 00:00:00,35.0,Sarahys/Carlos
1508,26114,2026-05-02 00:00:00,31.0,Pozuelo
1509,26126,2026-05-08 00:00:00,28.0,Sarahys -Ismael
1510,26130,2026-05-08 00:00:00,28.0,Sarahys -Ismael
1511,26131,2026-05-08 00:00:00,27.0,Sarahys -Ismael
1512,26132,2026-05-08 00:00:00,39.0,Sarahys -Ismael
1513,26133,2026-05-08 00:00:00,36.0,Sarahys -Ismael
1514,26134,2026-05-08 00:00:00,19.0,Sarahys -Ismael
1515,26135,2026-05-08 00:00:00,14.0,Sarahys -Ismael
1516,26136,2026-05-08 00:00:00,26.0,Sarahys -Ismael
1517,26137,2026-05-08 00:00:00,28.0,Sarahys -Ismael
1518,26138,2026-05-08 00:00:00,29.0,Sarahys -Ismael
1519,26139,2026-05-13 00:00:00,34.0,sarahys-Ismael
1520,26142,2026-05-13 00:00:00,19.0,sarahys-Ismael
1521,26143,2026-05-13 00:00:00,29.0,sarahys-Ismael
1522,26144,2026-05-13 00:00:00,23.0,sarahys-Ismael
1524,26141,2026-06-02 00:00:00,30.0,Sarahys
1525,26145,2026-05-30 00:00:00,29.0,Jose/Alberto
1526,26146,2026-05-30 00:00:00,38.0,Jose/Alberto
1527,26147,2026-06-02 00:00:00,35.0,Sarahys
1528,26148,2026-05-30 00:00:00,14.0,Jose/Alberto
1529,26149,2026-06-02 00:00:00,29.0,Sarahys
1530,26150,2026-05-30 00:00:00,32.0,Jose/Alberto
1531,26151,2026-05-30 00:00:00,33.0,Jose/Alberto
1532,26152,2026-05-30 00:00:00,26.0,Jose/Alberto
1533,26153,2026-05-30 00:00:00,27.0,Jose/Alberto
1534,26154,2026-05-30 00:00:00,27.0,Jose/Alberto
1535,26155,2026-05-30 00:00:00,35.0,Jose/Alberto
1536,26158,2026-05-30 00:00:00,30.0,Jose/Alberto
1537,26157,2026-06-02 00:00:00,29.0,Sarahys
1538,26161,2026-06-02 00:00:00,21.0,Sarahys
1539,26162,2026-06-02 00:00:00,31.0,Sarahys
1540,26140,2026-06-04 00:00:00,23.0,Sarahys/Juan
1541,26159,2026-06-02 00:00:00,40.0,Sarahys/Juan
1542,26160,2026-06-04 00:00:00,23.0,Sarahys/Juan
1543,26163,2026-06-04 00:00:00,33.0,Sarahys/Juan
1544,26164,2026-06-04 00:00:00,29.0,Sarahys/Juan
1545,26165,2026-06-04 00:00:00,28.0,Sarahys/Juan
1546,26166,2026-06-04 00:00:00,26.0,Sarahys/Juan
1547,26167,2026-06-04 00:00:00,24.0,Sarahys/Juan
1548,26168,2026-06-04 00:00:00,34.0,Sarahys/Juan
1549,26174,2026-06-20 00:00:00,29.0,Sarahys/juan
1550,26169,2026-06-16 00:00:00,23.0,Sarahys/Sarahys
1551,26171,2026-06-20 00:00:00,33.0,Sarahys/juan
1552,26172,2026-06-20 00:00:00,28.0,Sarahys/juan
1553,26173,2026-06-20 00:00:00,33.0,Sarahys/juan
1554,26170,2026-06-20 00:00:00,21.0,Sarahys/juan
1555,26176,2026-07-01 00:00:00,,Marcel
1556,26177,2026-07-01 00:00:00,,Marcel
1557,26182,2026-08-11 00:00:00,29.0,SARAHYS/DENINSON
1558,26183,2026-08-11 00:00:00,26.0,SARAHYS/DENINSON
1559,26184,2026-08-11 00:00:00,23.0,SARAHYS/DENINSON
1560,26185,2026-08-11 00:00:00,30.0,SARAHYS/DENINSON
1561,26186,2026-08-11 00:00:00,29.0,SARAHYS/DENINSON
1562,26190,2026-08-11 00:00:00,22.0,SARAHYS/DENINSON
1563,26187,2026-08-11 00:00:00,44.0,SARAHYS/DENINSON
1564,26188,2026-08-11 00:00:00,39.0,SARAHYS/DENINSON
1565,26189,2026-08-11 00:00:00,37.0,SARAHYS/DENINSON
1566,26181,2026-08-12 00:00:00,,Sarahys
1567,26191,2026-08-21 00:00:00,36.0,Marcel/Pozuelo
1568,26192,2026-08-21 00:00:00,30.0,Marcel/Pozuelo
1569,26195,2026-09-09 00:00:00,27.0,Camilo/Anderson
1570,26196,2026-09-09 00:00:00,28.0,Camilo/Anderson
1571,26197,2026-09-09 00:00:00,24.0,Camilo/Anderson
1572,26199,2026-09-09 00:00:00,27.0,Camilo/Anderson
1573,26200,2026-09-22 00:00:00,28.0,Jose M y Deninson
1574,26204,2026-09-22 00:00:00,24.0,Jose M y Deninson
1575,26205,2026-09-22 00:00:00,25.0,Jose M y Deninson
1576,26206,2026-09-30 00:00:00,,Sarahys D
1577,26207,2026-09-22 00:00:00,35.0,Jose M y Deninson
1578,26210,2026-09-22 00:00:00,31.0,Jose M y Deninson
1579,26211,2026-09-22 00:00:00,40.0,Jose M y Deninson
1580,26212,2026-09-22 00:00:00,25.0,Jose M y Deninson
