id_animal,fecha,tipo,obs
0211,2025-08-21 00:00:00,En Pie,
0224,2025-08-21 00:00:00,En Pie,
20,2025-08-21 00:00:00,En Pie,
5013,2025-08-21 00:00:00,En Pie,
7076,2025-08-21 00:00:00,En Pie,
80841,2025-08-21 00:00:00,En Pie,
9045,2025-08-21 00:00:00,En Pie,
9047,2025-08-21 00:00:00,En Pie,
9192,2025-08-21 00:00:00,En Pie,
9219,2025-08-21 00:00:00,En Pie,
EMB 3,2025-08-21 00:00:00,En Pie,
J8705,2025-08-21 00:00:00,En Pie,
MSN1,2025-03-11 00:00:00,En Pie,
1007,2025-03-11 00:00:00,En Pie,
9136A,2025-03-11 00:00:00,En Pie,
0345,2025-03-11 00:00:00,En Pie,
MSN4,2025-03-11 00:00:00,En Pie,
0109,2025-03-10 00:00:00,En Pie,
0094,2025-03-10 00:00:00,En Pie,
0219,2025-03-10 00:00:00,En Pie,
1212,2025-03-10 00:00:00,En Pie,
MSN8,2025-03-10 00:00:00,En Pie,
MSN2,2025-03-10 00:00:00,En Pie,
0279,2025-03-10 00:00:00,En Pie,
1037,2025-03-10 00:00:00,En Pie,
1238,2025-03-10 00:00:00,En Pie,
1092,2025-03-10 00:00:00,En Pie,
1336,2025-03-10 00:00:00,En Pie,
1052,2025-03-10 00:00:00,En Pie,
1047,2025-03-10 00:00:00,En Pie,
1139,2025-03-10 00:00:00,En Pie,
1187,2025-03-10 00:00:00,En Pie,
8016,2025-01-22 00:00:00,En Pie,
8040,2025-01-22 00:00:00,En Pie,
5111,2025-01-19 00:00:00,En Pie,
9136,2025-01-19 00:00:00,En Pie,
05,2024-12-26 00:00:00,En Pie,
2013,2024-12-26 00:00:00,En Pie,
2051,2024-12-26 00:00:00,En Pie,
3038A,2024-12-26 00:00:00,En Pie,
3093,2024-12-26 00:00:00,En Pie,
32,2024-12-26 00:00:00,En Pie,
5010,2024-12-26 00:00:00,En Pie,
7021,2024-12-26 00:00:00,En Pie,
7049,2024-12-26 00:00:00,En Pie,
8338,2024-12-26 00:00:00,En Pie,
9042,2024-12-26 00:00:00,En Pie,
S/NH,2024-12-26 00:00:00,En Pie,
2025A,2024-12-23 00:00:00,En Pie,
406,2024-12-23 00:00:00,En Pie,
5027,2024-12-23 00:00:00,En Pie,
5035,2024-12-23 00:00:00,En Pie,
5043,2024-12-23 00:00:00,En Pie,
7004,2024-12-23 00:00:00,En Pie,
8020,2024-12-23 00:00:00,En Pie,
8057,2024-12-23 00:00:00,En Pie,
8066,2024-12-23 00:00:00,En Pie,
4025,2024-12-23 00:00:00,En Pie,
TORO2,2024-12-23 00:00:00,En Pie,
TORO3,2024-12-23 00:00:00,En Pie,
TORO4,2024-12-23 00:00:00,En Pie,
2340,2024-12-23 00:00:00,En Pie,
2093A,2024-12-09 00:00:00,En Pie,
2079,2024-12-09 00:00:00,En Pie,
2150,2024-12-09 00:00:00,En Pie,
4043,2024-12-09 00:00:00,En Pie,
4143,2024-12-09 00:00:00,En Pie,
6017,2024-12-09 00:00:00,En Pie,
8003,2024-12-09 00:00:00,En Pie,
8007,2024-12-09 00:00:00,En Pie,
8015,2024-12-09 00:00:00,En Pie,
8032,2024-12-09 00:00:00,En Pie,
80921,2024-12-09 00:00:00,En Pie,
89,2024-12-09 00:00:00,En Pie,
9064,2024-12-09 00:00:00,En Pie,
S/NB,2024-12-09 00:00:00,En Pie,
S/NC,2024-12-09 00:00:00,En Pie,
BU305,2024-12-09 00:00:00,En Pie,
BU307,2024-12-09 00:00:00,En Pie,
BU3,2024-12-09 00:00:00,En Pie,
BU010,2024-12-09 00:00:00,En Pie,
BU007,2024-12-09 00:00:00,En Pie,
BU011,2024-12-09 00:00:00,En Pie,
BU014,2024-12-09 00:00:00,En Pie,
BU001,2024-12-09 00:00:00,En Pie,
BU008,2024-12-09 00:00:00,En Pie,
7052,2024-11-04 00:00:00,En Pie,
0225,2024-11-04 00:00:00,En Pie,
9128A,2024-11-04 00:00:00,En Pie,
0102,2024-11-04 00:00:00,En Pie,
0108,2024-11-04 00:00:00,En Pie,
0215A,2024-11-04 00:00:00,En Pie,
9118,2024-11-04 00:00:00,En Pie,
2702,2024-11-04 00:00:00,En Pie,
8039,2024-11-04 00:00:00,En Pie,
0340A,2024-11-04 00:00:00,En Pie,
1098,2024-11-04 00:00:00,En Pie,
pend38,2024-08-02 00:00:00,En Pie,
BU085,2026-02-07 00:00:00,En Canales,
BU319,2026-02-07 00:00:00,En Canales,
BU01251,2026-01-24 00:00:00,En Canales,
BU056,2026-01-24 00:00:00,En Canales,
BU084,2026-01-24 00:00:00,En Canales,
25236,2026-08-13 00:00:00,En Pie,"se le entrego a Carlos ""quesero"" hijo de pepa"
