Archivo origen,CSV generado,Estado,Detalle
CALIDANI.DAT,CALIDANI.csv,OK,3 registros
CONDCORP.DAT,CONDCORP.csv,OK,9 registros
CUADRA.DAT,CUADRA.csv,OK,1 registros
CUENTAS.DAT,CUENTAS.csv,OK,1 registros
EMPLEADO.DAT,EMPLEADO.csv,OK,0 registros
GRPCTA.DAT,GRPCTA.csv,OK,0 registros
HISTCOMEN.DAT,HISTCOMEN.csv,OK,0 registros
HISTCORP.DAT,HISTCORP.csv,OK,1 registros
HISTREUB.DAT,HISTREUB.csv,OK,2 registros
INGVAC.DAT,INGVAC.csv,OK,0 registros
LOTE.DAT,LOTE.csv,OK,1 registros
MOTMTE.DAT,MOTMTE.csv,OK,5 registros
MOTVTA.DAT,MOTVTA.csv,OK,4 registros
MOVCTA.DAT,MOVCTA.csv,OK,1 registros
PAGOSNOM.DAT,PAGOSNOM.csv,OK,0 registros
PALPCNES.DAT,PALPCNES.csv,OK,0 registros
PARTOS.DAT,PARTOS.csv,OK,0 registros
PESO.DAT,PESO.csv,OK,0 registros
POTRERO.DAT,POTRERO.csv,OK,2 registros
PRDCCION.DAT,PRDCCION.csv,OK,0 registros
PROBPAL.DAT,PROBPAL.csv,OK,12 registros
PROCEDE.DAT,PROCEDE.csv,OK,0 registros
PROVEED.DAT,PROVEED.csv,OK,0 registros
RAZAS.DAT,RAZAS.csv,OK,20 registros
REGVAC.DAT,REGVAC.csv,OK,0 registros
REUGRU.DAT,REUGRU.csv,OK,1 registros
REVVET.DAT,REVVET.csv,OK,1 registros
RPRO.DAT,RPRO.csv,OK,0 registros
SECTOR.DAT,SECTOR.csv,OK,2 registros
SEMVTE.DAT,SEMVTE.csv,OK,5 registros
SERVICIO.DAT,SERVICIO.csv,OK,1 registros
SETUP.DAT,SETUP.csv,OK,1 registros
SETUP.txt.DAT,SETUP.txt.csv,OK,1 registros
TAREAS.DAT,TAREAS.csv,OK,0 registros
TIPOEXP.DAT,TIPOEXP.csv,OK,4 registros
VACGRU.DAT,VACGRU.csv,OK,0 registros
VACUNAS.DAT,VACUNAS.csv,OK,0 registros
VTADESTI.DAT,VTADESTI.csv,OK,0 registros
